food_id,source_food_code,source_index,canonical_name,normalized_name,ingredient_name,normalized_ingredient_name,food_group,processing_state,source_name,source_version,food_type,active,is_recommendation_candidate,representative_method,variant_count,nutrition_data_quality,trace_nutrients,qualified_nutrients,calories_kcal,carbohydrate_g,protein_g,fat_g,fiber_g,sodium_mg,calcium_mg,iron_mg,potassium_mg,vitamin_a_mcg_rae,vitamin_c_mg
fe0f8f6f-3e10-5ac0-b234-af43dc1aa0ee,A001001A010a,1,"귀리, 겉귀리, 도정, 생것","귀리,겉귀리,도정,생것",귀리,귀리,곡류 및 그 제품,생것,농진청('21),10.4,INGREDIENT,1,0,,9,MEASURED,[],[],388,68.03,9.88,8.84,7.6,3,52,5.3,423,0,0
a25d731a-d4cd-50c4-b352-6d61efd34698,A001002A010a,2,"귀리, 쌀귀리, 도정, 생것","귀리,쌀귀리,도정,생것",귀리,귀리,곡류 및 그 제품,생것,농진청('20),10.4,INGREDIENT,1,1,NUTRITION_MEDOID_RAW,9,MEASURED,[],[],388,66.66,11.14,8.9,8.1,1,61,4.31,405,0,0
3e9d368c-48b8-55e3-b32c-ff690aee0daa,A001003A010a,3,"귀리, 쌀귀리, 대양, 도정, 생것","귀리,쌀귀리,대양,도정,생것",귀리,귀리,곡류 및 그 제품,생것,농진청('20),10.4,INGREDIENT,1,0,,9,MEASURED,[],[],386,66.1,11.51,8.78,7.8,2,59,4.25,428,0,0
540fa105-2cd8-5aa5-8a9f-ebdbb82e8fe5,A001004A010a,4,"귀리, 쌀귀리, 조양, 도정, 생것","귀리,쌀귀리,조양,도정,생것",귀리,귀리,곡류 및 그 제품,생것,농진청('20),10.4,INGREDIENT,1,0,,9,MEASURED,[],[],390,67.23,10.78,9.01,8.4,1,63,4.37,383,0,0
8da162c9-7ea6-56fd-a48d-9ff8e53776bd,A0490000009a,5,"귀리, 쌀귀리, 도정, 밥","귀리,쌀귀리,도정,밥",귀리,귀리,곡류 및 그 제품,,농진청('20),10.4,INGREDIENT,1,0,,9,MEASURED,[],[],218,36.53,6.51,5.36,3.9,1,34,2.46,212,0,0
1090ada4-0f57-5cef-8ea6-e08311fe26f6,A0490010009a,6,"귀리, 쌀귀리, 대양, 도정, 밥","귀리,쌀귀리,대양,도정,밥",귀리,귀리,곡류 및 그 제품,,농진청('20),10.4,INGREDIENT,1,0,,9,MEASURED,[],[],215,36.09,6.71,5.13,4,1,32,2.4,225,0,0
a22cfd2d-cf00-5c8a-adda-b1b165498cc5,A0490020009a,7,"귀리, 쌀귀리, 조양, 도정, 밥","귀리,쌀귀리,조양,도정,밥",귀리,귀리,곡류 및 그 제품,,농진청('20),10.4,INGREDIENT,1,0,,9,MEASURED,[],[],221,36.98,6.31,5.59,3.8,0,35,2.52,200,0,0
cceda30e-d23f-528b-af3d-68e837c73245,A0020000009a,8,"귀리, 오트밀","귀리,오트밀",귀리,귀리,곡류 및 그 제품,,농진청('11),10.4,INGREDIENT,1,0,,9,PARTIAL,[],[],382,64.9,13.2,8.2,18.8,4,60,5.8,383,0,
1932dfae-4158-5e66-82ef-a4f1a8092e75,A003000A010a,9,"기장, 도정, 생것","기장,도정,생것",기장,기장,곡류 및 그 제품,생것,농진청('06),10.4,INGREDIENT,1,0,,6,PARTIAL,[],[],360,74.6,11.2,1.9,,6,15,2.8,233,0,0
0e061d24-9264-5ecf-94e7-15d270ca5e0a,A003001A010a,10,"기장, 찰기장, 도정, 생것","기장,찰기장,도정,생것",기장,기장,곡류 및 그 제품,생것,농진청('23),10.4,INGREDIENT,1,0,,6,MEASURED,[],[],371,70,13.41,3.69,4.4,4,19,4.57,288,0,0
4ddae551-92c9-557b-8b34-84fe50af2b6e,A003002A010a,11,"기장, 찰기장, 이백찰, 도정, 생것","기장,찰기장,이백찰,도정,생것",기장,기장,곡류 및 그 제품,생것,농진청('19),10.4,INGREDIENT,1,0,,6,MEASURED,[],[],373,69.49,13.72,4.03,4.4,4,27,5.81,366,0,0
3eeedd51-643a-560d-b3a5-e374ed33a3ba,A003003A010a,12,"기장, 찰기장, 한라찰, 도정, 생것","기장,찰기장,한라찰,도정,생것",기장,기장,곡류 및 그 제품,생것,농진청('19),10.4,INGREDIENT,1,0,,6,MEASURED,[],[],373,69.78,12.8,4.35,4.4,7,26,5.46,328,0,0
72478133-3f87-5f45-b578-feb916e0f415,A003004A010a,13,"기장, 찰기장, 황실찰, 도정, 생것","기장,찰기장,황실찰,도정,생것",기장,기장,곡류 및 그 제품,생것,농진청('19),10.4,INGREDIENT,1,1,NUTRITION_MEDOID_RAW,6,MEASURED,[],[],368,67.42,15.55,3.62,4.4,7,23,5.14,307,0,0
71264b0f-cb1e-5d09-8dbc-fc80f735330b,A004000A010a,14,"메밀, 도정, 생것","메밀,도정,생것",메밀,메밀,곡류 및 그 제품,생것,농진청('14),10.4,INGREDIENT,1,1,NUTRITION_MEDOID_RAW,3,MEASURED,[],[],363,67.84,13.64,3.38,6.3,1,21,2.78,444,1,0
9a379eeb-fa40-5822-8a8b-fb4318d3a8f3,A004000A015a,15,"메밀, 도정, 가루","메밀,도정,가루",메밀,메밀,곡류 및 그 제품,,농진청('14),10.4,INGREDIENT,1,0,,3,MEASURED,[],[],374,71.36,12.96,3.29,8.5,1,17,2.92,432,1,0
5d45aa4d-fbd0-59ac-b834-6eac3fdec9a7,A0050000000a,16,"메밀 국수, 생것","메밀 국수,생것",메밀 국수,메밀국수,곡류 및 그 제품,생것,농진청('14),10.4,INGREDIENT,1,0,,4,MEASURED,[],[],291,61.14,7.59,0.96,1.9,455,13,0.59,116,0,0
db1ce90f-8555-5695-a7b2-1f3611ffeaa2,A0050000000b,17,"메밀 국수, 생것, 삶은것","메밀 국수,생것,삶은것",메밀 국수,메밀국수,곡류 및 그 제품,삶은것,농진청('14),10.4,INGREDIENT,1,0,,4,MEASURED,[],[],124,25.73,3.54,0.44,1.7000000000000002,38,7,0.28,7,1,0
8aa324d7-8247-5d54-bf61-befd78ad42ae,A0050000001a,18,"메밀 국수, 말린것","메밀 국수,말린것",메밀 국수,메밀국수,곡류 및 그 제품,말린것,농진청('14),10.4,INGREDIENT,1,0,,4,MEASURED,[],[],372,74.41,13.58,1.27,4.6,707,28,2.54,198,0,1.07
35a59c69-8547-5ab1-bfed-f3fb7733c4c1,A0050000001b,19,"메밀 국수, 말린것, 삶은것","메밀 국수,말린것,삶은것",메밀 국수,메밀국수,곡류 및 그 제품,삶은것,농진청('14),10.4,INGREDIENT,1,0,,4,MEASURED,[],[],114,22.65,4.28,0.4,1.5,35,12,0.87,9,0,0.18
ee2dce0e-e2ca-5349-b744-e5897051908e,A0060000001a,20,"메밀 냉면, 말린것","메밀 냉면,말린것",메밀 냉면,메밀냉면,곡류 및 그 제품,말린것,농진청('14),10.4,INGREDIENT,1,0,,2,MEASURED,[],[],360,73.66,10.74,1.44,3.2,628,27,1.36,176,0,0
7f737571-1e1b-5a02-9416-8678c8654ff3,A0060000001b,21,"메밀 냉면, 말린것, 삶은것","메밀 냉면,말린것,삶은것",메밀 냉면,메밀냉면,곡류 및 그 제품,삶은것,농진청('14),10.4,INGREDIENT,1,0,,2,MEASURED,[],[],141,28.71,4.22,0.59,1.4,68,18,0.56,17,0,0
304d4318-5335-5cdd-95f6-b2fd681f77bd,A0070000000a,22,메밀묵,메밀묵,메밀묵,메밀묵,곡류 및 그 제품,,농진청('22),10.4,INGREDIENT,1,1,EXACT_BASE_NAME,2,MEASURED,[],[],54,11.77,1.11,0.41,1.2,132,8,0.9,48,0,0
c763c82f-f9df-57de-9018-27ea0d06b80f,A0070000005a,23,"메밀묵, 가루","메밀묵,가루",메밀묵,메밀묵,곡류 및 그 제품,,농진청('14),10.4,INGREDIENT,1,0,,2,MEASURED,[],[],371,77.4,8.33,2.04,4.1,2,21,1.84,287,1,0.34
56e308ba-7fe2-5ad5-b78f-4595e43630cc,A008000A030a,25,"멥쌀, 백미, 생것","멥쌀,백미,생것",멥쌀,멥쌀,곡류 및 그 제품,생것,대푯값,10.4,INGREDIENT,1,0,,109,MEASURED,[],[],366,79,6.38,1.06,0.5,2,7,0.25,84,0,0
67170ff2-77b6-5162-9169-b7404d4e0d40,A008002A030a,26,"멥쌀, 백미, 고아미2호, 생것","멥쌀,백미,고아미2호,생것",멥쌀,멥쌀,곡류 및 그 제품,생것,농진청('20),10.4,INGREDIENT,1,0,,109,MEASURED,[],[],363,75.61,7.1,2.04,6.5,1,13,0.71,170,0,0
75a6b9da-972d-52b8-83b5-114ef13f88ff,A008036A030a,27,"멥쌀, 백미, 골든퀸3호, 생것","멥쌀,백미,골든퀸3호,생것",멥쌀,멥쌀,곡류 및 그 제품,생것,농진청('15),10.4,INGREDIENT,1,0,,109,MEASURED,[],[],355,77.04,6.07,0.86,0.5,1,4,0.25,73,0,0
003e2d1f-031c-582f-b1f6-a4f22a6a9ebb,A008038A030a,28,"멥쌀, 백미, 금강1호, 생것","멥쌀,백미,금강1호,생것",멥쌀,멥쌀,곡류 및 그 제품,생것,농진청('19),10.4,INGREDIENT,1,0,,109,MEASURED,[],[],369,79.46,6.69,1.1,0.5,1,5,0.56,89,0,0
9a185157-6862-53f5-9b3e-5749b4906c1c,A008039A030a,29,"멥쌀, 백미, 남찬, 생것","멥쌀,백미,남찬,생것",멥쌀,멥쌀,곡류 및 그 제품,생것,농진청('19),10.4,INGREDIENT,1,0,,109,MEASURED,[],[],365,78.51,6.85,0.96,0.5,4,7,0.17,76,0,0
a082fc01-a6bc-57ff-a5e0-4f48aa24e84d,A008040A030a,30,"멥쌀, 백미, 도담쌀, 생것","멥쌀,백미,도담쌀,생것",멥쌀,멥쌀,곡류 및 그 제품,생것,농진청('20),10.4,INGREDIENT,1,0,,109,MEASURED,[],[],360,76.91,6.97,1.14,3.7,1,7,0.34,79,0,0
123c9d56-0a0b-541b-a467-1d06daf309ed,A008041A030a,31,"멥쌀, 백미, 미품, 생것","멥쌀,백미,미품,생것",멥쌀,멥쌀,곡류 및 그 제품,생것,농진청('20),10.4,INGREDIENT,1,0,,109,MEASURED,[],[],362,77.34,6.94,1.19,0.5,4,6,0.29,80,0,0
822b8b66-dd25-503e-83ef-e82880ab7fbf,A008042A030a,32,"멥쌀, 백미, 보람찬, 생것","멥쌀,백미,보람찬,생것",멥쌀,멥쌀,곡류 및 그 제품,생것,농진청('19),10.4,INGREDIENT,1,0,,109,MEASURED,[],[],368,79.96,6.26,0.84,0.5,4,8,0.15,76,0,0
1da98af8-b8f1-5122-9994-862bfc7d131d,A008043A030a,33,"멥쌀, 백미, 삼광, 생것","멥쌀,백미,삼광,생것",멥쌀,멥쌀,곡류 및 그 제품,생것,농진청('20),10.4,INGREDIENT,1,0,,109,MEASURED,[],[],367,79.71,6.31,0.9,0.5,1,7,0.2,89,0,0
e16cd6ec-ef09-54a4-9a06-6e374be53503,A008044A030a,34,"멥쌀, 백미, 새일미, 생것","멥쌀,백미,새일미,생것",멥쌀,멥쌀,곡류 및 그 제품,생것,농진청('20),10.4,INGREDIENT,1,0,,109,MEASURED,[],[],366,78.57,6.92,1.04,0.5,1,5,0.12,90,0,0
5324af02-199a-514d-a781-70ffd366758c,A008045A030a,36,"멥쌀, 백미, 설갱, 생것","멥쌀,백미,설갱,생것",멥쌀,멥쌀,곡류 및 그 제품,생것,농진청('20),10.4,INGREDIENT,1,0,,109,MEASURED,[],[],363,78.14,6.71,1.04,0.5,0,8,0.32,91,0,0
180aa793-6dcc-51f8-b992-1836b7a23299,A008046A030a,38,"멥쌀, 백미, 신동진, 생것","멥쌀,백미,신동진,생것",멥쌀,멥쌀,곡류 및 그 제품,생것,농진청('20),10.4,INGREDIENT,1,0,,109,MEASURED,[],[],361,78.01,6.06,1.09,0.5,1,4,0.07,72,0,0
02411af3-3078-5079-aa91-61f3c61a0ce3,A008047A030a,39,"멥쌀, 백미, 알찬미, 생것","멥쌀,백미,알찬미,생것",멥쌀,멥쌀,곡류 및 그 제품,생것,농진청('19),10.4,INGREDIENT,1,0,,109,MEASURED,[],[],373,80.81,6.02,1.12,0.5,2,8,0.27,97,0,0
0a10f113-bf91-5b1a-949e-0dfa51bdb648,A008048A030a,40,"멥쌀, 백미, 영호진미, 생것","멥쌀,백미,영호진미,생것",멥쌀,멥쌀,곡류 및 그 제품,생것,농진청('19),10.4,INGREDIENT,1,0,,109,MEASURED,[],[],369,80.33,5.72,1.08,0.5,3,8,0.25,92,0,0
d99d80bd-2a5b-5a00-9442-49ea92518f87,A008049A030a,41,"멥쌀, 백미, 예찬, 생것","멥쌀,백미,예찬,생것",멥쌀,멥쌀,곡류 및 그 제품,생것,농진청('19),10.4,INGREDIENT,1,0,,109,MEASURED,[],[],364,78.58,6.6,0.95,0.5,2,8,0.16,71,0,0
d1553fee-8618-5a61-aaad-d0d52e9e641c,A008050A030a,42,"멥쌀, 백미, 오대, 생것","멥쌀,백미,오대,생것",멥쌀,멥쌀,곡류 및 그 제품,생것,농진청('20),10.4,INGREDIENT,1,0,,109,MEASURED,[],[],371,80.21,6.63,0.93,0.5,1,7,0.38,92,0,0
afb69bf1-3035-5075-a29d-3e96a9d8129b,A008051A030a,43,"멥쌀, 백미, 운광, 생것","멥쌀,백미,운광,생것",멥쌀,멥쌀,곡류 및 그 제품,생것,농진청('20),10.4,INGREDIENT,1,0,,109,MEASURED,[],[],366,78.79,6.2,1.3,0.5,1,7,0.21,86,0,0
e83cf144-2aa3-5d0b-a99a-788c2b13e2b3,A008052A030a,45,"멥쌀, 백미, 일품, 생것","멥쌀,백미,일품,생것",멥쌀,멥쌀,곡류 및 그 제품,생것,농진청('20),10.4,INGREDIENT,1,0,,109,MEASURED,[],[],367,79.13,6.45,1.12,0.5,1,7,0.34,92,0,0
dc07a6cf-b057-5576-b74d-062518a7630f,A008024A030a,47,"멥쌀, 백미, 추청벼, 생것","멥쌀,백미,추청벼,생것",멥쌀,멥쌀,곡류 및 그 제품,생것,농진청('23),10.4,INGREDIENT,1,0,,109,MEASURED,[],[],360,77.63,6.42,1.03,0.5,1,5,0.26,77,0,0
bc6c8cd8-2001-597b-8110-64098963082c,A008053A030a,48,"멥쌀, 백미, 친들, 생것","멥쌀,백미,친들,생것",멥쌀,멥쌀,곡류 및 그 제품,생것,농진청('19),10.4,INGREDIENT,1,0,,109,MEASURED,[],[],365,78.83,6.43,1.02,0.5,4,6,0.32,76,0,0
282f1b35-9851-50dc-817e-936c14c3dc17,A008054A030a,51,"멥쌀, 백미, 팔방미, 생것","멥쌀,백미,팔방미,생것",멥쌀,멥쌀,곡류 및 그 제품,생것,농진청('20),10.4,INGREDIENT,1,0,,109,MEASURED,[],[],366,79.27,6.39,0.94,0.7,0,6,0.36,84,0,0
1788d1d5-8c1f-515b-9888-2af5a99ad1a2,A008030A030a,52,"멥쌀, 백미, 하이아미, 생것","멥쌀,백미,하이아미,생것",멥쌀,멥쌀,곡류 및 그 제품,생것,농진청('20),10.4,INGREDIENT,1,0,,109,MEASURED,[],[],368,79.27,6.54,1.05,0.5,0,7,0.3,88,0,0
4b5d9b07-023b-5e2e-92ca-9fde2fdb0ea5,A008055A030a,53,"멥쌀, 백미, 한가루, 생것","멥쌀,백미,한가루,생것",멥쌀,멥쌀,곡류 및 그 제품,생것,농진청('19),10.4,INGREDIENT,1,0,,109,MEASURED,[],[],373,80.63,6.51,1.05,0.5,2,8,0.37,103,0,0
5e83ef4c-5303-5e4a-8b96-2f622773b0d3,A008056A030a,54,"멥쌀, 백미, 한아름4호, 생것","멥쌀,백미,한아름4호,생것",멥쌀,멥쌀,곡류 및 그 제품,생것,농진청('19),10.4,INGREDIENT,1,0,,109,MEASURED,[],[],369,80.15,6.28,0.88,0.5,3,7,0.22,91,0,0
6865930a-54a2-52d2-b17b-d0f10d916516,A008057A030a,55,"멥쌀, 백미, 해담쌀, 생것","멥쌀,백미,해담쌀,생것",멥쌀,멥쌀,곡류 및 그 제품,생것,농진청('19),10.4,INGREDIENT,1,0,,109,MEASURED,[],[],372,79.95,6.65,1.22,0.5,3,7,0.36,90,0,0
1548c900-9b5a-5f93-b3ad-67344de98e0f,A008058A030a,56,"멥쌀, 백미, 해들, 생것","멥쌀,백미,해들,생것",멥쌀,멥쌀,곡류 및 그 제품,생것,농진청('20),10.4,INGREDIENT,1,0,,109,MEASURED,[],[],365,78.17,6.56,1.34,0.5,0,7,0.28,114,0,0
77839892-9055-5e5c-be13-58d9c78c0191,A008059A030a,57,"멥쌀, 백미, 해품, 생것","멥쌀,백미,해품,생것",멥쌀,멥쌀,곡류 및 그 제품,생것,농진청('20),10.4,INGREDIENT,1,0,,109,MEASURED,[],[],363,78.26,7,0.84,0.5,4,7,0.15,72,0,0
d3f9d383-3817-5f36-a4f7-970862dad2fc,A008037A030a,59,"멥쌀, 백미, 호품, 생것","멥쌀,백미,호품,생것",멥쌀,멥쌀,곡류 및 그 제품,생것,농진청('15),10.4,INGREDIENT,1,0,,109,MEASURED,[],[],355,77.04,5.91,0.91,0.5,1,4,0.18,71,0,0
c753522c-9f91-5059-8451-f687525e17b4,A008035A030a,60,"멥쌀, 백미, 히토메보레, 생것","멥쌀,백미,히토메보레,생것",멥쌀,멥쌀,곡류 및 그 제품,생것,농진청('11),10.4,INGREDIENT,1,0,,109,MEASURED,[],[],364,80,6.5,0.3,4.6,3,7,0.5,76,0,0
0910e68a-7bd6-57a9-87f8-d6442518567a,A013000A039a,62,"멥쌀, 백미, 밥","멥쌀,백미,밥",멥쌀,멥쌀,곡류 및 그 제품,,농진청('25),10.4,INGREDIENT,1,0,,109,MEASURED,[],[],152,32.86,2.61,0.38,0.2,1,3,0.06,21,0,0
6e13b8cd-946b-537a-96ef-15387e779bf4,A013007A039a,65,"멥쌀, 백미, 삼광, 밥","멥쌀,백미,삼광,밥",멥쌀,멥쌀,곡류 및 그 제품,,농진청('20),10.4,INGREDIENT,1,0,,109,MEASURED,[],[],146,31.68,2.52,0.33,0.3,0,2,0.02,20,0,0
9606a2f1-3d54-5dd4-98e8-4891cb5fb4c9,A013008A039a,66,"멥쌀, 백미, 새일미, 밥","멥쌀,백미,새일미,밥",멥쌀,멥쌀,곡류 및 그 제품,,농진청('20),10.4,INGREDIENT,1,0,,109,MEASURED,[],[],142,30.69,2.67,0.25,0.3,0,1,0.05,17,0,0
353024f8-a288-57a2-87eb-3c83f67c3c2a,A013009A039a,69,"멥쌀, 백미, 신동진, 밥","멥쌀,백미,신동진,밥",멥쌀,멥쌀,곡류 및 그 제품,,농진청('20),10.4,INGREDIENT,1,0,,109,MEASURED,[],[],147,32.17,2.53,0.28,0.3,0,1,0.03,16,0,0
15ac6f96-0dc0-5395-abac-56226c04087e,A013010A039a,70,"멥쌀, 백미, 오대, 밥","멥쌀,백미,오대,밥",멥쌀,멥쌀,곡류 및 그 제품,,농진청('20),10.4,INGREDIENT,1,0,,109,MEASURED,[],[],151,32.45,2.68,0.44,0.3,0,2,0.06,25,0,0
b1f6db32-99eb-5c9d-ae15-7f74fa98b3bd,A013006A039a,72,"멥쌀, 백미, 추청벼, 밥","멥쌀,백미,추청벼,밥",멥쌀,멥쌀,곡류 및 그 제품,,농진청('23),10.4,INGREDIENT,1,0,,109,MEASURED,[],[],152,33,2.59,0.34,0.3,1,2,0.09,20,0,0
3926610e-89f4-58a9-8512-1b0aab29ccb5,A015000A039a,73,"멥쌀, 백미, 죽","멥쌀,백미,죽",멥쌀,멥쌀,곡류 및 그 제품,,농진청('20),10.4,INGREDIENT,1,0,,109,MEASURED,[],[],53,11.45,0.99,0.15,0,0,0,0,6,0,0
27e1dcce-731f-5d5e-9b47-8a7d6ddf71a7,A015002A039a,74,"멥쌀, 백미, 삼광, 죽","멥쌀,백미,삼광,죽",멥쌀,멥쌀,곡류 및 그 제품,,농진청('20),10.4,INGREDIENT,1,0,,109,MEASURED,[],[],53,11.51,0.89,0.1,0,0,1,0,6,0,0
b001db7a-9df2-5d53-a8bc-fac8f0d34ed5,A015003A039a,75,"멥쌀, 백미, 새일미, 죽","멥쌀,백미,새일미,죽",멥쌀,멥쌀,곡류 및 그 제품,,농진청('20),10.4,INGREDIENT,1,0,,109,MEASURED,[],[],55,11.72,1.09,0.17,0,0,0,0,6,0,0
8f3b38ee-ac54-5caa-8546-1bbcb4cc677f,A015004A039a,76,"멥쌀, 백미, 신동진, 죽","멥쌀,백미,신동진,죽",멥쌀,멥쌀,곡류 및 그 제품,,농진청('20),10.4,INGREDIENT,1,0,,109,MEASURED,[],[],53,11.42,0.96,0.15,0,0,1,0,5,0,0
2b518dc2-4c26-5170-982a-8a810746225f,A015005A039a,77,"멥쌀, 백미, 오대, 죽","멥쌀,백미,오대,죽",멥쌀,멥쌀,곡류 및 그 제품,,농진청('20),10.4,INGREDIENT,1,0,,109,MEASURED,[],[],52,11.16,1.02,0.18,0,0,0,0,7,0,0
2d286a3a-87a5-5e6c-8362-7981f50c3218,A012000A039a,78,"멥쌀, 백미, 미음","멥쌀,백미,미음",멥쌀,멥쌀,곡류 및 그 제품,,JAPAN('20),10.4,INGREDIENT,1,0,,109,QUALIFIED,"[""fiber_g"",""sodium_mg"",""calcium_mg"",""iron_mg""]","[""carbohydrate_g"",""protein_g"",""fiber_g"",""sodium_mg"",""calcium_mg"",""iron_mg"",""potassium_mg"",""vitamin_a_mcg_rae"",""vitamin_c_mg""]",19,4.7,0.3,0,0,0,0,0,4,0,0
de39fcbd-3e40-56e0-916c-572237c3fd3c,A008000A035a,79,"멥쌀, 백미, 가루","멥쌀,백미,가루",멥쌀,멥쌀,곡류 및 그 제품,,농진청('21),10.4,INGREDIENT,1,0,,109,MEASURED,[],[],378,81.07,7.24,1.07,0.6,2,7,0.22,91,0,0
c1dffc85-2231-5f57-9dda-cef9cda94d8a,A008000A050a,80,"멥쌀, 칠분도미, 생것","멥쌀,칠분도미,생것",멥쌀,멥쌀,곡류 및 그 제품,생것,JAPAN('20),10.4,INGREDIENT,1,0,,109,QUALIFIED,[],"[""vitamin_a_mcg_rae"",""vitamin_c_mg""]",348,76.6,6.3,1.5,0.9,1,6,1.3,120,0,0
7397eed6-6c1f-5c80-b256-8d99337079af,A013000A059a,83,"멥쌀, 칠분도미, 밥","멥쌀,칠분도미,밥",멥쌀,멥쌀,곡류 및 그 제품,,JAPAN('20),10.4,INGREDIENT,1,0,,109,QUALIFIED,[],"[""vitamin_a_mcg_rae"",""vitamin_c_mg""]",160,36.7,2.6,0.5,0.5,1,4,0.2,35,0,0
c5835229-79bd-5d22-84ba-bf9f815e8819,A0150010009a,86,"멥쌀, 칠분도미, 죽","멥쌀,칠분도미,죽",멥쌀,멥쌀,곡류 및 그 제품,,JAPAN('20),10.4,INGREDIENT,1,0,,109,QUALIFIED,"[""sodium_mg""]","[""carbohydrate_g"",""protein_g"",""fat_g"",""fiber_g"",""sodium_mg"",""calcium_mg"",""iron_mg"",""potassium_mg"",""vitamin_a_mcg_rae"",""vitamin_c_mg""]",68,15.6,1.1,0.2,0.2,0,2,0.1,15,0,0
0d90edc7-113b-5dc0-9c34-0c3c39cd5f18,A012000A059a,87,"멥쌀, 칠분도미, 미음","멥쌀,칠분도미,미음",멥쌀,멥쌀,곡류 및 그 제품,,JAPAN('20),10.4,INGREDIENT,1,0,,109,QUALIFIED,"[""fiber_g"",""sodium_mg"",""iron_mg""]","[""carbohydrate_g"",""protein_g"",""fat_g"",""fiber_g"",""sodium_mg"",""calcium_mg"",""iron_mg"",""potassium_mg"",""vitamin_a_mcg_rae"",""vitamin_c_mg""]",20,4.6,0.3,0.1,0,0,1,0,4,0,0
174323b3-579a-5dcb-8f4f-95a27022fec8,A008000A060a,88,"멥쌀, 현미, 생것","멥쌀,현미,생것",멥쌀,멥쌀,곡류 및 그 제품,생것,대푯값,10.4,INGREDIENT,1,0,,109,MEASURED,[],[],357,75.92,7.02,2.35,3,3,12,1.03,246,0,0
d276b16b-ed6b-5523-af39-87be7b649a6f,A008002A060a,89,"멥쌀, 현미, 고아미2호, 생것","멥쌀,현미,고아미2호,생것",멥쌀,멥쌀,곡류 및 그 제품,생것,농진청('20),10.4,INGREDIENT,1,0,,109,MEASURED,[],[],360,72.62,7.55,4.11,10.3,3,20,1.7,325,1,0
2e9f2415-c7b6-5a51-aee3-e220eb091578,A008036A060a,90,"멥쌀, 현미, 골든퀸3호, 생것","멥쌀,현미,골든퀸3호,생것",멥쌀,멥쌀,곡류 및 그 제품,생것,농진청('15),10.4,INGREDIENT,1,0,,109,MEASURED,[],[],358,76.97,6.16,2.31,3.1,1,9,0.91,232,0,0
c173a6b9-cd24-57f3-94bc-f68f7092d1a6,A008038A060a,91,"멥쌀, 현미, 금강1호, 생것","멥쌀,현미,금강1호,생것",멥쌀,멥쌀,곡류 및 그 제품,생것,농진청('19),10.4,INGREDIENT,1,0,,109,MEASURED,[],[],365,77.11,7.08,2.72,3.1,2,13,0.87,261,0,0
d70f33da-c9bb-5075-86d3-3d7939f647aa,A008039A060a,92,"멥쌀, 현미, 남찬, 생것","멥쌀,현미,남찬,생것",멥쌀,멥쌀,곡류 및 그 제품,생것,농진청('19),10.4,INGREDIENT,1,0,,109,MEASURED,[],[],355,75.26,7.25,2.31,3,5,13,0.86,231,0,0
7a9d190c-6953-5c1b-aaca-55ecda2de955,A008040A060a,94,"멥쌀, 현미, 도담쌀, 생것","멥쌀,현미,도담쌀,생것",멥쌀,멥쌀,곡류 및 그 제품,생것,농진청('20),10.4,INGREDIENT,1,0,,109,MEASURED,[],[],356,74.15,7.73,2.85,5.3,2,14,1.26,244,0,0
2de134dd-35d0-567a-87a9-b41b0911e746,A008041A060a,95,"멥쌀, 현미, 미품, 생것","멥쌀,현미,미품,생것",멥쌀,멥쌀,곡류 및 그 제품,생것,농진청('20),10.4,INGREDIENT,1,0,,109,MEASURED,[],[],350,73.95,7.58,2.24,3,5,11,1.21,223,0,0
69a32fb9-90f7-5662-950d-5b437e5dfea2,A008042A060a,96,"멥쌀, 현미, 보람찬, 생것","멥쌀,현미,보람찬,생것",멥쌀,멥쌀,곡류 및 그 제품,생것,농진청('19),10.4,INGREDIENT,1,0,,109,MEASURED,[],[],356,76.02,6.91,2.25,3,5,14,1.01,249,0,0
bbc393d4-2262-577a-83f0-426524fa431f,A008043A060a,97,"멥쌀, 현미, 삼광, 생것","멥쌀,현미,삼광,생것",멥쌀,멥쌀,곡류 및 그 제품,생것,농진청('20),10.4,INGREDIENT,1,0,,109,MEASURED,[],[],358,76.98,6.88,2,3,2,14,0.93,281,0,0
3f910aee-ec51-5d5b-b83a-7aeb3dc76adb,A008044A060a,98,"멥쌀, 현미, 새일미, 생것","멥쌀,현미,새일미,생것",멥쌀,멥쌀,곡류 및 그 제품,생것,농진청('20),10.4,INGREDIENT,1,0,,109,MEASURED,[],[],358,75.75,7.6,2.37,3.1,1,10,0.93,272,0,0
2c81b2c9-3468-5bd7-aa89-4a1caf440bbc,A008045A060a,99,"멥쌀, 현미, 설갱, 생것","멥쌀,현미,설갱,생것",멥쌀,멥쌀,곡류 및 그 제품,생것,농진청('20),10.4,INGREDIENT,1,0,,109,MEASURED,[],[],356,75.36,7.53,2.34,3.1,2,15,1.21,265,0,0
ab38fd82-a91c-5559-a470-88adea72e88e,A008046A060a,100,"멥쌀, 현미, 신동진, 생것","멥쌀,현미,신동진,생것",멥쌀,멥쌀,곡류 및 그 제품,생것,농진청('20),10.4,INGREDIENT,1,1,NUTRITION_MEDOID_RAW,109,MEASURED,[],[],350,75.09,6.69,2.13,3,1,10,0.86,251,0,0
7abcad3a-bac5-5fc5-9af6-5a4d7da3aa05,A008047A060a,101,"멥쌀, 현미, 알찬미, 생것","멥쌀,현미,알찬미,생것",멥쌀,멥쌀,곡류 및 그 제품,생것,농진청('19),10.4,INGREDIENT,1,0,,109,MEASURED,[],[],365,78.09,6.91,2.34,3.1,5,12,0.86,218,0,0
b49741ea-9cb3-5e26-9bb6-597b1fe4cd54,A008048A060a,102,"멥쌀, 현미, 영호진미, 생것","멥쌀,현미,영호진미,생것",멥쌀,멥쌀,곡류 및 그 제품,생것,농진청('19),10.4,INGREDIENT,1,0,,109,MEASURED,[],[],363,78.1,6.21,2.32,3.1,4,11,0.75,194,0,0
ba0300e8-8b01-583e-94f3-3f054cca5e37,A008049A060a,103,"멥쌀, 현미, 예찬, 생것","멥쌀,현미,예찬,생것",멥쌀,멥쌀,곡류 및 그 제품,생것,농진청('19),10.4,INGREDIENT,1,0,,109,MEASURED,[],[],356,75.12,7.23,2.6,3,6,12,1.29,230,0,0
177259c3-8725-5e96-89cd-c21d595df161,A008050A060a,104,"멥쌀, 현미, 오대, 생것","멥쌀,현미,오대,생것",멥쌀,멥쌀,곡류 및 그 제품,생것,농진청('20),10.4,INGREDIENT,1,0,,109,MEASURED,[],[],364,77.07,7.32,2.52,3.1,1,13,1.26,308,0,0
c07fa2ef-c4cf-5832-9516-909f953fa5f1,A008051A060a,105,"멥쌀, 현미, 운광, 생것","멥쌀,현미,운광,생것",멥쌀,멥쌀,곡류 및 그 제품,생것,농진청('20),10.4,INGREDIENT,1,0,,109,MEASURED,[],[],356,75.7,6.52,2.52,3,1,12,0.98,271,0,0
63edb402-07ed-5ed0-849e-33c2efb6bdcc,A008052A060a,107,"멥쌀, 현미, 일품, 생것","멥쌀,현미,일품,생것",멥쌀,멥쌀,곡류 및 그 제품,생것,농진청('20),10.4,INGREDIENT,1,0,,109,MEASURED,[],[],358,76.28,7,2.27,3.1,2,12,1.04,228,0,0
a857ae75-9baa-5582-a461-a67658b86580,A008024A060a,109,"멥쌀, 현미, 추청벼, 생것","멥쌀,현미,추청벼,생것",멥쌀,멥쌀,곡류 및 그 제품,생것,농진청('99),10.4,INGREDIENT,1,0,,109,PARTIAL,[],[],362,76.9,6.4,2.7,,14,12,1.1,263,0,0
8c710d62-2873-5380-9977-fd062d824bb1,A008053A060a,110,"멥쌀, 현미, 친들, 생것","멥쌀,현미,친들,생것",멥쌀,멥쌀,곡류 및 그 제품,생것,농진청('19),10.4,INGREDIENT,1,0,,109,MEASURED,[],[],354,75.65,6.97,2.13,3,8,15,1.02,225,0,0
4bdc3d6c-e9af-59eb-9d63-4a975440348a,A008054A060a,113,"멥쌀, 현미, 팔방미, 생것","멥쌀,현미,팔방미,생것",멥쌀,멥쌀,곡류 및 그 제품,생것,농진청('20),10.4,INGREDIENT,1,0,,109,MEASURED,[],[],359,75.82,7.04,2.65,2.6,1,11,1.3,236,0,0
c9659094-30b3-55b8-823b-047a6f84f983,A008030A060a,114,"멥쌀, 현미, 하이아미, 생것","멥쌀,현미,하이아미,생것",멥쌀,멥쌀,곡류 및 그 제품,생것,농진청('20),10.4,INGREDIENT,1,0,,109,MEASURED,[],[],361,75.47,7.41,2.86,3.1,1,13,1.17,239,0,0
ab8d0392-4415-5097-bf8d-06dd2a14e227,A008055A060a,115,"멥쌀, 현미, 한가루, 생것","멥쌀,현미,한가루,생것",멥쌀,멥쌀,곡류 및 그 제품,생것,농진청('19),10.4,INGREDIENT,1,0,,109,MEASURED,[],[],361,77.21,7.1,2.2,3.1,3,12,1.19,234,0,0
9121ceb0-7b5b-546b-b75c-ba9a5be8309f,A008056A060a,116,"멥쌀, 현미, 한아름4호, 생것","멥쌀,현미,한아름4호,생것",멥쌀,멥쌀,곡류 및 그 제품,생것,농진청('19),10.4,INGREDIENT,1,0,,109,MEASURED,[],[],364,77.45,7.04,2.51,3.1,6,12,0.87,265,0,0
922c86a1-ad0d-5bc6-b01d-87761096c3f8,A008057A060a,117,"멥쌀, 현미, 해담쌀, 생것","멥쌀,현미,해담쌀,생것",멥쌀,멥쌀,곡류 및 그 제품,생것,농진청('19),10.4,INGREDIENT,1,0,,109,MEASURED,[],[],367,77.41,7.42,2.61,3.1,4,12,1.19,254,0,0
baa775c8-a058-5b46-987f-23b52b8e41fa,A008058A060a,118,"멥쌀, 현미, 해들, 생것","멥쌀,현미,해들,생것",멥쌀,멥쌀,곡류 및 그 제품,생것,농진청('20),10.4,INGREDIENT,1,0,,109,MEASURED,[],[],358,75.45,7.27,2.67,3.1,2,13,1.21,297,0,0
29aa278b-9555-5c47-ba99-3d980c0a95cc,A008059A060a,119,"멥쌀, 현미, 해품, 생것","멥쌀,현미,해품,생것",멥쌀,멥쌀,곡류 및 그 제품,생것,농진청('20),10.4,INGREDIENT,1,0,,109,MEASURED,[],[],350,74.51,7.58,2.02,3,8,13,1.24,252,0,0
647f5420-f902-5be3-a303-67053cefe252,A008037A060a,120,"멥쌀, 현미, 호품, 생것","멥쌀,현미,호품,생것",멥쌀,멥쌀,곡류 및 그 제품,생것,농진청('15),10.4,INGREDIENT,1,0,,109,MEASURED,[],[],344,73.72,6.3,2.16,2.9,1,10,0.82,224,0,0
02704562-3a19-5948-a30b-a85d2ff2dc6c,A008009A060a,121,"멥쌀, 현미, 발아현미, 생것","멥쌀,현미,발아현미,생것",멥쌀,멥쌀,곡류 및 그 제품,생것,농진청('21),10.4,INGREDIENT,1,0,,109,MEASURED,[],[],384,81.18,7.22,2.88,4.1,2,16,1.05,301,0,0
ca91a630-6e09-594c-9044-cb41c34d96cb,A0080612670a,122,"멥쌀, 현미, 적진주, 생것","멥쌀,현미,적진주,생것",멥쌀,멥쌀,곡류 및 그 제품,생것,농진청('20),10.4,INGREDIENT,1,0,,109,MEASURED,[],[],360,76.01,7.47,2.48,3.1,2,15,1.06,281,0,0
22c5b2de-4b06-51f2-98fc-d58cc396db65,A0080000020a,123,"멥쌀, 현미, 흑미, 생것","멥쌀,현미,흑미,생것",멥쌀,멥쌀,곡류 및 그 제품,생것,농진청('20),10.4,INGREDIENT,1,0,,109,MEASURED,[],[],357,75.56,7.7,2.21,3.1,2,17,0.91,284,2,0
90dc2609-8b7d-5547-8df6-f8c7ef0e5a1c,A0080600020a,124,"멥쌀, 현미, 흑진미, 생것","멥쌀,현미,흑진미,생것",멥쌀,멥쌀,곡류 및 그 제품,생것,농진청('20),10.4,INGREDIENT,1,0,,109,MEASURED,[],[],357,75.82,7.82,2.11,3.1,1,14,0.96,261,2,0
6d592d66-8c88-5a16-b49c-6aabfbed4ef5,A008034A060a,125,"멥쌀, 현미, 흑진주벼, 생것","멥쌀,현미,흑진주벼,생것",멥쌀,멥쌀,곡류 및 그 제품,생것,농진청('11),10.4,INGREDIENT,1,0,,109,MEASURED,[],[],369,77.7,7.9,2.6,7.4,2,23,2.5,351,4,0
792ea9c3-48da-58b6-bb2d-04fba1890f89,A013000A069a,126,"멥쌀, 현미, 밥","멥쌀,현미,밥",멥쌀,멥쌀,곡류 및 그 제품,,농진청('20),10.4,INGREDIENT,1,0,,109,MEASURED,[],[],166,35.33,3.37,1.08,1.3,1,5,0.44,122,0,0
698f82f9-7d8d-50f5-9dc6-1baa9f2101f6,A013007A069a,129,"멥쌀, 현미, 삼광, 밥","멥쌀,현미,삼광,밥",멥쌀,멥쌀,곡류 및 그 제품,,농진청('20),10.4,INGREDIENT,1,0,,109,MEASURED,[],[],165,34.83,3.5,1.15,1,1,5,0.44,121,0,0
3d3e91cb-5478-5c96-a54d-1d5c3a9e114e,A013008A069a,130,"멥쌀, 현미, 새일미, 밥","멥쌀,현미,새일미,밥",멥쌀,멥쌀,곡류 및 그 제품,,농진청('20),10.4,INGREDIENT,1,0,,109,MEASURED,[],[],173,36.47,3.43,1.28,1.5,1,7,0.4,124,0,0
daefb86a-e4c1-5ccd-b619-3c42ae0668a1,A013009A069a,131,"멥쌀, 현미, 신동진, 밥","멥쌀,현미,신동진,밥",멥쌀,멥쌀,곡류 및 그 제품,,농진청('20),10.4,INGREDIENT,1,0,,109,MEASURED,[],[],160,34.43,3.15,0.91,1.4,0,5,0.39,107,0,0
d2003b0e-68f1-5ac9-af43-fcc3f8758e6a,A013010A069a,132,"멥쌀, 현미, 오대, 밥","멥쌀,현미,오대,밥",멥쌀,멥쌀,곡류 및 그 제품,,농진청('20),10.4,INGREDIENT,1,0,,109,MEASURED,[],[],167,35.61,3.37,0.98,1.4,0,5,0.52,136,0,0
6e374ecb-55da-5989-b3ce-f988747fdbfc,A015006A069a,133,"멥쌀, 현미, 흑진미, 밥","멥쌀,현미,흑진미,밥",멥쌀,멥쌀,곡류 및 그 제품,,농진청('20),10.4,INGREDIENT,1,0,,109,MEASURED,[],[],174,36.83,3.98,1.01,1.5,1,7,0.45,120,0,0
8c970790-4dd4-5e6f-8c2c-094fa282d9e6,A015000A069a,134,"멥쌀, 현미, 죽","멥쌀,현미,죽",멥쌀,멥쌀,곡류 및 그 제품,,JAPAN('20),10.4,INGREDIENT,1,0,,109,QUALIFIED,[],"[""carbohydrate_g"",""protein_g"",""fat_g"",""fiber_g"",""sodium_mg"",""calcium_mg"",""iron_mg"",""potassium_mg"",""vitamin_a_mcg_rae"",""vitamin_c_mg""]",64,15.2,1.2,0.4,0.6,1,3,0.2,41,0,0
48e890f2-c4d8-553c-9c3a-e045a55bccb9,A012000A069a,135,"멥쌀, 현미, 미음","멥쌀,현미,미음",멥쌀,멥쌀,곡류 및 그 제품,,JAPAN('20),10.4,INGREDIENT,1,0,,109,QUALIFIED,"[""sodium_mg""]","[""carbohydrate_g"",""protein_g"",""fat_g"",""fiber_g"",""sodium_mg"",""calcium_mg"",""iron_mg"",""potassium_mg"",""vitamin_a_mcg_rae"",""vitamin_c_mg""]",19,4.4,0.4,0.1,0.2,0,1,0.1,12,0,0
f0364ecc-4f90-593c-b07c-46ae04d82ca3,A0130000002a,136,"멥쌀밥, 쪄서 말린것","멥쌀밥,쪄서 말린것",멥쌀밥,멥쌀밥,곡류 및 그 제품,,농진청('09),10.4,INGREDIENT,1,0,,1,PARTIAL,[],[],373,83.7,5.2,0.1,,29,44,1.4,19,0,0
318fd1dc-6a7a-5dbd-b98d-289ea98b702a,A0130000089a,137,누룽지,누룽지,누룽지,누룽지,곡류 및 그 제품,,농진청('22),10.4,INGREDIENT,1,1,EXACT_BASE_NAME,4,MEASURED,[],[],414,88.8,8,1.1,2.3,2,11,0.19,70,0,0
2df3c1b6-e246-5d9b-ac34-2bf09019a531,A0140000089a,138,"즉석밥, 누룽지","즉석밥,누룽지",즉석밥,즉석밥,곡류 및 그 제품,,농진청('16),10.4,INGREDIENT,1,0,,4,MEASURED,[],[],415,90.96,6.64,0.84,2.3,70,12,0.19,92,0,0
30cf2940-cfad-5fe2-bf1a-181f1bf7e7d9,A0140000089v,139,"즉석밥, 누룽지, 끓는물 부음","즉석밥,누룽지,끓는물 부음",즉석밥,즉석밥,곡류 및 그 제품,,농진청('16),10.4,INGREDIENT,1,0,,4,MEASURED,[],[],69,15.08,1.32,0.1,0.6,13,4,0.08,13,0,0
362ae215-d335-5f73-8c15-f0a36b5a33fa,A014000A039a,140,"즉석밥, 백미","즉석밥,백미",즉석밥,즉석밥,곡류 및 그 제품,,농진청('16),10.4,INGREDIENT,1,0,,4,MEASURED,[],[],152,33.59,2.11,0.28,1.2,1,5,0.07,18,0,0
9301767e-1938-5708-8110-bf361efaed22,A0140002209a,141,"즉석밥, 잡곡밥(멥쌀, 찹쌀, 흑미, 팥, 기장, 찰수수)","즉석밥,잡곡밥(멥쌀,찹쌀,흑미,팥,기장,찰수수)",즉석밥,즉석밥,곡류 및 그 제품,,농진청('16),10.4,INGREDIENT,1,0,,4,MEASURED,[],[],150,33.76,2.83,0.38,0.7,159,9,0.24,41,0,0
760b7658-f7ca-592f-bb4c-bcc0fa17bfb1,A0090040009w,143,"멥쌀 과자, 쌀엿강정, 팽화","멥쌀 과자,쌀엿강정,팽화",멥쌀 과자,멥쌀과자,곡류 및 그 제품,,농진청('16),10.4,INGREDIENT,1,0,,5,MEASURED,[],[],395,89.95,4.11,2.13,0.8,4,8,0.18,63,0,0
48bfce46-4b02-59b4-aaf7-635e21c45b35,A0090030009j,144,"멥쌀 과자, 튀밥, 팽화","멥쌀 과자,튀밥,팽화",멥쌀 과자,멥쌀과자,곡류 및 그 제품,,농진청('22),10.4,INGREDIENT,1,0,,5,MEASURED,[],[],404,86.73,7.32,1.23,0.8,0,5,0.07,86,0,0
174f70bb-3a22-5038-9ef3-f1a0a2e241c0,A0100000001a,145,"멥쌀 국수, 말린것","멥쌀 국수,말린것",멥쌀 국수,멥쌀국수,곡류 및 그 제품,말린것,농진청('19),10.4,INGREDIENT,1,0,,2,MEASURED,[],[],380,82.36,7.2,0.72,0.9,87,19,0.72,31,0,0
558f4479-6ab4-51dd-83bc-45e1066487a4,A0110010009a,146,"멥쌀떡, 가래떡","멥쌀떡,가래떡",멥쌀떡,멥쌀떡,곡류 및 그 제품,,농진청('16),10.4,INGREDIENT,1,0,,19,MEASURED,[],[],213,48.8,3.71,0.37,0.7,261,10,0.14,29,0,0
a3269475-de65-54e9-8bb4-67f1c6f4ea8e,A0110010029a,147,"멥쌀떡, 가래떡, 흑미","멥쌀떡,가래떡,흑미",멥쌀떡,멥쌀떡,곡류 및 그 제품,,농진청('22),10.4,INGREDIENT,1,0,,19,MEASURED,[],[],217,47.4,4.53,1.09,1.9,329,8,0.17,61,0,0
5ee18a01-b4cc-5e9d-8ea9-ecb092a6c64e,A0110020009a,148,"멥쌀떡, 개피떡(바람떡)","멥쌀떡,개피떡(바람떡)",멥쌀떡,멥쌀떡,곡류 및 그 제품,,농진청('22),10.4,INGREDIENT,1,0,,19,MEASURED,[],[],206,44.3,5.32,0.81,0.7,286,14,0.29,66,1,0
9289459a-9230-507d-a690-8dbef7c597b7,A0110030009a,150,"멥쌀떡, 꿀떡","멥쌀떡,꿀떡",멥쌀떡,멥쌀떡,곡류 및 그 제품,,농진청('16),10.4,INGREDIENT,1,0,,19,MEASURED,[],[],210,46.14,3.09,1.46,1.6,248,25,0.38,18,0,0
9d348e8d-32a5-51f3-bac6-8302acdc21a8,A0110050009a,151,"멥쌀떡, 무지개떡","멥쌀떡,무지개떡",멥쌀떡,멥쌀떡,곡류 및 그 제품,,식약('11),10.4,INGREDIENT,1,0,,19,MEASURED,[],[],229,53,3.5,0.3,0.2,277,10,1.4,32,1,0
1a3b7abd-a3ee-58c4-8f16-7f9a95a95373,A0110060009a,152,"멥쌀떡, 백설기","멥쌀떡,백설기",멥쌀떡,멥쌀떡,곡류 및 그 제품,,농진청('18),10.4,INGREDIENT,1,0,,19,MEASURED,[],[],245,53.45,3.99,0.52,0.5,212,6,0,31,0,0.07
ce350b37-7427-53e9-9288-c878bcbdefb2,A0110060059a,153,"멥쌀떡, 백설기, 검정콩","멥쌀떡,백설기,검정콩",멥쌀떡,멥쌀떡,곡류 및 그 제품,,농진청('16),10.4,INGREDIENT,1,0,,19,MEASURED,[],[],229,48.31,5.75,1.46,2.5,223,19,0.63,116,0,0
2b483e5c-7dcc-54ac-a50f-dcc0ee2d9324,A0110070059a,154,"멥쌀떡, 송편, 검정콩","멥쌀떡,송편,검정콩",멥쌀떡,멥쌀떡,곡류 및 그 제품,,농진청('22),10.4,INGREDIENT,1,0,,19,MEASURED,[],[],214,38.49,8.21,3.06,3.1,246,24,0.97,225,1,0
594b8590-0483-5b14-929d-1b15295bc939,A0110070069a,155,"멥쌀떡, 송편, 팥","멥쌀떡,송편,팥",멥쌀떡,멥쌀떡,곡류 및 그 제품,,농진청('01),10.4,INGREDIENT,1,0,,19,PARTIAL,[],[],200,43.6,5.4,0.4,,466,5,0.5,108,0,
6d092ade-d1cb-5c84-895f-e2ec097e308b,A0110070079a,156,"멥쌀떡, 송편, 깨","멥쌀떡,송편,깨",멥쌀떡,멥쌀떡,곡류 및 그 제품,,농진청('22),10.4,INGREDIENT,1,0,,19,MEASURED,[],[],223,44.37,5.74,2.53,1.2,232,25,0.54,147,0,0
20307a73-91f1-5b67-8a31-ae3142d2662f,A0110072649a,157,"멥쌀떡, 모싯잎송편, 동부","멥쌀떡,모싯잎송편,동부",멥쌀떡,멥쌀떡,곡류 및 그 제품,,농진청('14),10.4,INGREDIENT,1,0,,19,MEASURED,[],[],190,40.29,5.65,0.66,4,262,88,0.99,142,47,0.09
d9b4c598-b4fb-5cfa-820c-641b3246716d,A0110072179a,158,"멥쌀떡, 모싯잎송편, 동부(국내산)","멥쌀떡,모싯잎송편,동부(국내산)",멥쌀떡,멥쌀떡,곡류 및 그 제품,,농진청('14),10.4,INGREDIENT,1,0,,19,MEASURED,[],[],190,40.68,5.28,0.65,4.2,282,91,0.88,139,57,0
73d35efa-33e0-52ba-bcb7-24ef4966d646,A0110072189a,159,"멥쌀떡, 모싯잎송편, 동부(수입산)","멥쌀떡,모싯잎송편,동부(수입산)",멥쌀떡,멥쌀떡,곡류 및 그 제품,,농진청('14),10.4,INGREDIENT,1,0,,19,MEASURED,[],[],190,39.9,6.03,0.67,3.9,242,85,1.1,145,37,0.19
088291d7-0d41-517f-9d23-a0c9f5f02e0e,A0110080009a,160,"멥쌀떡, 시루떡, 팥","멥쌀떡,시루떡,팥",멥쌀떡,멥쌀떡,곡류 및 그 제품,,농진청('16),10.4,INGREDIENT,1,0,,19,MEASURED,[],[],183,38.9,5.83,0.41,1.3,233,18,0.88,195,0,0
3cee2c16-4e64-5d24-b659-c0d538315150,A0110100009a,161,"멥쌀떡, 절편","멥쌀떡,절편",멥쌀떡,멥쌀떡,곡류 및 그 제품,,농진청('22),10.4,INGREDIENT,1,0,,19,MEASURED,[],[],214,48.68,3.69,0.48,0.7,247,10,0.17,25,0,0
41cc5b8b-7aa2-54cd-8347-eaf4bc87a8a6,A0110110009a,162,"멥쌀떡, 증편","멥쌀떡,증편",멥쌀떡,멥쌀떡,곡류 및 그 제품,,농진청('16),10.4,INGREDIENT,1,0,,19,MEASURED,[],[],195,44.66,3.02,0.43,0.8,265,9,0.05,25,0,0
e1efe018-e426-5c8a-a289-0c9a1cc78e43,A0250030005a,163,"미숫가루, 혼합곡물","미숫가루,혼합곡물",미숫가루,미숫가루,곡류 및 그 제품,,농진청('22),10.4,INGREDIENT,1,1,LOWEST_COMPLEXITY_VARIANT,1,MEASURED,[],[],412,76.69,14.36,5.3,12.8,5,61,4.04,552,1,0
c02706c8-14e6-5a10-add1-f3d42d436fc3,A016000A010a,164,"밀, 도정, 생것","밀,도정,생것",밀,밀,곡류 및 그 제품,생것,농진청('99),10.4,INGREDIENT,1,0,,15,PARTIAL,[],[],333,75.8,10.6,1,,17,52,4.7,538,0,0
7e840529-d519-5e0a-b2a4-f0e2385efc0d,A016002A010a,165,"밀, 금강, 도정, 생것","밀,금강,도정,생것",밀,밀,곡류 및 그 제품,생것,농진청('13),10.4,INGREDIENT,1,0,,15,MEASURED,[],[],329,71.7,13.06,1.28,3.3,1,14,2.36,143,0,0
1bf48d89-d94e-500e-96cc-9c79340990d0,A016007A010a,166,"밀, 신미찰, 도정, 생것","밀,신미찰,도정,생것",밀,밀,곡류 및 그 제품,생것,농진청('05),10.4,INGREDIENT,1,0,,15,PARTIAL,[],[],334,74.2,11.3,1.6,,6,24,5.9,319,0,0
7688cb86-d8bd-569a-b150-9d1570aca670,A016013A010a,167,"밀, 흑밀, 도정, 생것","밀,흑밀,도정,생것",밀,밀,곡류 및 그 제품,생것,농진청('05),10.4,INGREDIENT,1,0,,15,PARTIAL,[],[],328,72.5,12.9,0.9,,6,37,5,368,0,0
5d0019be-4056-5d44-9e45-7ea3f3c536c2,A0160000100a,168,"밀, 통밀, 생것","밀,통밀,생것",밀,밀,곡류 및 그 제품,생것,농진청('06),10.4,INGREDIENT,1,0,,15,PARTIAL,[],[],342,74.6,13.2,1.5,16,,24,5.2,780,5,0
355cc973-b700-589a-a689-ef3e4598c64c,A0160142481a,169,"밀, 호라산, 생것","밀,호라산,생것",밀,밀,곡류 및 그 제품,생것,농진청('16),10.4,INGREDIENT,1,1,NUTRITION_MEDOID_RAW,15,MEASURED,[],[],334,71.16,13.74,1.91,11.9,3,24,3.32,417,1,0
b9b808f9-7a1e-54fa-97af-e895693c63eb,A0160010005a,170,"밀, 강력밀가루","밀,강력밀가루",밀,밀,곡류 및 그 제품,,농진청('13),10.4,INGREDIENT,1,0,,15,MEASURED,[],[],334,72.89,13.59,1.11,2.5,1,17,0.64,95,0,0.15
c042e7f7-2c21-5557-a9ba-a7aa193f1fee,A0160030005a,171,"밀, 도넛가루","밀,도넛가루",밀,밀,곡류 및 그 제품,,농진청('22),10.4,INGREDIENT,1,0,,15,MEASURED,[],[],410,77.98,7.98,5.75,0.8,558,79,0.5,156,0,0
c4608049-0af9-52d6-a310-3ef4491268c7,A0160040005a,172,"밀, 박력밀가루","밀,박력밀가루",밀,밀,곡류 및 그 제품,,농진청('13),10.4,INGREDIENT,1,0,,15,MEASURED,[],[],374,77.73,9.15,0.94,2.1,1,18,0.51,116,0,0.18
dafc97f1-b129-54b2-8823-fd2066a39a7a,A0160050005a,173,"밀, 부침가루","밀,부침가루",밀,밀,곡류 및 그 제품,,농진청('13),10.4,INGREDIENT,1,0,,15,MEASURED,[],[],368,75.52,9.8,0.98,2.5,786,32,0.58,140,0,0.01
b73f75b3-8384-55f8-b6f1-8109adbade6f,A0160060005a,174,"밀, 빵가루","밀,빵가루",밀,밀,곡류 및 그 제품,,농진청('13),10.4,INGREDIENT,1,0,,15,MEASURED,[],[],392,77.04,11.95,2.05,4.2,306,21,0.77,134,0,40.97
26491382-afdc-5145-99da-cdb2acf0a4ae,A0160080005a,175,"밀, 중력밀가루","밀,중력밀가루",밀,밀,곡류 및 그 제품,,농진청('13),10.4,INGREDIENT,1,0,,15,MEASURED,[],[],375,76.64,10.34,1.01,2.7,1,17,0.73,115,0,0.17
bcdc9e76-fd8d-5dca-a2e3-6ab2044e0de0,A0160100005a,176,"밀, 통밀가루","밀,통밀가루",밀,밀,곡류 및 그 제품,,농진청('21),10.4,INGREDIENT,1,0,,15,MEASURED,[],[],347,73.77,13.73,2.2,10.5,5,33,5.12,299,0,0
6dc9e4d8-8bf3-555e-ac6d-110c7276346c,A0160110005a,177,"밀, 튀김가루","밀,튀김가루",밀,밀,곡류 및 그 제품,,농진청('13),10.4,INGREDIENT,1,0,,15,MEASURED,[],[],367,78.41,7.22,0.8,2.2,876,72,0.89,137,0,0
40d52082-02ef-5f0c-8a42-bd2ed4bb6fb2,A0160120005a,178,"밀, 팬케이크가루","밀,팬케이크가루",밀,밀,곡류 및 그 제품,,농진청('22),10.4,INGREDIENT,1,0,,15,MEASURED,[],[],384,79.63,7.75,3.79,2,827,162,0.27,158,2,0
2887f78c-d7a0-568e-a55a-c0b315b3bf8d,A0170010009a,179,"과자, 건빵","과자,건빵",과자,과자,곡류 및 그 제품,,농진청('13),10.4,INGREDIENT,1,0,,26,MEASURED,[],[],419,75.37,9.92,8.67,6.9,457,23,1.55,177,0,0.17
549f787a-fa11-5471-af15-601c4e68cb9f,A0170180009j,181,"과자, 마카로니","과자,마카로니",과자,과자,곡류 및 그 제품,,농진청('16),10.4,INGREDIENT,1,0,,26,MEASURED,[],[],457,71.28,11.5,13.96,5.1,497,24,1.81,160,0,0
97de8eb7-61c4-5b09-b291-e12027064e78,A0170020139a,182,"과자, 만주, 밤","과자,만주,밤",과자,과자,곡류 및 그 제품,,농진청('13),10.4,INGREDIENT,1,0,,26,MEASURED,[],[],330,70.86,6.35,2.39,4.5,158,43,1.48,78,1,0.37
9d119b2e-76e8-5343-ae26-a53ae592e7c1,A0170030009a,183,"과자, 모나카","과자,모나카",과자,과자,곡류 및 그 제품,,농진청('13),10.4,INGREDIENT,1,0,,26,MEASURED,[],[],346,82.62,3.35,0.29,2.4,64,21,1.29,89,0,0
c35a6a58-ecc8-52f1-9e29-a11b013f9d67,A0170110269a,184,"과자, 바닐라 웨하스","과자,바닐라 웨하스",과자,과자,곡류 및 그 제품,,농진청('22),10.4,INGREDIENT,1,0,,26,MEASURED,[],[],512,66.68,5.89,24.62,2.3,148,103,0.5,247,5,0
86432c28-5e9e-5f67-b62f-9c91f332c69f,A0170040159a,185,"과자, 비스킷, 소프트","과자,비스킷,소프트",과자,과자,곡류 및 그 제품,,농진청('13),10.4,INGREDIENT,1,0,,26,MEASURED,[],[],489,60.34,5.7,24.93,2.1,227,184,3.27,107,81,0.05
84d7e3e6-baaa-564f-a24d-7c6c8c37a895,A0170040149a,186,"과자, 비스킷, 하드","과자,비스킷,하드",과자,과자,곡류 및 그 제품,,농진청('13),10.4,INGREDIENT,1,0,,26,MEASURED,[],[],534,62.63,6.68,28.58,2.1,481,42,6.99,111,5,0.03
2eca8136-11c5-556b-8806-e1123d9b4c64,A0170172219w,187,"과자, 뻥튀기, 원반 모양, 팽화","과자,뻥튀기,원반 모양,팽화",과자,과자,곡류 및 그 제품,,농진청('16),10.4,INGREDIENT,1,0,,26,MEASURED,[],[],383,82.29,11.06,1.07,2,112,21,0.81,135,0,0
00b3d02a-3d4f-5a5f-8120-a30eb8d56b15,A0170050009a,188,"과자, 사과파이","과자,사과파이",과자,과자,곡류 및 그 제품,,농진청('13),10.4,INGREDIENT,1,0,,26,MEASURED,[],[],471,64.98,5.5,21,1.9,207,11,0.41,60,33,5.25
6cdb91e6-9604-5817-a65a-7d0ddbf8fa26,A0170080179a,189,"과자, 스낵, 새우","과자,스낵,새우",과자,과자,곡류 및 그 제품,,농진청('13),10.4,INGREDIENT,1,0,,26,MEASURED,[],[],494,66.32,6.04,22.77,2.5,577,137,1.14,91,0,0
0899749b-f9ff-5bbc-bfba-b861c6435b96,A0170080209a,190,"과자, 스낵, 옥수수","과자,스낵,옥수수",과자,과자,곡류 및 그 제품,,농진청('13),10.4,INGREDIENT,1,0,,26,MEASURED,[],[],520,65.73,5.25,26.27,1.1,420,163,1.01,81,13,0
ef576010-d2e1-5c97-93f9-c5fb484c0fe0,A0170090009a,191,"과자, 약과","과자,약과",과자,과자,곡류 및 그 제품,,농진청('22),10.4,INGREDIENT,1,0,,26,MEASURED,[],[],418,67.03,5.2,14.3,1.2,92,13,0.86,109,0,0
6724acb0-8681-5505-9c19-35bd9dfe85a6,A0170060169a,193,"과자, 전병, 김","과자,전병,김",과자,과자,곡류 및 그 제품,,농진청('22),10.4,INGREDIENT,1,0,,26,MEASURED,[],[],410,86.45,7.48,3.8,1.5,313,34,3.78,209,13,0
a46610cc-61cd-55e9-9b1c-33de1f3e57fd,A0170120009a,194,"과자, 초코볼","과자,초코볼",과자,과자,곡류 및 그 제품,,식약('96),10.4,INGREDIENT,1,0,,26,PARTIAL,[],[],501,70.2,4.3,22.5,,54,119,2,258,11,0
baba0178-ce83-53ee-abb8-cfc738f66213,A0170130009a,195,"과자, 초코파이","과자,초코파이",과자,과자,곡류 및 그 제품,,농진청('21),10.4,INGREDIENT,1,0,,26,MEASURED,[],[],460,59.37,5.63,22.26,2,205,91,2.21,221,14,0
16bab285-3340-57ab-a9ef-75a09fbf12bb,A0170140279a,196,"과자, 쿠키, 땅콩버터","과자,쿠키,땅콩버터",과자,과자,곡류 및 그 제품,,농진청('13),10.4,INGREDIENT,1,0,,26,MEASURED,[],[],493,67.97,8.36,20.87,2.4,346,17,0.84,145,7,0.29
32c15bbd-322e-5c7b-9730-c15f55918910,A0170140299a,197,"과자, 쿠키, 버터","과자,쿠키,버터",과자,과자,곡류 및 그 제품,,농진청('13),10.4,INGREDIENT,1,0,,26,MEASURED,[],[],512,66.47,6.37,24.52,1.4,226,28,0.84,91,65,0.04
7a64cdc2-a22f-5faf-b7f5-b8c52abcebbb,A0170140289a,198,"과자, 쿠키, 초코칩","과자,쿠키,초코칩",과자,과자,곡류 및 그 제품,,농진청('13),10.4,INGREDIENT,1,0,,26,MEASURED,[],[],494,71.38,5.92,20.55,3,312,39,1.59,196,10,0.24
4d560fcc-f946-5e5e-ba61-4c47e53b8091,A0170140109a,199,"과자, 쿠키, 통밀","과자,쿠키,통밀",과자,과자,곡류 및 그 제품,,농진청('16),10.4,INGREDIENT,1,0,,26,MEASURED,[],[],471,72.73,6.48,17.17,17.1,652,17,0.64,123,1,0.23
0ba96735-8aa0-5e8c-a4c7-b44116628f86,A0170150009a,200,"과자, 크래커","과자,크래커",과자,과자,곡류 및 그 제품,,농진청('22),10.4,INGREDIENT,1,0,,26,MEASURED,[],[],444,71.8,10.4,12.76,2.1,700,29,0.68,136,3,0
49c431ed-261f-50fd-96be-ec4b52be3cb4,A0170150309a,201,"과자, 크래커, 땅콩샌드","과자,크래커,땅콩샌드",과자,과자,곡류 및 그 제품,,농진청('13),10.4,INGREDIENT,1,0,,26,MEASURED,[],[],524,64.23,7.66,26.24,2.1,195,35,0.76,191,0,0.08
7d875e20-ba3e-5b0b-b64d-49fc88cd37fc,A0170152229a,202,"과자, 크래커, 채소","과자,크래커,채소",과자,과자,곡류 및 그 제품,,농진청('13),10.4,INGREDIENT,1,0,,26,MEASURED,[],[],506,68.26,7.38,22.62,1.7999999999999998,394,65,0.76,121,2,0
bef8c40d-70a0-509d-8344-decd66c1579e,A0170150319a,203,"과자, 크래커, 치즈샌드","과자,크래커,치즈샌드",과자,과자,곡류 및 그 제품,,농진청('13),10.4,INGREDIENT,1,0,,26,MEASURED,[],[],497,68.24,6.08,22.23,1.9,539,53,0.66,128,5,0.08
215bbacb-1cc0-5576-a3e1-e8390644bf84,A0180000000a,204,"국수, 생것","국수,생것",국수,국수,곡류 및 그 제품,생것,농진청('13),10.4,INGREDIENT,1,0,,7,MEASURED,[],[],291,60.09,7.25,0.87,1.8,395,13,0.4,93,0,1.02
5f7092e8-b7ca-548a-9337-1642b93a875b,A0180000001a,205,"국수, 말린것","국수,말린것",국수,국수,곡류 및 그 제품,말린것,농진청('14),10.4,INGREDIENT,1,0,,7,MEASURED,[],[],368,74.41,10.38,1.24,2.2,1279,19,0.78,138,0,0.36
297b1f7b-2d29-5a34-b62f-6fb4cc808799,A0180000001b,206,"국수, 말린것, 삶은것","국수,말린것,삶은것",국수,국수,곡류 및 그 제품,삶은것,농진청('14),10.4,INGREDIENT,1,0,,7,MEASURED,[],[],123,24.7,3.55,0.44,0.7,78,7,0.27,7,0,0.06
4daabb31-358e-50b3-8e09-41a3e963a359,A0180010001a,207,"국수, 소면, 말린것","국수,소면,말린것",국수,국수,곡류 및 그 제품,말린것,농진청('13),10.4,INGREDIENT,1,0,,7,MEASURED,[],[],370,74.88,10.36,1.27,1.9,1274,19,0.82,125,0,0.34
568ac0fb-cb16-5de3-bf52-1514bb997466,A0180010001b,208,"국수, 소면, 말린것, 삶은것","국수,소면,말린것,삶은것",국수,국수,곡류 및 그 제품,삶은것,농진청('13),10.4,INGREDIENT,1,0,,7,MEASURED,[],[],126,25.36,3.55,0.48,0.6,68,7,0.28,5,0,0.08
c87c0ab5-fe58-500f-ba21-b631be56573e,A0180050001a,209,"국수, 중면, 말린것","국수,중면,말린것",국수,국수,곡류 및 그 제품,말린것,농진청('14),10.4,INGREDIENT,1,0,,7,MEASURED,[],[],366,73.94,10.4,1.21,2.4,1284,18,0.75,150,0,0.38
e88c8504-e606-50a3-947a-a7d0cbe19fa4,A0180050001b,210,"국수, 중면, 말린것, 삶은것","국수,중면,말린것,삶은것",국수,국수,곡류 및 그 제품,삶은것,농진청('14),10.4,INGREDIENT,1,0,,7,MEASURED,[],[],120,24.04,3.55,0.4,0.8,88,8,0.26,8,0,0.04
27351f2d-93a7-5ace-b00f-e8eb60ee5f62,A0190000001a,211,"라면, 말린것","라면,말린것",라면,라면,곡류 및 그 제품,말린것,농진청('21),10.4,INGREDIENT,1,0,,17,MEASURED,[],[],432,69.52,8.07,13.56,3.8,327,212,0.45,181,0,0
99f82650-208e-59f9-bcd4-37eaa1bdcb48,A0190000001d,212,"라면, 말린것, 삶은것","라면,말린것,삶은것",라면,라면,곡류 및 그 제품,삶은것,농진청('21),10.4,INGREDIENT,1,0,,17,PARTIAL,[],[],182,30.66,3.7,4.91,,79,95,0.32,37,0,0
5dcce9ec-7d5b-5e8c-bb93-d99ea5f62a0f,A0240010001a,213,"마카로니, 말린것","마카로니,말린것",마카로니,마카로니,곡류 및 그 제품,말린것,농진청('19),10.4,INGREDIENT,1,1,LOWEST_COMPLEXITY_VARIANT,2,MEASURED,[],[],380,74.13,12.98,1.53,2.7,7,24,1.8,195,0,0
1e09bc9f-05fd-5297-bdaf-230dcc91115e,A0240010001b,214,"마카로니, 말린것, 삶은것","마카로니,말린것,삶은것",마카로니,마카로니,곡류 및 그 제품,삶은것,농진청('19),10.4,INGREDIENT,1,0,,2,MEASURED,[],[],159,30.86,5.5,0.62,1.7,4,13,0.55,38,0,0
f2666aee-c7ac-50cd-8f34-88efa29186ee,A0240020001a,215,"스파게티면, 말린것","스파게티면,말린것",스파게티면,스파게티면,곡류 및 그 제품,말린것,농진청('20),10.4,INGREDIENT,1,1,LOWEST_COMPLEXITY_VARIANT,2,MEASURED,[],[],380,74.52,12.64,1.47,2.7,6,24,1.31,234,1,0
64e770a5-3b6c-5c90-b4c2-105f4222ffa5,A0240020001b,216,"스파게티면, 말린것, 삶은것","스파게티면,말린것,삶은것",스파게티면,스파게티면,곡류 및 그 제품,삶은것,농진청('22),10.4,INGREDIENT,1,0,,2,MEASURED,[],[],197,36.83,8.13,0.88,1.6,2,12,0.56,87,0,0
e0c7fae1-510d-5c3d-8805-943c754be9d3,A0180020000a,217,"우동면, 생것","우동면,생것",우동면,우동면,곡류 및 그 제품,생것,농진청('22),10.4,INGREDIENT,1,1,GENERIC_RAW,2,MEASURED,[],[],152,30.47,3.15,1.25,1.8,142,9,0.17,16,0,0
31f55123-d0ea-53f6-85cd-3ad6884a1f52,A0180020000b,218,"우동면, 생것, 삶은것","우동면,생것,삶은것",우동면,우동면,곡류 및 그 제품,삶은것,농진청('22),10.4,INGREDIENT,1,0,,2,MEASURED,[],[],131,27.3,2.85,0.46,1.6,78,8,0.14,8,0,0
9176c61a-d2ec-5da1-9fd6-764266372cd7,A0180040000a,219,"중식면, 생것","중식면,생것",중식면,중식면,곡류 및 그 제품,생것,농진청('22),10.4,INGREDIENT,1,1,GENERIC_RAW,2,MEASURED,[],[],293,60.03,7.36,1.06,0.8,746,15,0.3,255,0,0
27c65fd6-b99d-52bd-a07e-bb6d5ebf87f9,A0180040000b,220,"중식면, 생것, 삶은것","중식면,생것,삶은것",중식면,중식면,곡류 및 그 제품,삶은것,농진청('22),10.4,INGREDIENT,1,0,,2,MEASURED,[],[],155,31.61,4.09,0.53,0.4,255,8,0.17,70,0,0
2ad25452-cfba-5eb6-ab08-3072bb939987,A0180060001a,224,"쫄면, 말린것","쫄면,말린것",쫄면,쫄면,곡류 및 그 제품,말린것,농진청('16),10.4,INGREDIENT,1,1,LOWEST_COMPLEXITY_VARIANT,1,MEASURED,[],[],348,71.29,9.16,1.08,1.7,1697,19,0.57,123,0,0
609c3281-502a-5184-8b60-0e5bfc2e7de4,A0180070000a,225,"칼국수면, 생것","칼국수면,생것",칼국수면,칼국수면,곡류 및 그 제품,생것,농진청('13),10.4,INGREDIENT,1,0,,4,MEASURED,[],[],303,63.02,7.25,0.87,1.7,327,15,0.41,93,0,0.25
9ef4875f-26cf-588f-95d4-042dc378df20,A0180070000b,226,"칼국수면, 생것, 삶은것","칼국수면,생것,삶은것",칼국수면,칼국수면,곡류 및 그 제품,삶은것,농진청('13),10.4,INGREDIENT,1,0,,4,MEASURED,[],[],140,28.96,3.49,0.43,0.9,47,6,0.13,11,0,0.06
77d9107c-7a4b-5923-951b-467f852f2124,A0210010009a,228,"빵, 건포도빵","빵,건포도빵",빵,빵,곡류 및 그 제품,,JAPAN('20),10.4,INGREDIENT,1,0,,49,QUALIFIED,"[""vitamin_a_mcg_rae"",""vitamin_c_mg""]","[""vitamin_c_mg""]",263,51.1,8.2,3.5,2.2,400,32,0.9,210,0,0
2944f3e8-c1e4-5053-826f-aa8645d1e0fa,A0210020009a,229,"빵, 곰보빵","빵,곰보빵",빵,빵,곡류 및 그 제품,,농진청('16),10.4,INGREDIENT,1,0,,49,MEASURED,[],[],415,61.44,9.5,14.54,4.1,307,35,0.71,175,23,0
6f52e0c7-6e5b-5a37-9cdc-d566595f5b68,A0210030009a,230,"빵, 꽈배기","빵,꽈배기",빵,빵,곡류 및 그 제품,,농진청('21),10.4,INGREDIENT,1,0,,49,MEASURED,[],[],320,42.78,6.17,13.8,1.7,393,12,0.53,55,0,0
fc18a74a-ecc7-5ff7-a177-0df7dfd33689,A0210240009a,231,"빵, 난","빵,난",빵,빵,곡류 및 그 제품,,JAPAN('20),10.4,INGREDIENT,1,0,,49,QUALIFIED,[],"[""vitamin_a_mcg_rae"",""vitamin_c_mg""]",257,47.6,10.3,3.4,2,530,11,0.8,97,0,0
331fe0e2-4cd7-5838-98d1-285272fdaed0,A0210040339a,232,"빵, 도넛, 링","빵,도넛,링",빵,빵,곡류 및 그 제품,,식약('96),10.4,INGREDIENT,1,0,,49,PARTIAL,[],[],426,40.6,7.3,26,,360,28,1.1,73,13,0
6a0a2201-0545-5929-89bc-a4747d6d90ff,A0210040069a,233,"빵, 도넛, 팥","빵,도넛,팥",빵,빵,곡류 및 그 제품,,농진청('21),10.4,INGREDIENT,1,0,,49,MEASURED,[],[],285,47.36,5.91,8.02,2.6,264,18,1.02,90,0,0
0761cf50-ea2f-5dc2-8fb6-7ce014d086ea,A0210050159a,234,"빵, 롤빵, 소프트","빵,롤빵,소프트",빵,빵,곡류 및 그 제품,,JAPAN('20),10.4,INGREDIENT,1,0,,49,QUALIFIED,[],"[""vitamin_c_mg""]",309,48.6,10.1,9,2,490,44,0.7,110,1,0
aa5d7c39-4e1b-57d8-9bff-c933e20a0ce1,A0210050149a,235,"빵, 롤빵, 하드","빵,롤빵,하드",빵,빵,곡류 및 그 제품,,USDA('18),10.4,INGREDIENT,1,0,,49,MEASURED,[],[],293,52.7,9.9,4.3,2.3,544,95,3.28,108,0,0
6e702d74-df17-5563-aad3-a531f01067b7,A0210060009a,236,"빵, 마늘빵","빵,마늘빵",빵,빵,곡류 및 그 제품,,농진청('22),10.4,INGREDIENT,1,0,,49,MEASURED,[],[],438,52.1,10.73,20.72,3,483,80,0.86,113,18,0
3a52e0e2-e10f-545c-a08a-5feef615e974,A0210070369a,237,"빵, 머핀, 우유","빵,머핀,우유",빵,빵,곡류 및 그 제품,,USDA('18),10.4,INGREDIENT,1,0,,49,MEASURED,[],[],296,41.4,6.9,11.4,2.7,467,200,2.39,121,39,0.3
b276dd95-7eab-5b9c-9434-0a8e152e7840,A0210070379a,238,"빵, 머핀, 잉글리쉬","빵,머핀,잉글리쉬",빵,빵,곡류 및 그 제품,,농진청('21),10.4,INGREDIENT,1,0,,49,MEASURED,[],[],255,45.6,7.89,4.54,1.8,451,16,0.7,99,0,0
df2270ad-973c-51a2-bf87-88e16e0ca948,A0210080009a,239,"빵, 모닝빵","빵,모닝빵",빵,빵,곡류 및 그 제품,,농진청('16),10.4,INGREDIENT,1,0,,49,MEASURED,[],[],316,58.99,9.06,4.91,2.1,260,33,0.68,114,6,0
7d1bb60d-cb72-5744-b0ad-831190562b86,A0210090009a,240,"빵, 모카빵","빵,모카빵",빵,빵,곡류 및 그 제품,,농진청('16),10.4,INGREDIENT,1,0,,49,MEASURED,[],[],354,63.29,8.31,7.53,1.4,316,26,0.77,161,28,0
c0105ff4-5994-5c16-a3b6-c44d2e59c2fb,A0210100009a,241,"빵, 바게트","빵,바게트",빵,빵,곡류 및 그 제품,,농진청('21),10.4,INGREDIENT,1,0,,49,MEASURED,[],[],284,59.45,9.14,1.11,2.8,446,17,0.92,98,0,0
f34b8477-5245-5106-bb2f-4805d7329519,A0210110009a,242,"빵, 베이글","빵,베이글",빵,빵,곡류 및 그 제품,,농진청('21),10.4,INGREDIENT,1,0,,49,MEASURED,[],[],291,57.59,9.32,2.55,2.6,565,58,1.37,61,0,0
011ea359-f809-5fd7-9208-7d6ee1a1f085,A0210220069a,244,"빵, 붕어빵, 팥","빵,붕어빵,팥",빵,빵,곡류 및 그 제품,,농진청('16),10.4,INGREDIENT,1,0,,49,MEASURED,[],[],254,44.17,4.81,6.44,1.5,276,17,0.78,144,2,0
ca2880ac-d02b-5e02-a77b-9b67858fb62b,A0210230009a,245,"빵, 소시지빵","빵,소시지빵",빵,빵,곡류 및 그 제품,,농진청('16),10.4,INGREDIENT,1,0,,49,MEASURED,[],[],323,33,10.59,16.52,4.8,571,30,0.65,179,26,0
27635e3e-41d9-50d4-be10-f0519b2ee01d,A0210120009a,246,"빵, 식빵, 버터 첨가","빵,식빵,버터 첨가",빵,빵,곡류 및 그 제품,,농진청('14),10.4,INGREDIENT,1,0,,49,MEASURED,[],[],279,49.68,9.01,4.91,3.7,516,26,0.6,98,1,0
ce9172af-47f8-588f-a2b1-0f1c62aa6832,A0210120209a,247,"빵, 식빵, 옥수수","빵,식빵,옥수수",빵,빵,곡류 및 그 제품,,농진청('15),10.4,INGREDIENT,1,0,,49,MEASURED,[],[],270,50.45,9.44,3.42,3.7,524,17,0.68,75,1,0
3b06c891-9a0e-5006-8ef4-7d495b4ac29f,A0210120369a,248,"빵, 식빵, 우유","빵,식빵,우유",빵,빵,곡류 및 그 제품,,농진청('21),10.4,INGREDIENT,1,0,,49,MEASURED,[],[],284,48.14,9.05,6.15,2.5,480,91,0.6,193,21,0
293a2cc4-ca35-5852-bc9c-da825ac7664b,A0210130009a,249,"빵, 옥수수빵","빵,옥수수빵",빵,빵,곡류 및 그 제품,,USDA('18),10.4,INGREDIENT,1,0,,49,MEASURED,[],[],321,49.1,7.4,10.2,2.4,795,75,1.94,131,36,0.1
26236977-0c18-5543-8801-48dad0b3646e,A0210250009a,250,"빵, 와플","빵,와플",빵,빵,곡류 및 그 제품,,USDA('18),10.4,INGREDIENT,1,0,,49,PARTIAL,[],[],291,32.9,7.9,14.1,,511,255,2.31,159,64,0.4
d533f91b-e840-572d-9489-e924c3d0feed,A0210250229a,251,"빵, 와플, 잼","빵,와플,잼",빵,빵,곡류 및 그 제품,,JAPAN('20),10.4,INGREDIENT,1,0,,49,QUALIFIED,[],"[""carbohydrate_g"",""protein_g"",""fat_g"",""fiber_g""]",279,57.3,4.9,4.2,1.3,43,44,0.4,120,31,6
6dc4ce82-7cbd-5c1c-a1d8-f5b6429c08e0,A0210250239a,252,"빵, 와플, 커스터드 크림","빵,와플,커스터드 크림",빵,빵,곡류 및 그 제품,,JAPAN('20),10.4,INGREDIENT,1,0,,49,QUALIFIED,[],"[""carbohydrate_g"",""protein_g"",""fat_g"",""fiber_g""]",241,38.1,7.3,7.9,0.8,63,99,0.8,160,110,1
bf6fc608-7b00-5fff-82ee-235fa42acb67,A0210140009a,253,"빵, 잼빵","빵,잼빵",빵,빵,곡류 및 그 제품,,JAPAN('20),10.4,INGREDIENT,1,0,,49,QUALIFIED,[],"[""carbohydrate_g"",""protein_g"",""fat_g"",""fiber_g""]",285,58.1,5.3,3.9,1.6,120,20,0.5,84,11,3
d56bc82f-95fb-5517-bdf8-b1ef4b56e637,A0210150419a,254,"빵, 찐빵, 단호박, 막걸리 발효","빵,찐빵,단호박,막걸리 발효",빵,빵,곡류 및 그 제품,,농진청('05),10.4,INGREDIENT,1,0,,49,PARTIAL,[],[],239,52.4,5.4,0.9,,280,26,0.7,272,192,14
ba7bfc71-0024-523a-83cb-4fe1b9de7eff,A0210150409a,255,"빵, 찐빵, 채소","빵,찐빵,채소",빵,빵,곡류 및 그 제품,,농진청('22),10.4,INGREDIENT,1,0,,49,MEASURED,[],[],223,36.09,7.66,5.34,3.6,448,34,0.55,213,26,0
7ea1e03a-5e7a-5277-8f6f-101f74532353,A0210150069a,256,"빵, 찐빵, 팥, 막걸리 발효","빵,찐빵,팥,막걸리 발효",빵,빵,곡류 및 그 제품,,농진청('16),10.4,INGREDIENT,1,0,,49,MEASURED,[],[],213,44.31,5.96,1.29,2.2,158,22,0.93,190,0,0
8a297795-20d2-56c6-8c9d-5c9fef290c89,A0210160009a,257,"빵, 카스텔라","빵,카스텔라",빵,빵,곡류 및 그 제품,,농진청('15),10.4,INGREDIENT,1,0,,49,MEASURED,[],[],306,59.47,6.91,3.72,1.4,81,29,0.79,82,58,0
1621647c-26ba-5d68-9dfb-a6dca2bc1220,A0210170009a,258,"빵, 크루아상","빵,크루아상",빵,빵,곡류 및 그 제품,,농진청('21),10.4,INGREDIENT,1,0,,49,MEASURED,[],[],457,47.22,8.56,26,2,414,32,0.52,90,24,0
4c74d4e0-8088-55f7-b31e-4fe15995e87b,A0210180409a,261,"빵, 크로켓, 채소","빵,크로켓,채소",빵,빵,곡류 및 그 제품,,농진청('21),10.4,INGREDIENT,1,0,,49,MEASURED,[],[],273,30.74,6.35,13.82,3.7,405,51,0.71,161,11,0
340aa6bc-e622-59b1-b435-6ef7c7e9a382,A0210190009a,262,"빵, 크림빵","빵,크림빵",빵,빵,곡류 및 그 제품,,농진청('22),10.4,INGREDIENT,1,0,,49,MEASURED,[],[],379,54.05,8.67,14.28,0.8,340,19,0.53,115,5,0
855538a8-b258-5ad9-801f-0efe06eea4cd,A0210200009a,264,"빵, 팥빵","빵,팥빵",빵,빵,곡류 및 그 제품,,농진청('15),10.4,INGREDIENT,1,0,,49,MEASURED,[],[],253,48.47,7.57,3.17,2.2,180,25,0.99,157,27,0
7cc502cb-a2b5-55b0-bd2d-0f0802820b46,A0210210009a,265,"빵, 페이스트리","빵,페이스트리",빵,빵,곡류 및 그 제품,,식약('11),10.4,INGREDIENT,1,0,,49,MEASURED,[],[],457,46.5,8.6,26.3,3,423,31,5.2,119,71,0
21f0150a-c8e9-586a-b474-93916b55043a,A0210210449a,266,"빵, 페이스트리, 과일","빵,페이스트리,과일",빵,빵,곡류 및 그 제품,,USDA('18),10.4,INGREDIENT,1,0,,49,MEASURED,[],[],371,47.8,5.4,18.5,1.9,445,46,1.77,83,15,3.9
79632cef-bba4-585b-b7cf-279eba0cee37,A0210210439a,267,"빵, 페이스트리, 치즈","빵,페이스트리,치즈",빵,빵,곡류 및 그 제품,,USDA('18),10.4,INGREDIENT,1,0,,49,MEASURED,[],[],374,37.2,8,21.9,1,417,35,1.8,98,35,0.1
21ba984c-42a6-5e07-a0eb-3a1f78f04e06,A0210260009a,268,"빵, 피칸파이","빵,피칸파이",빵,빵,곡류 및 그 제품,,USDA('18),10.4,INGREDIENT,1,0,,49,MEASURED,[],[],407,59.61,4.5,16.69,2.1,275,22,0.93,99,50,0
9f5b4f2d-052c-59e7-b508-c8be4e7a3091,A0230010009a,269,"케이크, 과일(후르츠)","케이크,과일(후르츠)",케이크,케이크,곡류 및 그 제품,,USDA('18),10.4,INGREDIENT,1,0,,9,MEASURED,[],[],324,61.6,2.9,9.1,3.7,101,33,2.07,153,7,0.5
56031f30-8c84-5cee-945c-d9827e02f663,A0230030009a,270,"케이크, 롤 케이크","케이크,롤 케이크",케이크,케이크,곡류 및 그 제품,,농진청('15),10.4,INGREDIENT,1,0,,9,MEASURED,[],[],369,39.24,7.51,20.22,6.3,162,32,0.87,95,78,0
b42f703b-7c4d-5c65-8ea4-e11b241c6a01,A0230050009a,272,"케이크, 생크림 블루베리","케이크,생크림 블루베리",케이크,케이크,곡류 및 그 제품,,농진청('15),10.4,INGREDIENT,1,0,,9,MEASURED,[],[],280,24.39,3.03,18.88,0.8,67,44,0.45,106,131,2.36
b4de13a6-ab16-5e7a-bc12-9a81f1142445,A0230070009a,274,"케이크, 스펀지 케이크","케이크,스펀지 케이크",케이크,케이크,곡류 및 그 제품,,농진청('21),10.4,INGREDIENT,1,0,,9,MEASURED,[],[],300,53.16,5.09,7.4,1.3,118,48,1.22,127,42,0
b7c6ee84-10b2-53ed-aa04-77b809b59561,A0230080009a,275,"케이크, 엔젤푸드 케이크","케이크,엔젤푸드 케이크",케이크,케이크,곡류 및 그 제품,,USDA('18),10.4,INGREDIENT,1,0,,9,MEASURED,[],[],258,57.8,5.9,0.8,1.5,749,140,0.52,93,0,0
761c06b6-68fa-52dc-8799-4672eb7a7ace,A0230090009a,276,"케이크, 초콜릿 케이크","케이크,초콜릿 케이크",케이크,케이크,곡류 및 그 제품,,농진청('15),10.4,INGREDIENT,1,0,,9,MEASURED,[],[],417,49.31,5.23,22.09,0.7,146,54,2.65,318,69,0
fca69e8f-a33c-5d9d-b568-04b6574751ea,A0230100009a,277,"케이크, 치즈 케이크","케이크,치즈 케이크",케이크,케이크,곡류 및 그 제품,,농진청('15),10.4,INGREDIENT,1,0,,9,MEASURED,[],[],331,28.82,5.87,21.32,0.7,240,100,0.78,122,133,0
f8f5d2c8-22af-5b8a-a9e7-e70ee04c5d09,A0230120009a,278,"케이크, 파운드 케이크","케이크,파운드 케이크",케이크,케이크,곡류 및 그 제품,,농진청('15),10.4,INGREDIENT,1,0,,9,MEASURED,[],[],408,49.65,5.66,20.71,0.9,207,52,0.74,130,147,0
d821a222-a615-5468-b435-484a51bdf07d,A0230130009a,279,"케이크, 팬케이크","케이크,팬케이크",케이크,케이크,곡류 및 그 제품,,농진청('22),10.4,INGREDIENT,1,0,,9,MEASURED,[],[],261,47.24,7.15,4.87,1.1,507,114,0.68,132,22,0
c739864d-2c85-5c1a-a0be-27e7d4a0c24d,A025001A010a,280,"보리, 겉보리, 도정, 생것","보리,겉보리,도정,생것",보리,보리,곡류 및 그 제품,생것,농진청('20),10.4,INGREDIENT,1,0,,30,MEASURED,[],[],349,76.89,8.75,1.67,10.9,3,33,1.84,223,0,0
db604109-151a-5c32-a35f-66b55afce77b,A025011A010a,281,"보리, 겉보리, 큰알보리1호, 도정, 생것","보리,겉보리,큰알보리1호,도정,생것",보리,보리,곡류 및 그 제품,생것,농진청('20),10.4,INGREDIENT,1,0,,30,MEASURED,[],[],345,76.39,8.13,1.75,9.5,4,26,1.65,172,0,0
80c984a8-42be-5798-b77a-b7c90c99865b,A025012A010a,282,"보리, 겉보리, 흑수정찰, 도정, 생것","보리,겉보리,흑수정찰,도정,생것",보리,보리,곡류 및 그 제품,생것,농진청('20),10.4,INGREDIENT,1,0,,30,MEASURED,[],[],352,77.39,9.38,1.6,12.4,2,40,2.03,274,0,0
55b0761a-e826-5ed8-a03d-792063d91e61,A025008A010a,283,"보리, 겉보리, 늘보리, 도정, 생것","보리,겉보리,늘보리,도정,생것",보리,보리,곡류 및 그 제품,생것,농진청('14),10.4,INGREDIENT,1,0,,30,MEASURED,[],[],346,75.08,9.79,1.77,20.8,6,30,2.44,216,0,0
70a8119f-e138-5adc-88f9-59777d878c2b,A025001A070a,284,"보리, 겉보리, 조곡, 생것","보리,겉보리,조곡,생것",보리,보리,곡류 및 그 제품,생것,농진청('20),10.4,INGREDIENT,1,0,,30,MEASURED,[],[],347,72.84,11.01,2.37,19.6,7,55,4.7,493,0,0
d403dafc-068a-579f-8664-e30417106881,A025011A070a,285,"보리, 겉보리, 큰알보리1호, 조곡, 생것","보리,겉보리,큰알보리1호,조곡,생것",보리,보리,곡류 및 그 제품,생것,농진청('20),10.4,INGREDIENT,1,0,,30,MEASURED,[],[],345,72.85,10.39,2.41,19.8,6,52,4.54,412,0,0
a00095d1-7568-5725-bc51-ea99707affaa,A025012A070a,286,"보리, 겉보리, 흑수정찰, 조곡, 생것","보리,겉보리,흑수정찰,조곡,생것",보리,보리,곡류 및 그 제품,생것,농진청('20),10.4,INGREDIENT,1,0,,30,MEASURED,[],[],349,72.82,11.64,2.34,19.4,7,58,4.87,574,1,0
0169f051-adb0-5044-a567-d8c9bedea5d9,A0250010469a,287,"보리, 겉보리, 압맥","보리,겉보리,압맥",보리,보리,곡류 및 그 제품,,농진청('14),10.4,INGREDIENT,1,0,,30,MEASURED,[],[],343,75.38,8.74,1.66,11,9,30,2.4,202,0,0
45b22252-f3ba-595c-a7d4-c842d1a00938,A0250010479a,288,"보리, 겉보리, 할맥","보리,겉보리,할맥",보리,보리,곡류 및 그 제품,,농진청('14),10.4,INGREDIENT,1,0,,30,MEASURED,[],[],354,77.71,9.3,1.67,17,11,31,2.02,211,0,0
dfcc303c-345d-581a-ab09-9b9e00ae662a,A0260040009a,289,"보리, 겉보리, 밥","보리,겉보리,밥",보리,보리,곡류 및 그 제품,,농진청('20),10.4,INGREDIENT,1,0,,30,MEASURED,[],[],144,31.79,3.55,0.7,2.7,0,11,0.69,57,0,0
8c30ada1-ad79-5dd5-81ca-62f1e4a22822,A0260050009a,290,"보리, 겉보리, 큰알보리1호, 밥","보리,겉보리,큰알보리1호,밥",보리,보리,곡류 및 그 제품,,농진청('20),10.4,INGREDIENT,1,0,,30,MEASURED,[],[],138,30.6,3.17,0.65,1.9,0,9,0.63,37,0,0
677884ee-1438-504f-bf27-f9ea9677624d,A0260060009a,291,"보리, 겉보리, 흑수청찰, 밥","보리,겉보리,흑수청찰,밥",보리,보리,곡류 및 그 제품,,농진청('20),10.4,INGREDIENT,1,0,,30,MEASURED,[],[],150,32.97,3.93,0.75,3.4,0,14,0.75,76,0,0
7f6f819c-c9f2-5801-bdd1-dc8d66f3be29,A025002A010a,292,"보리, 맥주보리, 두산8호, 도정, 생것","보리,맥주보리,두산8호,도정,생것",보리,보리,곡류 및 그 제품,생것,농진청('05),10.4,INGREDIENT,1,0,,30,PARTIAL,[],[],352,78,10,1,,18,24,1.7,270,0,0
e27d5bed-1d96-548e-9b45-65f498a6b4da,A025005A010a,293,"보리, 쌀보리, 도정, 생것","보리,쌀보리,도정,생것",보리,보리,곡류 및 그 제품,생것,농진청('20),10.4,INGREDIENT,1,1,NUTRITION_MEDOID_RAW,30,MEASURED,[],[],341,75.04,8.66,1.66,12.5,5,38,2.28,275,0,0
1b341f1d-9ee2-525b-90c9-0e4489b6ecfe,A025009A010a,294,"보리, 쌀보리, 누리찰, 도정, 생것","보리,쌀보리,누리찰,도정,생것",보리,보리,곡류 및 그 제품,생것,농진청('20),10.4,INGREDIENT,1,0,,30,MEASURED,[],[],340,74.77,8.89,1.57,11.8,7,56,2.79,320,0,0
4a5a3b84-85d6-5a80-97f1-79f55ae45f4b,A025010A010a,295,"보리, 쌀보리, 호강, 도정, 생것","보리,쌀보리,호강,도정,생것",보리,보리,곡류 및 그 제품,생것,농진청('20),10.4,INGREDIENT,1,0,,30,MEASURED,[],[],341,75.91,7.8,1.59,12.8,4,29,1.45,224,0,0
1ad46d7f-4b46-5010-9e08-0de15e27014d,A025007A010a,296,"보리, 쌀보리, 찰보리, 도정, 생것","보리,쌀보리,찰보리,도정,생것",보리,보리,곡류 및 그 제품,생것,농진청('14),10.4,INGREDIENT,1,0,,30,MEASURED,[],[],346,72.29,11.87,2.15,13.6,5,34,3.37,296,0,0.47
431c9f03-3f5f-5ef8-9aab-7d4bc39c028f,A025004A010a,297,"보리, 쌀보리, 찰보리, 서둔찰, 도정, 생것","보리,쌀보리,찰보리,서둔찰,도정,생것",보리,보리,곡류 및 그 제품,생것,농진청('05),10.4,INGREDIENT,1,0,,30,PARTIAL,[],[],354,78.5,9.7,1.1,,13,26,2.9,227,0,
1dc26cf0-a837-59ec-9c0c-54e5038ebbbe,A0250070479a,298,"보리, 쌀보리, 찰보리, 할맥","보리,쌀보리,찰보리,할맥",보리,보리,곡류 및 그 제품,,농진청('06),10.4,INGREDIENT,1,0,,30,PARTIAL,[],[],362,82,8.5,1,,7,28,1.8,269,6,0
bedd3ee8-8d66-51a4-b930-6cb6d58cf4f8,A0260010009a,299,"보리, 쌀보리, 밥","보리,쌀보리,밥",보리,보리,곡류 및 그 제품,,농진청('20),10.4,INGREDIENT,1,0,,30,MEASURED,[],[],144,31.72,3.58,0.73,3.3,1,14,0.78,66,0,0
3e356cbf-5f3f-5409-b89d-bb6ec641fb87,A0260020009a,300,"보리, 쌀보리, 누리찰, 밥","보리,쌀보리,누리찰,밥",보리,보리,곡류 및 그 제품,,농진청('20),10.4,INGREDIENT,1,0,,30,MEASURED,[],[],142,30.99,3.77,0.72,2.4,1,16,0.94,73,0,0
b2cc6405-b98d-5425-8df4-0e5f97551f1e,A0260030009a,301,"보리, 쌀보리, 호강, 밥","보리,쌀보리,호강,밥",보리,보리,곡류 및 그 제품,,농진청('20),10.4,INGREDIENT,1,0,,30,MEASURED,[],[],146,32.45,3.39,0.73,4.2,1,11,0.63,59,0,0
9506b581-962b-519f-a0fb-b5bf922f3741,A0250000005a,302,"보리, 가루","보리,가루",보리,보리,곡류 및 그 제품,,농진청('14),10.4,INGREDIENT,1,0,,30,MEASURED,[],[],357,76.48,11.16,1.83,12.8,20,35,2.44,287,0,0
21fb22d6-bc82-5e22-b381-54ed2c34c556,A025000B035a,303,"보리, 가루, 껍질 포함","보리,가루,껍질 포함",보리,보리,곡류 및 그 제품,,농진청('14),10.4,INGREDIENT,1,0,,30,MEASURED,[],[],364,76.09,10.95,2.99,22.099999999999998,17,48,7.68,307,1,0
448c17cc-c82c-563b-b49f-e378812c6060,A0250060001a,305,"보리, 엿기름","보리,엿기름",보리,보리,곡류 및 그 제품,,농진청('14),10.4,INGREDIENT,1,0,,30,MEASURED,[],[],358,71.68,14.65,2.71,20.400000000000002,10,48,8.63,289,6,0
f1a47c3a-6bf0-5d26-9f87-e2af7c12fad9,A027000A010a,306,"수수, 도정, 생것","수수,도정,생것",수수,수수,곡류 및 그 제품,생것,농진청('19),10.4,INGREDIENT,1,0,,6,MEASURED,[],[],374,73.63,11.67,3.01,6.4,6,8,2.84,367,0,0
c7b2483e-9559-5fdb-b087-666ccfae8638,A027001A010a,307,"수수, 찰수수, 도정, 생것","수수,찰수수,도정,생것",수수,수수,곡류 및 그 제품,생것,농진청('21),10.4,INGREDIENT,1,0,,6,MEASURED,[],[],368,72.54,10.94,3.17,6.3,3,8,2.28,399,1,0
15a42d5c-48bb-53df-bf0c-311a4a88a6ba,A027003A010a,308,"수수, 찰수수, 남풍찰, 도정, 생것","수수,찰수수,남풍찰,도정,생것",수수,수수,곡류 및 그 제품,생것,농진청('19),10.4,INGREDIENT,1,1,NUTRITION_MEDOID_RAW,6,MEASURED,[],[],378,74.03,11.03,3.67,6.4,5,8,2.3,365,1,0
244af1f2-f292-5e46-8c58-6a0293773597,A027004A010a,309,"수수, 찰수수, 소담찰, 도정, 생것","수수,찰수수,소담찰,도정,생것",수수,수수,곡류 및 그 제품,생것,농진청('19),10.4,INGREDIENT,1,0,,6,MEASURED,[],[],376,73.19,12.73,3.02,6.5,4,8,2.36,375,0,0
9d905ad8-9fc2-5468-b4c0-aa4a146bc3b2,A0270000480a,310,"수수, 통수수, 생것","수수,통수수,생것",수수,수수,곡류 및 그 제품,생것,농진청('93),10.4,INGREDIENT,1,0,,6,PARTIAL,[],[],360,76.5,10.5,3.1,,4,10,2.1,524,0,0
73f5a96b-e38c-5960-ae59-67d91ffccb5f,A0280010009a,311,"수수떡, 수수경단","수수떡,수수경단",수수떡,수수떡,곡류 및 그 제품,,농진청('21),10.4,INGREDIENT,1,0,,1,MEASURED,[],[],224,49,5.04,0.89,0.9,288,15,0.53,117,0,0
b3b8aeef-1a6f-53c7-a97b-04031f6e0a92,A0290170009a,312,"시리얼, 쌀","시리얼,쌀",시리얼,시리얼,곡류 및 그 제품,,농진청('13),10.4,INGREDIENT,1,0,,7,MEASURED,[],[],390,86.99,6.65,1.68,1.9,625,259,18.75,91,1208,169.96
12f625ca-ab44-5993-aaa6-dcbc7aac6c49,A0290100009a,313,"시리얼, 옥수수","시리얼,옥수수",시리얼,시리얼,곡류 및 그 제품,,농진청('13),10.4,INGREDIENT,1,1,LOWEST_COMPLEXITY_VARIANT,7,MEASURED,[],[],378,88.05,5.11,0.59,2.5,434,3,8.96,63,2431,201.26
7804b07c-9685-5b0b-871e-b20f6c926eea,A0290160009a,314,"시리얼, 옥수수, 그래놀라, 건조과일","시리얼,옥수수,그래놀라,건조과일",시리얼,시리얼,곡류 및 그 제품,,농진청('13),10.4,INGREDIENT,1,0,,7,MEASURED,[],[],395,84.66,5.81,3.65,3.3,390,41,11.95,129,1605,190.89
7f6bbafb-3d0e-5670-8841-0f6cbfb233b1,A0290150009a,315,"시리얼, 옥수수, 그래놀라, 코코넛","시리얼,옥수수,그래놀라,코코넛",시리얼,시리얼,곡류 및 그 제품,,농진청('13),10.4,INGREDIENT,1,0,,7,MEASURED,[],[],434,80.93,5.56,9.75,4.7,279,19,7.31,132,390,179.55
68a44a5b-dff9-51bc-893d-10939807d0c6,A0290040009a,316,"시리얼, 옥수수, 아몬드","시리얼,옥수수,아몬드",시리얼,시리얼,곡류 및 그 제품,,농진청('13),10.4,INGREDIENT,1,0,,7,MEASURED,[],[],426,78.18,7.3,9.29,4.4,379,35,7.83,170,511,107.16
d335599d-1e7a-5357-8558-b2081c2bf646,A0290180009a,317,"시리얼, 옥수수, 코코아","시리얼,옥수수,코코아",시리얼,시리얼,곡류 및 그 제품,,농진청('13),10.4,INGREDIENT,1,0,,7,MEASURED,[],[],407,85.78,6.08,4.34,4.6000000000000005,232,203,7.65,320,790,222.84
863928a5-50f7-5a34-ad7f-5d27e6bff349,A0290130009a,318,"시리얼, 현미","시리얼,현미",시리얼,시리얼,곡류 및 그 제품,,농진청('13),10.4,INGREDIENT,1,0,,7,MEASURED,[],[],394,85.33,6.8,2.79,3.3,551,11,8.97,225,1008,155.27
f0c0e9b2-1998-581b-a1af-4c566468ceb6,A048000C010a,319,"아마란스, 노란색, 말린것","아마란스,노란색,말린것",아마란스,아마란스,곡류 및 그 제품,말린것,농진청('15),10.4,INGREDIENT,1,1,LOWEST_COMPLEXITY_VARIANT,2,MEASURED,[],[],383,67.27,17.09,5.94,13.8,0,252,9.79,615,5,4.04
e5ae1f04-14e9-593c-8d62-328d9ecdb98b,A048000C020a,320,"아마란스, 빨간색, 말린것","아마란스,빨간색,말린것",아마란스,아마란스,곡류 및 그 제품,말린것,농진청('15),10.4,INGREDIENT,1,0,,2,MEASURED,[],[],381,67.59,16.47,5.78,16.4,0,287,9.21,418,4,3.57
fa403a93-124f-56ab-ab0c-9fb98398ba5a,A0300020000a,321,"옥수수, 단옥수수, 생것","옥수수,단옥수수,생것",옥수수,옥수수,곡류 및 그 제품,생것,농진청('20),10.4,INGREDIENT,1,0,,43,MEASURED,[],[],118,23.39,4.01,1.5,3.1,0,3,0.75,261,1,6.53
a2347054-0f58-5723-9850-813233cb2549,A0300240000a,322,"옥수수, 단옥수수, 고당옥, 생것","옥수수,단옥수수,고당옥,생것",옥수수,옥수수,곡류 및 그 제품,생것,농진청('20),10.4,INGREDIENT,1,0,,43,MEASURED,[],[],108,21.61,3.87,1.24,2.8,0,3,0.67,267,1,6.82
97f4f3f5-974a-5f5c-9f28-77880b6960d2,A0300250000a,323,"옥수수, 단옥수수, 고당옥1호, 생것","옥수수,단옥수수,고당옥1호,생것",옥수수,옥수수,곡류 및 그 제품,생것,농진청('20),10.4,INGREDIENT,1,0,,43,MEASURED,[],[],108,21.82,3.91,1.09,2.2,0,3,0.63,269,1,7.23
1744dad6-e227-5dc3-82d8-2a65f886172c,A0300260000a,324,"옥수수, 단옥수수, 단옥3호, 생것","옥수수,단옥수수,단옥3호,생것",옥수수,옥수수,곡류 및 그 제품,생것,농진청('20),10.4,INGREDIENT,1,0,,43,MEASURED,[],[],137,26.74,4.26,2.15,4.3,0,4,0.95,248,1,5.55
34bbd880-7c1b-5f2d-8cdc-08f02fa31124,A0300020009b,325,"옥수수, 단옥수수, 삶은것","옥수수,단옥수수,삶은것",옥수수,옥수수,곡류 및 그 제품,삶은것,농진청('20),10.4,INGREDIENT,1,0,,43,MEASURED,[],[],118,23.53,3.99,1.47,3.2,0,4,0.7,252,1,6.16
c9479e62-2b7c-5201-b0ea-f03056343db9,A0300240009b,326,"옥수수, 단옥수수, 고당옥, 삶은것","옥수수,단옥수수,고당옥,삶은것",옥수수,옥수수,곡류 및 그 제품,삶은것,농진청('20),10.4,INGREDIENT,1,0,,43,MEASURED,[],[],112,22.64,3.93,1.2,2.8,0,3,0.58,260,1,5.3
e4d0fe32-4a3d-55e0-b0e5-708b899a90a6,A0300250009b,327,"옥수수, 단옥수수, 고당옥1호, 삶은것","옥수수,단옥수수,고당옥1호,삶은것",옥수수,옥수수,곡류 및 그 제품,삶은것,농진청('20),10.4,INGREDIENT,1,0,,43,MEASURED,[],[],108,21.25,4.14,1.33,2.9,0,5,0.71,248,1,5.91
1d46a8ab-1fb6-5523-9761-ad8c7add4c11,A0300260009b,328,"옥수수, 단옥수수, 단옥3호, 삶은것","옥수수,단옥수수,단옥3호,삶은것",옥수수,옥수수,곡류 및 그 제품,삶은것,농진청('20),10.4,INGREDIENT,1,0,,43,MEASURED,[],[],134,26.71,3.91,1.89,4,0,4,0.83,249,1,7.28
1ff5177f-1173-59dc-b0bb-46b10940313d,A0300020009e,329,"옥수수, 단옥수수, 찐것","옥수수,단옥수수,찐것",옥수수,옥수수,곡류 및 그 제품,찐것,농진청('96),10.4,INGREDIENT,1,0,,43,PARTIAL,[],[],135,29.1,4.2,0.7,,1,21,2.1,356,12,0
97cd17c9-a5c5-5f2d-bdb3-c327e3da7a1a,A0300030000a,330,"옥수수, 메옥수수, 생것","옥수수,메옥수수,생것",옥수수,옥수수,곡류 및 그 제품,생것,농진청('16),10.4,INGREDIENT,1,0,,43,MEASURED,[],[],178,36.26,5.34,2.06,4.9,0,4,1.01,270,0,5.43
b3eff342-9127-5ce6-b036-1476f7fe08f9,A0300030009b,331,"옥수수, 메옥수수, 삶은것","옥수수,메옥수수,삶은것",옥수수,옥수수,곡류 및 그 제품,삶은것,농진청('16),10.4,INGREDIENT,1,0,,43,MEASURED,[],[],173,34.89,5.11,2.19,5.7,0,4,0.95,246,1,2.07
316c6502-ca2c-51c6-b471-695c8cf02329,A0300030009f,332,"옥수수, 메옥수수, 구운것","옥수수,메옥수수,구운것",옥수수,옥수수,곡류 및 그 제품,구운것,농진청('84),10.4,INGREDIENT,1,0,,43,PARTIAL,[],[],372,78.3,8.9,3.9,,1,,1.5,301,25,0
1798a524-7016-5031-aca2-f564de7ad919,A0300030001a,333,"옥수수, 메옥수수, 말린것","옥수수,메옥수수,말린것",옥수수,옥수수,곡류 및 그 제품,말린것,농진청('19),10.4,INGREDIENT,1,0,,43,MEASURED,[],[],358,74.12,9.94,3.83,7.1,3,10,2.63,343,3,0.12
9c4027ce-6114-5c1b-9d4b-2b00a65756a2,A0300100001a,334,"옥수수, 메옥수수, 강다옥, 말린것","옥수수,메옥수수,강다옥,말린것",옥수수,옥수수,곡류 및 그 제품,말린것,농진청('18),10.4,INGREDIENT,1,0,,43,MEASURED,[],[],361,73.68,9.82,4.46,9.4,2,25,2.56,375,1,0
4a9937da-c12d-59fa-8c23-8ccc86ae53e7,A0300110001a,335,"옥수수, 메옥수수, 광평옥, 말린것","옥수수,메옥수수,광평옥,말린것",옥수수,옥수수,곡류 및 그 제품,말린것,농진청('18),10.4,INGREDIENT,1,0,,43,MEASURED,[],[],358,72.54,9.73,4.69,11,3,8,2.54,370,6,0
ef8d4f65-a9cb-5261-86ab-456969c8f41c,A0300120001a,336,"옥수수, 메옥수수, 다안옥, 말린것","옥수수,메옥수수,다안옥,말린것",옥수수,옥수수,곡류 및 그 제품,말린것,농진청('18),10.4,INGREDIENT,1,0,,43,MEASURED,[],[],356,72.49,10.25,4.28,7.6,2,6,2.58,325,5,1.69
7db9d130-6c76-5b55-b2be-07e27968eaa3,A0300130001a,337,"옥수수, 메옥수수, 다평옥, 말린것","옥수수,메옥수수,다평옥,말린것",옥수수,옥수수,곡류 및 그 제품,말린것,농진청('19),10.4,INGREDIENT,1,0,,43,MEASURED,[],[],359,75.32,9.02,3.64,5.7,4,19,3.16,353,2,0
da35534e-55e1-5d12-9401-d83947a94c98,A0300140001a,338,"옥수수, 메옥수수, 신광옥, 말린것","옥수수,메옥수수,신광옥,말린것",옥수수,옥수수,곡류 및 그 제품,말린것,농진청('19),10.4,INGREDIENT,1,0,,43,MEASURED,[],[],354,74.78,9.79,3.06,7.1,5,9,2.77,326,3,0
b49433fa-db08-5d61-8b80-ce81fb50292e,A0300150001a,339,"옥수수, 메옥수수, 신황옥, 말린것","옥수수,메옥수수,신황옥,말린것",옥수수,옥수수,곡류 및 그 제품,말린것,농진청('19),10.4,INGREDIENT,1,0,,43,MEASURED,[],[],357,74.14,10.22,3.62,7.2,2,8,3.06,375,1,0
53653c14-b57e-5520-8e59-77e49cad4da6,A0300160001a,340,"옥수수, 메옥수수, 안다옥, 말린것","옥수수,메옥수수,안다옥,말린것",옥수수,옥수수,곡류 및 그 제품,말린것,농진청('19),10.4,INGREDIENT,1,0,,43,MEASURED,[],[],356,74.3,10.25,3.41,6.8,3,7,2.37,318,4,0
ec03101b-6171-55a5-9722-7e06c17335eb,A0300170001a,341,"옥수수, 메옥수수, 양안옥, 말린것","옥수수,메옥수수,양안옥,말린것",옥수수,옥수수,곡류 및 그 제품,말린것,농진청('19),10.4,INGREDIENT,1,0,,43,MEASURED,[],[],358,74.98,9.56,3.61,7.2,6,9,2.08,290,2,0
9e66adf5-2897-5147-9691-87b318165358,A0300180001a,342,"옥수수, 메옥수수, 장다옥, 말린것","옥수수,메옥수수,장다옥,말린것",옥수수,옥수수,곡류 및 그 제품,말린것,농진청('19),10.4,INGREDIENT,1,0,,43,MEASURED,[],[],357,73.36,11,3.76,4.4,2,9,2.93,313,2,0
4d0a617b-687b-502f-92c1-7998e6689652,A0300190001a,343,"옥수수, 메옥수수, 청다옥, 말린것","옥수수,메옥수수,청다옥,말린것",옥수수,옥수수,곡류 및 그 제품,말린것,농진청('19),10.4,INGREDIENT,1,0,,43,MEASURED,[],[],360,75.96,8.93,3.47,6.2,4,6,2.29,299,1,0
66c1d5f1-acbe-5ecf-ba73-fb81abb3b0c2,A0300200001a,344,"옥수수, 메옥수수, 청안옥, 말린것","옥수수,메옥수수,청안옥,말린것",옥수수,옥수수,곡류 및 그 제품,말린것,농진청('19),10.4,INGREDIENT,1,0,,43,MEASURED,[],[],360,75.29,9.11,3.8,6.2,2,8,2.17,371,1,0
57f6ec1b-01d2-508a-87ed-3928bd7e5804,A0300210001a,345,"옥수수, 메옥수수, 평강옥, 말린것","옥수수,메옥수수,평강옥,말린것",옥수수,옥수수,곡류 및 그 제품,말린것,농진청('19),10.4,INGREDIENT,1,0,,43,MEASURED,[],[],359,75.3,9.45,3.54,6.7,1,6,2.72,341,3,0
807523e8-7fe0-587c-82e4-39e59be19197,A0300220001a,346,"옥수수, 메옥수수, 평안옥, 말린것","옥수수,메옥수수,평안옥,말린것",옥수수,옥수수,곡류 및 그 제품,말린것,농진청('19),10.4,INGREDIENT,1,0,,43,MEASURED,[],[],358,71.24,11.77,4.61,7.8,4,7,2.52,368,3,0
080c8831-ea68-5d43-ae9e-a97da6462f87,A0300230001a,347,"옥수수, 메옥수수, 황다옥, 말린것","옥수수,메옥수수,황다옥,말린것",옥수수,옥수수,곡류 및 그 제품,말린것,농진청('19),10.4,INGREDIENT,1,0,,43,MEASURED,[],[],358,74.27,10.32,3.65,6.2,2,9,3.13,375,2,0
a5122b1d-8fff-50de-86e7-a152515a5bb5,A0300070000a,348,"옥수수, 찰옥수수, 생것","옥수수,찰옥수수,생것",옥수수,옥수수,곡류 및 그 제품,생것,농진청('20),10.4,INGREDIENT,1,0,,43,MEASURED,[],[],141,28.96,4.79,1.4,4.8,0,5,0.82,303,1,6.17
45d4f72d-8825-5f58-8174-10f417cb863d,A0300270000a,349,"옥수수, 찰옥수수, 대학, 생것","옥수수,찰옥수수,대학,생것",옥수수,옥수수,곡류 및 그 제품,생것,농진청('18),10.4,INGREDIENT,1,0,,43,MEASURED,[],[],164,34.02,4.79,1.62,5.4,1,5,1.12,297,1,3.47
028264e3-87a1-5a18-93f4-7ec4bc389020,A0300280000a,350,"옥수수, 찰옥수수, 일미찰, 생것","옥수수,찰옥수수,일미찰,생것",옥수수,옥수수,곡류 및 그 제품,생것,농진청('20),10.4,INGREDIENT,1,0,,43,MEASURED,[],[],126,25.18,5.12,1.25,3.9,0,6,0.66,322,0,8.45
30c061f3-c1cc-56c8-b729-f0e15ec10fb4,A0300290000a,351,"옥수수, 찰옥수수, 찰옥4호, 생것","옥수수,찰옥수수,찰옥4호,생것",옥수수,옥수수,곡류 및 그 제품,생것,농진청('20),10.4,INGREDIENT,1,0,,43,MEASURED,[],[],162,33.96,4.63,1.51,6.2,0,5,0.87,290,0,5.23
f0aacd05-1bf8-59a6-9d22-d12ee99597ef,A0300300000a,352,"옥수수, 찰옥수수, 황금맛찰, 생것","옥수수,찰옥수수,황금맛찰,생것",옥수수,옥수수,곡류 및 그 제품,생것,농진청('20),10.4,INGREDIENT,1,1,NUTRITION_MEDOID_RAW,43,MEASURED,[],[],114,22.68,4.62,1.21,3.8,0,5,0.62,303,1,7.53
fa0a9bfe-b8a3-5b04-8740-154cd83a46a1,A0300070009b,353,"옥수수, 찰옥수수, 삶은것","옥수수,찰옥수수,삶은것",옥수수,옥수수,곡류 및 그 제품,삶은것,농진청('20),10.4,INGREDIENT,1,0,,43,MEASURED,[],[],136,27.42,4.72,1.48,4.5,0,6,0.75,267,1,6.62
727c2a3c-62f9-5d08-9c68-2a77ef2dd2e2,A0300270009b,354,"옥수수, 찰옥수수, 대학, 삶은것","옥수수,찰옥수수,대학,삶은것",옥수수,옥수수,곡류 및 그 제품,삶은것,농진청('18),10.4,INGREDIENT,1,0,,43,MEASURED,[],[],140,28.85,4.22,1.42,4.4,2,6,0.9,234,1,2.74
aeb791a0-11a6-57ef-80c1-6c7c44857544,A0300280009b,355,"옥수수, 찰옥수수, 일미찰, 삶은것","옥수수,찰옥수수,일미찰,삶은것",옥수수,옥수수,곡류 및 그 제품,삶은것,농진청('20),10.4,INGREDIENT,1,0,,43,MEASURED,[],[],129,25.69,5.14,1.37,4.4,0,6,0.73,302,0,11.94
a5f65366-2bdd-5daa-aba2-4863c3c9976d,A0300290009b,356,"옥수수, 찰옥수수, 찰옥4호, 삶은것","옥수수,찰옥수수,찰옥4호,삶은것",옥수수,옥수수,곡류 및 그 제품,삶은것,농진청('20),10.4,INGREDIENT,1,0,,43,MEASURED,[],[],156,31.65,4.73,1.9,5,0,5,0.8,247,0,5.44
13f4626f-64b2-5470-9585-727259cfcc03,A0300300009b,357,"옥수수, 찰옥수수, 황금맛찰, 삶은것","옥수수,찰옥수수,황금맛찰,삶은것",옥수수,옥수수,곡류 및 그 제품,삶은것,농진청('20),10.4,INGREDIENT,1,0,,43,MEASURED,[],[],118,23.48,4.78,1.24,4,0,5,0.59,285,1,6.34
2d63f4fc-9626-5388-b61d-314cf452fa0a,A0300070009e,358,"옥수수, 찰옥수수, 찐것","옥수수,찰옥수수,찐것",옥수수,옥수수,곡류 및 그 제품,찐것,농진청('96),10.4,INGREDIENT,1,0,,43,PARTIAL,[],[],132,25.4,6.6,1.4,,1,21,2.3,326,4,0
1ec924c6-36fc-5258-8981-4547457f56a3,A0300070001a,359,"옥수수, 찰옥수수, 말린것","옥수수,찰옥수수,말린것",옥수수,옥수수,곡류 및 그 제품,말린것,농진청('92),10.4,INGREDIENT,1,0,,43,PARTIAL,[],[],371,74.7,11.5,4.6,,2,8,1.8,180,17,4
e3e295e3-4e7f-594f-b895-d67e38076922,A0300000005a,360,"옥수수, 가루","옥수수,가루",옥수수,옥수수,곡류 및 그 제품,,농진청('14),10.4,INGREDIENT,1,0,,43,MEASURED,[],[],364,83.3,7.32,0.97,1.9,2,5,0.73,105,32,0
6b8dc7cc-149a-59f5-84d6-6ab1bea79cd8,A0310010009a,361,"옥수수 과자, 강냉이","옥수수 과자,강냉이",옥수수 과자,옥수수과자,곡류 및 그 제품,,농진청('16),10.4,INGREDIENT,1,0,,3,MEASURED,[],[],409,87.9,7.16,3.25,0.4,51,2,1.55,258,0,0
d32bcca0-2a58-5c30-a6dc-1efc346b1f8a,A0310030009t,362,"옥수수 과자, 팝콘, 전자레인지 조리","옥수수 과자,팝콘,전자레인지 조리",옥수수 과자,옥수수과자,곡류 및 그 제품,,농진청('14),10.4,INGREDIENT,1,0,,3,MEASURED,[],[],497,61.18,8.12,27.28,10.9,315,6,2.03,219,3,0
4c30603b-0937-5a27-937e-a39fd044433e,A0310032619a,363,"옥수수 과자, 팝콘, 캐러멜맛","옥수수 과자,팝콘,캐러멜맛",옥수수 과자,옥수수과자,곡류 및 그 제품,,농진청('18),10.4,INGREDIENT,1,0,,3,MEASURED,[],[],459,77.74,4.77,14.36,8.6,49,22,1.42,143,69,0.44
71281eba-a703-51be-af10-b38096b3c05c,A030000E01Ra,364,"옥수수, 통조림, 가당","옥수수,통조림,가당",옥수수,옥수수,곡류 및 그 제품,,농진청('17),10.4,INGREDIENT,1,0,,43,MEASURED,[],[],105,22.45,2.07,0.73,1.3,206,2,0.35,200,1,4.75
2ddac5a1-d0ef-59f9-9946-8d2a0df81d01,A030000025Ra,365,"옥수수, 통조림, 크림","옥수수,통조림,크림",옥수수,옥수수,곡류 및 그 제품,,JAPAN('20),10.4,INGREDIENT,1,0,,43,MEASURED,[],[],82,18.6,1.7,0.5,1.8,260,2,0.4,150,1,3
a6963579-9d02-5b36-8664-c19a20920f3b,A0320000009a,367,옥수수묵,옥수수묵,옥수수묵,옥수수묵,곡류 및 그 제품,,농진청('01),10.4,INGREDIENT,1,1,EXACT_BASE_NAME,1,PARTIAL,[],[],55,12.6,1.1,0,,28,154,0.7,4,,0
c6c13629-c7fb-546a-bb2e-50aa02e84e39,A0330010009a,368,"옥수수 샐러드, 콘샐러드","옥수수 샐러드,콘샐러드",옥수수 샐러드,옥수수샐러드,곡류 및 그 제품,,농진청('22),10.4,INGREDIENT,1,1,LOWEST_COMPLEXITY_VARIANT,1,MEASURED,[],[],129,15.96,1.78,6.42,0.9,259,2,0.26,105,30,0
f8dfdfc2-cc84-573a-9c1a-50c56ee29350,A034000A010a,369,"율무, 도정, 생것","율무,도정,생것",율무,율무,곡류 및 그 제품,생것,농진청('19),10.4,INGREDIENT,1,1,NUTRITION_MEDOID_RAW,3,MEASURED,[],[],380,67.63,14.95,5.25,4.7,4,14,5.41,285,0,0
b230e7c3-1197-517b-b9c9-278c88bc4c4b,A0360000009a,370,"율무, 죽","율무,죽",율무,율무,곡류 및 그 제품,,농진청('19),10.4,INGREDIENT,1,0,,3,MEASURED,[],[],77,13.75,3.26,0.98,0.7,1,3,1.11,58,0,0
b734df02-3b46-5c94-8316-2f72f8aeb3de,A0470002590a,372,"잡곡, 현미, 찹쌀, 현미찹쌀, 보리 등, 생것","잡곡,현미,찹쌀,현미찹쌀,보리 등,생것",잡곡,잡곡,곡류 및 그 제품,생것,농진청('15),10.4,INGREDIENT,1,1,NUTRITION_MEDOID_RAW,1,MEASURED,[],[],358,73.4,9.79,2.09,6.2,4,27,1.66,366,0,0
512ecc66-80a8-5e6a-802c-2fb4e76b7dfe,A037001A010a,373,"조, 메조, 도정, 생것","조,메조,도정,생것",조,조,곡류 및 그 제품,생것,농진청('19),10.4,INGREDIENT,1,0,,12,MEASURED,[],[],373,71.7,11.48,3.91,6,6,23,3.45,304,1,0.08
65d73820-eef8-550e-9f41-eb8112fe4c88,A037003A010a,374,"조, 메조, 다황메, 도정, 생것","조,메조,다황메,도정,생것",조,조,곡류 및 그 제품,생것,농진청('19),10.4,INGREDIENT,1,1,NUTRITION_MEDOID_RAW,12,MEASURED,[],[],374,72.3,11.13,3.96,6,11,26,3.25,303,1,0
401f99f1-574c-517f-88bc-0bccda014704,A037004A010a,375,"조, 메조, 단아메, 도정, 생것","조,메조,단아메,도정,생것",조,조,곡류 및 그 제품,생것,농진청('19),10.4,INGREDIENT,1,0,,12,MEASURED,[],[],372,69.16,13.45,4.17,6,8,25,3.31,334,1,0.41
c16aa62c-072e-533f-ac40-38209bcd2bff,A037005A010a,376,"조, 메조, 삼다메, 도정, 생것","조,메조,삼다메,도정,생것",조,조,곡류 및 그 제품,생것,농진청('19),10.4,INGREDIENT,1,0,,12,MEASURED,[],[],372,72.57,10.78,3.74,6,6,28,3.33,298,1,0
763f6cf6-541e-5438-8428-0d3c5fa9ab2b,A037006A010a,377,"조, 메조, 조황메, 도정, 생것","조,메조,조황메,도정,생것",조,조,곡류 및 그 제품,생것,농진청('19),10.4,INGREDIENT,1,0,,12,MEASURED,[],[],373,71.68,11.33,4,6,6,21,3.7,306,1,0
b49171bf-b6ba-5996-b72c-3bf4ec751d43,A037001A019e,378,"조, 메조, 도정, 찐것","조,메조,도정,찐것",조,조,곡류 및 그 제품,찐것,농진청('13),10.4,INGREDIENT,1,0,,12,MEASURED,[],[],115,22.71,3.14,1.13,2.7,1,8,1.31,40,0,0.14
9e19e7b6-f6fb-5cf9-bacd-8628705f6d5b,A037002A010a,379,"조, 차조, 도정, 생것","조,차조,도정,생것",조,조,곡류 및 그 제품,생것,농진청('21),10.4,INGREDIENT,1,0,,12,MEASURED,[],[],370,71.69,10.95,3.85,4.9,4,23,3.68,335,1,0
2cb081db-0c6d-5515-ac5b-adc1ab3818e7,A037007A010a,380,"조, 차조, 경관1호, 도정, 생것","조,차조,경관1호,도정,생것",조,조,곡류 및 그 제품,생것,농진청('19),10.4,INGREDIENT,1,0,,12,MEASURED,[],[],376,73.5,10.74,3.82,5.5,4,18,2.9,316,2,0
69b359da-808e-51f3-b5fb-166ebf58a69d,A037008A010a,381,"조, 차조, 경관2호, 도정, 생것","조,차조,경관2호,도정,생것",조,조,곡류 및 그 제품,생것,농진청('19),10.4,INGREDIENT,1,0,,12,MEASURED,[],[],375,70.03,12.83,4.37,5,6,26,3.93,339,1,0
bcb4356d-7eb3-55a4-bfa6-1c9b10806ea5,A037009A010a,382,"조, 차조, 삼다찰, 도정, 생것","조,차조,삼다찰,도정,생것",조,조,곡류 및 그 제품,생것,농진청('19),10.4,INGREDIENT,1,0,,12,MEASURED,[],[],369,70.39,12.07,3.86,4.9,4,28,4.15,370,1,0
eeae6ea4-29d3-5e1d-b617-cf4d79cc2b20,A037010A010a,383,"조, 차조, 황미찰, 도정, 생것","조,차조,황미찰,도정,생것",조,조,곡류 및 그 제품,생것,농진청('19),10.4,INGREDIENT,1,0,,12,MEASURED,[],[],371,74.54,9.28,3.38,5,8,38,3.45,352,1,0
2b672aec-bc62-52e8-8638-1f3309efbf92,A038000A030a,384,"찹쌀, 백미, 생것","찹쌀,백미,생것",찹쌀,찹쌀,곡류 및 그 제품,생것,농진청('25),10.4,INGREDIENT,1,0,,26,MEASURED,[],[],364,78.17,6.69,1.09,0.5,1,8,0.31,110,0,0
54c7e4fc-218c-55ac-9f80-dc952e404231,A038005A030a,385,"찹쌀, 백미, 동진찰, 생것","찹쌀,백미,동진찰,생것",찹쌀,찹쌀,곡류 및 그 제품,생것,농진청('15),10.4,INGREDIENT,1,0,,26,MEASURED,[],[],363,78.11,6.64,1.04,0.5,1,7,0.38,111,0,0
ea339a34-45d6-5e5a-984c-9f197b101097,A038007A030a,386,"찹쌀, 백미, 백옥찰, 생것","찹쌀,백미,백옥찰,생것",찹쌀,찹쌀,곡류 및 그 제품,생것,농진청('20),10.4,INGREDIENT,1,0,,26,MEASURED,[],[],365,78.67,6.54,1.04,0.5,1,8,0.3,95,0,0
04ffe071-acaf-5467-8f9b-372bf242c887,A038008A030a,387,"찹쌀, 백미, 백진주, 생것","찹쌀,백미,백진주,생것",찹쌀,찹쌀,곡류 및 그 제품,생것,농진청('20),10.4,INGREDIENT,1,0,,26,MEASURED,[],[],365,78.23,6.77,1.12,0.6,0,6,0.42,109,0,0
85511066-50a8-5323-ac9e-7283b2383955,A038006A030a,388,"찹쌀, 백미, 보람찰, 생것","찹쌀,백미,보람찰,생것",찹쌀,찹쌀,곡류 및 그 제품,생것,농진청('20),10.4,INGREDIENT,1,0,,26,MEASURED,[],[],359,77.61,6.63,0.83,0.5,3,8,0.24,100,0,0
beea42cb-589c-5e21-84dc-b056a1aa7845,A050001A039a,390,"찹쌀, 백미, 보람찰, 밥","찹쌀,백미,보람찰,밥",찹쌀,찹쌀,곡류 및 그 제품,,농진청('20),10.4,INGREDIENT,1,0,,26,MEASURED,[],[],155,33.93,2.58,0.33,0.2,1,4,0.09,22,0,0
ae34ee84-261d-5e31-9f6e-d6837e0f54b5,A051001A039a,391,"찹쌀, 백미, 보람찰, 죽","찹쌀,백미,보람찰,죽",찹쌀,찹쌀,곡류 및 그 제품,,농진청('20),10.4,INGREDIENT,1,0,,26,MEASURED,[],[],53,11.46,0.91,0.11,0,0,1,0.02,8,0,0
5ca88ed5-840e-5474-ba31-9dcd0d5c7e9a,A0380000005a,392,"찹쌀, 백미, 가루","찹쌀,백미,가루",찹쌀,찹쌀,곡류 및 그 제품,,농진청('21),10.4,INGREDIENT,1,0,,26,MEASURED,[],[],377,80.62,7.56,0.98,0.8,3,14,0.25,79,0,0
0f27007f-4c81-5407-b18e-a43ee2f1e2c4,A038000A060a,393,"찹쌀, 현미, 생것","찹쌀,현미,생것",찹쌀,찹쌀,곡류 및 그 제품,생것,농진청('24),10.4,INGREDIENT,1,0,,26,MEASURED,[],[],356,75.48,7.31,2.32,3,1,12,1.15,269,0,0
aa6182ac-c204-550a-90a7-ec92d2b418f4,A038005A060a,394,"찹쌀, 현미, 동진찰, 생것","찹쌀,현미,동진찰,생것",찹쌀,찹쌀,곡류 및 그 제품,생것,농진청('15),10.4,INGREDIENT,1,1,NUTRITION_MEDOID_RAW,26,MEASURED,[],[],357,76.22,7.14,2.18,3.1,1,10,1.18,248,0,0
393188da-a2b4-518a-af19-9ce0f3adf166,A038006A060a,395,"찹쌀, 현미, 백옥찰, 생것","찹쌀,현미,백옥찰,생것",찹쌀,찹쌀,곡류 및 그 제품,생것,농진청('20),10.4,INGREDIENT,1,0,,26,MEASURED,[],[],358,75.65,7.47,2.38,3.1,1,14,1.11,258,0,0
5370eaca-be89-53e1-bffc-5916b72a5050,A038007A060a,396,"찹쌀, 현미, 백진주, 생것","찹쌀,현미,백진주,생것",찹쌀,찹쌀,곡류 및 그 제품,생것,농진청('20),10.4,INGREDIENT,1,0,,26,MEASURED,[],[],358,75.82,7.38,2.39,3.1,1,11,1.25,257,0,0
09ee41bd-dcd2-5e11-a277-d7250363f580,A038008A060a,397,"찹쌀, 현미, 보람찰, 생것","찹쌀,현미,보람찰,생것",찹쌀,찹쌀,곡류 및 그 제품,생것,농진청('20),10.4,INGREDIENT,1,0,,26,MEASURED,[],[],350,74.39,7.11,2.21,3,2,14,1.22,301,0,0
b34ec408-d243-5b41-ae61-5a051656d29c,A050001A069a,398,"찹쌀, 현미, 보람찰, 밥","찹쌀,현미,보람찰,밥",찹쌀,찹쌀,곡류 및 그 제품,,농진청('20),10.4,INGREDIENT,1,0,,26,MEASURED,[],[],181,38.41,3.55,1.25,1.5,1,8,0.57,136,0,0
5f8e8a3c-b932-5ccd-8d65-f075283c7a10,A0380000020a,399,"찹쌀, 현미, 흑미, 생것","찹쌀,현미,흑미,생것",찹쌀,찹쌀,곡류 및 그 제품,생것,농진청('20),10.4,INGREDIENT,1,0,,26,MEASURED,[],[],362,75.65,7.83,2.75,3.1,2,19,1.15,362,2,0
6fb97c45-a944-562c-a3a5-de9e9a69262c,A0380090020a,400,"찹쌀, 현미, 눈큰흑찰1호, 생것","찹쌀,현미,눈큰흑찰1호,생것",찹쌀,찹쌀,곡류 및 그 제품,생것,농진청('20),10.4,INGREDIENT,1,0,,26,MEASURED,[],[],360,75.08,8.19,2.69,3.1,3,22,1.42,397,1,0
9c35a611-f14a-5bf6-b807-3fc9c16bdb13,A0380100020a,401,"찹쌀, 현미, 조생흑찰, 생것","찹쌀,현미,조생흑찰,생것",찹쌀,찹쌀,곡류 및 그 제품,생것,농진청('20),10.4,INGREDIENT,1,0,,26,MEASURED,[],[],363,76.23,7.47,2.8,3.1,1,16,0.88,327,2,0
64cdc4b5-74bb-5ab1-a634-bde1687632ed,A0390010509a,402,"다식, 검정깨","다식,검정깨",다식,다식,곡류 및 그 제품,,농진청('22),10.4,INGREDIENT,1,1,LOWEST_COMPLEXITY_VARIANT,2,MEASURED,[],[],455,53.23,13.99,20.69,9.1,6,958,5.35,377,1,0
9083006e-398e-5afd-a983-9e4a03295e95,A0390010519a,403,"다식, 송화","다식,송화",다식,다식,곡류 및 그 제품,,농진청('22),10.4,INGREDIENT,1,0,,2,MEASURED,[],[],352,78.61,5.99,1.5,24.1,10,8,2.27,436,0,3.54
934d3f66-66cb-5f35-aecd-2740e03761b8,A0390020009a,404,"찹쌀 과자, 산자","찹쌀 과자,산자",찹쌀 과자,찹쌀과자,곡류 및 그 제품,,식약('96),10.4,INGREDIENT,1,0,,2,PARTIAL,[],[],417,75.6,2,11.8,,28,3,0.7,24,0,0
2b1b0ca3-d24b-5809-a175-115d1318f919,A0390030009a,405,"찹쌀 과자, 유과","찹쌀 과자,유과",찹쌀 과자,찹쌀과자,곡류 및 그 제품,,농진청('13),10.4,INGREDIENT,1,0,,2,MEASURED,[],[],411,77.49,1.96,10.37,0.7999999999999999,18,26,1.62,81,0,0.02
ab37a7f7-6b7d-5ab0-8a86-e8809d8391b3,A0400010009a,407,"찹쌀 국수, 흑미, 말린것","찹쌀 국수,흑미,말린것",찹쌀 국수,찹쌀국수,곡류 및 그 제품,말린것,농진청('09),10.4,INGREDIENT,1,0,,1,PARTIAL,[],[],334,74.6,8.1,0.3,,1975,34,27,182,0,0
6e3ca09d-8933-51aa-9043-4f30a10308b2,A0410000009a,408,찹쌀떡,찹쌀떡,찹쌀떡,찹쌀떡,곡류 및 그 제품,,농진청('19),10.4,INGREDIENT,1,0,,7,MEASURED,[],[],241,54.49,4.7,0.51,2.5,262,12,0.58,43,0,0
9655fbab-28d2-59d8-97d5-1796c47c21a2,A0410010529a,409,"찹쌀떡, 경단 카스텔라","찹쌀떡,경단 카스텔라",찹쌀떡,찹쌀떡,곡류 및 그 제품,,농진청('21),10.4,INGREDIENT,1,0,,7,MEASURED,[],[],227,48.52,4.59,1.6,0.5,287,15,0.26,39,3,0
4a277c02-b34e-5a7f-9541-c44c5933efc2,A0410020009a,410,"찹쌀떡, 모둠 찰떡","찹쌀떡,모둠 찰떡",찹쌀떡,찹쌀떡,곡류 및 그 제품,,농진청('22),10.4,INGREDIENT,1,0,,7,MEASURED,[],[],233,42.59,6.31,4.12,3.9,203,24,0.66,182,2,0
6d397ccf-c3e9-5980-9396-ac18bb9b0462,A0410030009a,411,"찹쌀떡, 약식","찹쌀떡,약식",찹쌀떡,찹쌀떡,곡류 및 그 제품,,농진청('22),10.4,INGREDIENT,1,0,,7,MEASURED,[],[],220,45.43,4.44,2.32,1.8,233,14,0.35,139,1,0
a4a4ee30-fe89-5cac-a596-a9423e2d18fa,A0410040539a,412,"찹쌀떡, 인절미, 팥고물","찹쌀떡,인절미,팥고물",찹쌀떡,찹쌀떡,곡류 및 그 제품,,식약('96),10.4,INGREDIENT,1,0,,7,PARTIAL,[],[],204,44.8,4.2,0.9,,269,16,1.9,58,0,0
b35efe8a-8b29-57e2-8f6e-080ab9ad88c4,A0410040549a,413,"찹쌀떡, 인절미, 콩고물","찹쌀떡,인절미,콩고물",찹쌀떡,찹쌀떡,곡류 및 그 제품,,농진청('16),10.4,INGREDIENT,1,0,,7,MEASURED,[],[],231,49.69,5.52,1.15,2.1,337,12,0.33,88,0,0
e15367aa-6889-595c-a961-ffcffaed72b0,A0410050009a,414,"찹쌀떡, 찰시루떡","찹쌀떡,찰시루떡",찹쌀떡,찹쌀떡,곡류 및 그 제품,,농진청('22),10.4,INGREDIENT,1,0,,7,MEASURED,[],[],191,40.74,6.09,0.42,1.4,216,15,0.99,215,0,0
5ce085cd-504c-5eb7-b89b-411a18717d99,A0420010009a,415,"찹쌀빵, 찹쌀도넛","찹쌀빵,찹쌀도넛",찹쌀빵,찹쌀빵,곡류 및 그 제품,,농진청('21),10.4,INGREDIENT,1,0,,1,MEASURED,[],[],325,57.02,4.14,8.88,2.4,281,6,1.17,31,0,0
aa432bc2-bbc2-57cb-97ee-4f92c7e9a540,A0460000002a,416,"퀴노아, 쪄서 말린것","퀴노아,쪄서 말린것",퀴노아,퀴노아,곡류 및 그 제품,,농진청('16),10.4,INGREDIENT,1,1,LOWEST_COMPLEXITY_VARIANT,1,MEASURED,[],[],363,72.62,9.56,3.26,7.7,0,63,3.54,645,0,1.23
3b403909-a729-5875-9690-c5de5d8345a4,A043001A010a,417,"피, IEC525(NO.5), 도정, 생것","피,iec525(no.5),도정,생것",피,피,곡류 및 그 제품,생것,농진청('10),10.4,INGREDIENT,1,1,NUTRITION_MEDOID_RAW,1,PARTIAL,[],[],376,73.9,8.5,4.6,,10,39,3.2,617,0,0
a5c0a5f5-d314-5409-841e-c5a1e1a436d7,A0440000550a,418,"호밀, 통호밀, 생것","호밀,통호밀,생것",호밀,호밀,곡류 및 그 제품,생것,농진청('01),10.4,INGREDIENT,1,1,NUTRITION_MEDOID_RAW,2,PARTIAL,[],[],334,70.7,15.9,1.5,,2,10,6.4,501,,0
7f6f8cb9-7100-5b10-8840-9637c875295d,A0440000005a,419,"호밀, 가루","호밀,가루",호밀,호밀,곡류 및 그 제품,,농진청('22),10.4,INGREDIENT,1,0,,2,MEASURED,[],[],365,78.16,9.4,1.82,14.2,1,40,3.03,520,1,0
c54017e8-f4f8-56f3-9acb-2b84e873847b,A0450000009a,420,호밀빵,호밀빵,호밀빵,호밀빵,곡류 및 그 제품,,농진청('20),10.4,INGREDIENT,1,0,,1,MEASURED,[],[],285,51.35,8.47,5.11,5.2,536,27,1.44,113,0,0
c9826e47-043f-5eb1-a26d-b29a3e3cec3d,B0010060000a,421,"감자, 대지, 생것","감자,대지,생것",감자,감자,감자류 및 전분류,생것,농진청('13),10.4,INGREDIENT,1,0,,17,MEASURED,[],[],67,15.08,2.01,0.04,2.6999999999999997,1,9,0.58,412,0,10.51
b20c80de-588c-5898-8949-d097337b43ee,B0010060009b,422,"감자, 대지, 삶은것","감자,대지,삶은것",감자,감자,감자류 및 전분류,삶은것,농진청('13),10.4,INGREDIENT,1,0,,17,MEASURED,[],[],77,17.39,2.07,0.08,1.6,1,8,0.65,374,1,9.92
f99d1910-454c-5c9f-a08b-2510d5a27b86,B0010060009e,423,"감자, 대지, 찐것","감자,대지,찐것",감자,감자,감자류 및 전분류,찐것,농진청('13),10.4,INGREDIENT,1,0,,17,MEASURED,[],[],80,18.17,2.11,0.09,1.5999999999999999,2,10,0.48,402,1,11.96
96d41ee2-7d9e-5cb9-928c-39a91f55a008,B0010060009f,424,"감자, 대지, 구운것","감자,대지,구운것",감자,감자,감자류 및 전분류,구운것,농진청('13),10.4,INGREDIENT,1,0,,17,MEASURED,[],[],90,20.5,2.43,0.09,2,1,11,0.61,482,1,9.8
00a8cf04-ff62-53ea-9390-08240046988b,B0010140000a,425,"감자, 수미, 생것","감자,수미,생것",감자,감자,감자류 및 전분류,생것,농진청('13),10.4,INGREDIENT,1,1,NUTRITION_MEDOID_RAW,17,MEASURED,[],[],70,16.07,1.93,0.03,1.7,1,6,0.4,335,0,4.47
daa3291f-8d24-56b6-8d67-3ac38a394b94,B0010140009b,426,"감자, 수미, 삶은것","감자,수미,삶은것",감자,감자,감자류 및 전분류,삶은것,농진청('13),10.4,INGREDIENT,1,0,,17,MEASURED,[],[],76,17.43,1.99,0.04,1.5,1,8,0.61,254,0,13.1
8959fdd0-0346-55b0-a586-f29baaa4bfc5,B0010140009e,427,"감자, 수미, 찐것","감자,수미,찐것",감자,감자,감자류 및 전분류,찐것,농진청('13),10.4,INGREDIENT,1,0,,17,MEASURED,[],[],75,17.28,1.94,0.05,1.4000000000000001,0,6,0.42,318,0,5.8
5092222f-58f1-56f9-a4d3-776012cbf574,B0010140009f,428,"감자, 수미, 구운것","감자,수미,구운것",감자,감자,감자류 및 전분류,구운것,농진청('13),10.4,INGREDIENT,1,0,,17,MEASURED,[],[],85,19.38,2.3,0.08,1.7999999999999998,0,8,0.52,394,0,12.38
fcb71790-c857-5409-a10a-78d189e47f10,B0010220000a,429,"감자, 로즈밸리, 생것","감자,로즈밸리,생것",감자,감자,감자류 및 전분류,생것,농진청('13),10.4,INGREDIENT,1,0,,17,MEASURED,[],[],68,15.18,2.25,0.03,1.7,0,5,0.51,359,0,0
c939165a-afd6-5356-a049-cda0c20b86a1,B0010220009b,430,"감자, 로즈밸리, 삶은것","감자,로즈밸리,삶은것",감자,감자,감자류 및 전분류,삶은것,농진청('13),10.4,INGREDIENT,1,0,,17,MEASURED,[],[],79,17.87,2.34,0.09,1.9,1,5,0.49,351,1,0
79e59440-3782-583c-b283-8ea8548124de,B0010180000a,431,"감자, 자색, 생것","감자,자색,생것",감자,감자,감자류 및 전분류,생것,농진청('99),10.4,INGREDIENT,1,0,,17,PARTIAL,[],[],82,18.5,2.8,,,18,5,0.8,588,0,31
998be737-47fa-5934-995b-7e5864b04e10,B0010180009e,432,"감자, 자색, 찐것","감자,자색,찐것",감자,감자,감자류 및 전분류,찐것,농진청('99),10.4,INGREDIENT,1,0,,17,PARTIAL,[],[],85,19.5,2.3,,,18,9,0.7,498,0,
426973ac-ded8-525f-8f62-2a5c4bb01541,B0010210000a,433,"감자, 자색, 보라밸리, 생것","감자,자색,보라밸리,생것",감자,감자,감자류 및 전분류,생것,농진청('13),10.4,INGREDIENT,1,0,,17,MEASURED,[],[],60,13.79,1.45,0.02,2.1,2,7,0.41,390,0,5.64
6d1b1a29-78c4-5860-b13d-fe8268379fa4,B0010210009b,434,"감자, 자색, 보라밸리, 삶은것","감자,자색,보라밸리,삶은것",감자,감자,감자류 및 전분류,삶은것,농진청('13),10.4,INGREDIENT,1,0,,17,MEASURED,[],[],69,15.97,1.39,0.05,1.6,2,7,0.34,386,1,5.64
a2a2aed6-b687-50d5-b0e7-dd9c4ab70629,B0010190009a,435,"감자, 자심, 생것","감자,자심,생것",감자,감자,감자류 및 전분류,생것,농진청('97),10.4,INGREDIENT,1,0,,17,PARTIAL,[],[],64,14.7,1.8,0,,4,4,1.7,482,0,19
d9ba4039-dffe-5a5a-927b-87eb10ca6e77,B0010110005a,436,"감자, 부침가루","감자,부침가루",감자,감자,감자류 및 전분류,,농진청('01),10.4,INGREDIENT,1,0,,17,PARTIAL,[],[],355,73.6,12.1,1.4,,18,11,2,299,0,0
a46dffda-ac8c-5b80-8698-482c0418106c,B0020010009f,437,"감자 과자, 감자칩, 구운것","감자 과자,감자칩,구운것",감자 과자,감자과자,감자류 및 전분류,구운것,USDA('18),10.4,INGREDIENT,1,0,,2,MEASURED,[],[],469,71.4,5,18.2,4.8,536,125,0.8,721,0,0
fa0ac270-e387-52df-9be1-88c2fc651494,B0020010009j,438,"감자 과자, 감자칩, 튀긴것","감자 과자,감자칩,튀긴것",감자 과자,감자과자,감자류 및 전분류,튀긴것,농진청('13),10.4,INGREDIENT,1,0,,2,MEASURED,[],[],536,60.92,4.95,30.33,4,342,20,1.14,818,2,15.34
96c0b29b-68f4-56be-b759-a289efe5ad94,B0030000009j,439,"감자 튀김, 튀긴것","감자 튀김,튀긴것",감자 튀김,감자튀김,감자류 및 전분류,튀긴것,농진청('16),10.4,INGREDIENT,1,1,LOWEST_COMPLEXITY_VARIANT,2,MEASURED,[],[],293,44.16,3.54,11.3,3,258,22,0.69,604,0,7.04
f3b86a5c-6baa-5b91-8be6-f1d754b2dca1,B0030010009j,440,"감자 튀김, 해시브라운, 튀긴것","감자 튀김,해시브라운,튀긴것",감자 튀김,감자튀김,감자류 및 전분류,튀긴것,USDA('18),10.4,INGREDIENT,1,0,,2,MEASURED,[],[],219,28.51,2.65,11.59,3.2,15,17,0.54,496,0,6.7
60493c69-baa3-5e2a-a585-48e1e36d61cc,B0050000009a,441,"감자, 으깬감자","감자,으깬감자",감자,감자,감자류 및 전분류,,USDA('18),10.4,INGREDIENT,1,0,,17,MEASURED,[],[],83,17.57,1.91,0.57,1.5,302,24,0.27,296,7,6.2
56e1d08d-4812-5be2-9186-9e0efaa67366,B0040000009a,442,감자 샐러드,감자 샐러드,감자 샐러드,감자샐러드,감자류 및 전분류,,USDA('18),10.4,INGREDIENT,1,1,EXACT_BASE_NAME,1,MEASURED,[],[],143,11.17,2.68,8.2,1.3,529,19,0.65,254,32,10
4e51d733-bb5e-58df-be07-977e24973df2,B0060000000a,443,"고구마, 생것","고구마,생것",고구마,고구마,감자류 및 전분류,생것,농진청('13),10.4,INGREDIENT,1,1,GENERIC_RAW,27,MEASURED,[],[],147,35.52,1.09,0.15,2.4,8,18,0.48,375,39,10.81
edd0b80f-9f1b-58db-b09f-f70209b5561e,B0060150000a,444,"고구마, 분질(밤) 고구마, 생것","고구마,분질(밤) 고구마,생것",고구마,고구마,감자류 및 전분류,생것,농진청('13),10.4,INGREDIENT,1,0,,27,MEASURED,[],[],154,37.22,1.01,0.11,2.7,7,15,0.45,370,3,7.12
92a61e11-136b-5935-abe8-9b3e99ea1e9c,B0060160000a,445,"고구마, 점질(호박) 고구마, 생것","고구마,점질(호박) 고구마,생것",고구마,고구마,감자류 및 전분류,생것,농진청('13),10.4,INGREDIENT,1,0,,27,MEASURED,[],[],141,33.81,1.17,0.2,2,8,21,0.52,379,75,14.49
8a9cf47c-aaeb-59a2-9aec-3ea593fa60aa,B006018B020a,446,"고구마, 베니하루까, 생것","고구마,베니하루까,생것",고구마,고구마,감자류 및 전분류,생것,농진청('15),10.4,INGREDIENT,1,0,,27,MEASURED,[],[],147,34.91,1.03,0.45,2.8,13,23,0.55,359,0,44.82
4e36ecac-32e5-5860-9dfd-824866f43bb7,B006017B020a,447,"고구마, 신율미, 생것","고구마,신율미,생것",고구마,고구마,감자류 및 전분류,생것,농진청('15),10.4,INGREDIENT,1,0,,27,MEASURED,[],[],164,38.84,1,0.61,2.2,47,16,0.45,237,2,36.63
b9cf12b7-7493-54a1-9c3b-3d1d4e9a8739,B0060070000a,448,"고구마, 신자미, 생것","고구마,신자미,생것",고구마,고구마,감자류 및 전분류,생것,농진청('10),10.4,INGREDIENT,1,0,,27,PARTIAL,[],[],107,25.5,1.3,0.1,,10,34,1.1,506,0,0
ffbdf14e-ec71-5c67-ac9e-3b4dd498ef10,B0060080000a,449,"고구마, 연황미, 생것","고구마,연황미,생것",고구마,고구마,감자류 및 전분류,생것,농진청('10),10.4,INGREDIENT,1,0,,27,PARTIAL,[],[],127,30.7,1.1,0,,14,42,0.8,451,12,0
1dca59e7-5bb5-5d96-93fc-178b7cbc3cc3,B0060100000a,450,"고구마, 주황미, 생것","고구마,주황미,생것",고구마,고구마,감자류 및 전분류,생것,농진청('10),10.4,INGREDIENT,1,0,,27,PARTIAL,[],[],105,25.1,1,0.1,,14,28,0.9,516,819,0
5051805f-f0c8-5215-bf3c-5e915189e4cc,B0060110000a,451,"고구마, 진홍미, 생것","고구마,진홍미,생것",고구마,고구마,감자류 및 전분류,생것,농진청('10),10.4,INGREDIENT,1,0,,27,PARTIAL,[],[],140,33.8,1.2,,,9,43,0.8,556,3,1
13b8289f-9259-54ab-bd68-1a43c56836c9,B0060000009e,452,"고구마, 찐것","고구마,찐것",고구마,고구마,감자류 및 전분류,찐것,농진청('13),10.4,INGREDIENT,1,0,,27,MEASURED,[],[],163,39.41,1.08,0.15,3.8,6,20,0.44,428,25,22.99
ffd48c54-948c-564a-ac30-4f29faaef424,B0060150009e,453,"고구마, 분질(밤) 고구마, 찐것","고구마,분질(밤) 고구마,찐것",고구마,고구마,감자류 및 전분류,찐것,농진청('13),10.4,INGREDIENT,1,0,,27,MEASURED,[],[],169,40.9,1.07,0.15,4.2,7,17,0.42,461,3,15.36
df522e44-6c27-57ed-a708-8a06bb2a74ec,B0060160009e,454,"고구마, 점질(호박) 고구마, 찐것","고구마,점질(호박) 고구마,찐것",고구마,고구마,감자류 및 전분류,찐것,농진청('13),10.4,INGREDIENT,1,0,,27,MEASURED,[],[],157,37.91,1.1,0.15,3.5,5,23,0.46,394,46,30.62
25f2de46-4029-5a76-9586-b8813bbc1546,B0060000009f,455,"고구마, 구운것","고구마,구운것",고구마,고구마,감자류 및 전분류,구운것,농진청('13),10.4,INGREDIENT,1,0,,27,MEASURED,[],[],188,45.48,1.13,0.16,4.2,9,19,0.61,445,34,10.47
56838ac9-32c9-55a8-8f0f-bcacd5b441d3,B0060150009f,456,"고구마, 분질(밤) 고구마, 구운것","고구마,분질(밤) 고구마,구운것",고구마,고구마,감자류 및 전분류,구운것,농진청('13),10.4,INGREDIENT,1,0,,27,MEASURED,[],[],189,45.94,1.01,0.16,4.8,10,17,0.56,431,3,6.44
6ad7feb3-0b80-500b-b42a-dc8dba5aeaa4,B0060160009f,457,"고구마, 점질(호박) 고구마, 구운것","고구마,점질(호박) 고구마,구운것",고구마,고구마,감자류 및 전분류,구운것,농진청('13),10.4,INGREDIENT,1,0,,27,MEASURED,[],[],186,45.02,1.25,0.16,3.7,9,21,0.66,459,66,14.49
c335936b-29e0-5670-813e-ce242dc052bc,B0060000001a,458,"고구마, 말린것","고구마,말린것",고구마,고구마,감자류 및 전분류,말린것,농진청('94),10.4,INGREDIENT,1,0,,27,PARTIAL,[],[],312,75.7,2.3,0.1,,,4,3.5,989,0,18
034ea779-328d-5b02-b78c-1ebbabfd4a72,B0070010001a,459,"당면, 고구마, 말린것","당면,고구마,말린것",당면,당면,감자류 및 전분류,말린것,농진청('13),10.4,INGREDIENT,1,0,,7,MEASURED,[],[],358,88.75,0.08,0.07,1.7,8,98,4.69,2,0,0.06
b60b6e83-0146-5360-b729-73881927759e,B0070010001b,460,"당면, 고구마, 삶은것","당면,고구마,삶은것",당면,당면,감자류 및 전분류,삶은것,농진청('13),10.4,INGREDIENT,1,0,,7,MEASURED,[],[],123,30.38,0.03,0.04,1.4,3,35,1.58,2,0,0.06
5d9b80b9-6748-5ce7-b2e7-6638c7fafc1b,B0070020001a,461,"당면, 고구마, 감자, 말린것","당면,고구마,감자,말린것",당면,당면,감자류 및 전분류,말린것,JAPAN('20),10.4,INGREDIENT,1,0,,7,QUALIFIED,[],"[""vitamin_a_mcg_rae"",""vitamin_c_mg""]",346,86.6,0,0.2,1.2,7,41,0.4,14,0,0
01b32bbd-7113-5068-a6ba-928644caa4c6,B0090000005a,462,"곤약(구약나물), 가루","곤약(구약나물),가루",곤약(구약나물),곤약구약나물,감자류 및 전분류,,JAPAN('20),10.4,INGREDIENT,1,0,,4,QUALIFIED,[],"[""vitamin_a_mcg_rae"",""vitamin_c_mg""]",194,85.3,3,0.1,79.9,18,57,2.1,3000,0,0
95d19262-446b-5391-9b9c-9575e5f0d602,B0090010000a,463,"곤약(구약나물), 국수형, 생것","곤약(구약나물),국수형,생것",곤약(구약나물),곤약구약나물,감자류 및 전분류,생것,농진청('20),10.4,INGREDIENT,1,1,NUTRITION_MEDOID_RAW,4,MEASURED,[],[],7,3.18,0.08,0.01,2.4,2,41,0.08,13,0,0
10618d01-66bb-5721-b861-7045b3463ec4,B0090020000a,464,"곤약(구약나물), 판형, 생것","곤약(구약나물),판형,생것",곤약(구약나물),곤약구약나물,감자류 및 전분류,생것,농진청('13),10.4,INGREDIENT,1,0,,4,MEASURED,[],[],6,3.06,0.12,0.01,2.4,2,67,0.11,13,0,0.1
9574a287-fa07-58a6-8bc4-e9eda3661465,B0100000000a,465,"돼지감자, 생것","돼지감자,생것",돼지감자,돼지감자,감자류 및 전분류,생것,농진청('13),10.4,INGREDIENT,1,1,GENERIC_RAW,3,MEASURED,[],[],35,14.92,2.18,0.09,1.8,2,17,0.53,561,0,1.34
f61d94f6-cb51-501b-9aa1-28bd3fff7382,B0100000009b,466,"돼지감자, 삶은것","돼지감자,삶은것",돼지감자,돼지감자,감자류 및 전분류,삶은것,농진청('13),10.4,INGREDIENT,1,0,,3,MEASURED,[],[],39,17.16,2.23,0.11,2,2,20,0.63,533,0,2.77
b0c11318-5249-525b-92da-43a0601c7e5c,B0100000001a,467,"돼지감자, 말린것","돼지감자,말린것",돼지감자,돼지감자,감자류 및 전분류,말린것,농진청('13),10.4,INGREDIENT,1,0,,3,MEASURED,[],[],172,74.35,10.43,0.46,9.9,10,87,3.49,2375,0,7.11
bc572b59-0bdc-5d4e-93c5-676a81a1ee2e,B0110010000a,468,"마, 단마, 생것","마,단마,생것",마,마,감자류 및 전분류,생것,농진청('15),10.4,INGREDIENT,1,1,NUTRITION_MEDOID_RAW,4,MEASURED,[],[],63,14.05,1.84,0.12,2.4,4,9,0.44,417,0,3.84
d44bceeb-a709-5e26-ad59-6e1a31d797af,B0110040000a,469,"마, 둥근마, 생것","마,둥근마,생것",마,마,감자류 및 전분류,생것,농진청('16),10.4,INGREDIENT,1,0,,4,PARTIAL,[],[],152,33.24,3.56,0.98,,3,10,0.65,570,0,8.76
47d3c0f3-dce2-5bb7-9329-8e68b2f7d6d5,B0110030000a,470,"마, 장마, 생것","마,장마,생것",마,마,감자류 및 전분류,생것,농진청('15),10.4,INGREDIENT,1,0,,4,MEASURED,[],[],45,9.55,1.56,0.28,1.8,3,15,0.22,374,0,1.42
51473f4e-67d0-5d3f-bf08-fc22fa252653,B0110030009b,471,"마, 장마, 삶은것","마,장마,삶은것",마,마,감자류 및 전분류,삶은것,농진청('15),10.4,INGREDIENT,1,0,,4,MEASURED,[],[],49,10.51,1.47,0.25,2.7,1,9,0.22,313,0,2.34
db17aaca-7407-50d1-aa89-517198f8a3cd,B0120000000a,472,"아피오스감자, 생것","아피오스감자,생것",아피오스감자,아피오스감자,감자류 및 전분류,생것,농진청('08),10.4,INGREDIENT,1,1,GENERIC_RAW,1,PARTIAL,[],[],175,38.2,6.1,0.5,,31,67,2,719,0,21
57b0054e-6e23-55a4-bed0-9c6f5b07bf8e,B018000B090a,473,"야콘, 뿌리, 생것","야콘,뿌리,생것",야콘,야콘,감자류 및 전분류,생것,JAPAN('20),10.4,INGREDIENT,1,1,NUTRITION_MEDOID_RAW,2,MEASURED,[],[],52,12.4,0.6,0.3,1.1,0,11,0.2,240,2,3
aa9ecc77-4670-5fcb-8f98-3c64eebf189e,B018000B099b,474,"야콘, 뿌리, 삶은것","야콘,뿌리,삶은것",야콘,야콘,감자류 및 전분류,삶은것,JAPAN('20),10.4,INGREDIENT,1,0,,2,MEASURED,[],[],42,9.9,0.6,0.3,1.2,0,11,0.2,190,2,2
0cd56b55-f75e-5e69-8e1f-394ce0f525c4,B0140010005a,475,"전분, 감자, 가루","전분,감자,가루",전분,전분,감자류 및 전분류,,농진청('16),10.4,INGREDIENT,1,1,LOWEST_COMPLEXITY_VARIANT,7,MEASURED,[],[],334,82.7,0.07,0.02,0,22,4,0.09,44,0,0
5c199389-66d6-57d8-b1fc-e5763522dff7,B0140020005a,476,"전분, 고구마, 가루","전분,고구마,가루",전분,전분,감자류 및 전분류,,농진청('18),10.4,INGREDIENT,1,0,,7,MEASURED,[],[],346,85.85,0,0.05,0,8,104,0.25,11,0,0
617b7ad4-1081-5b2e-9845-a7f7a61f4cd7,B0140030005a,477,"전분, 밀, 가루","전분,밀,가루",전분,전분,감자류 및 전분류,,JAPAN('20),10.4,INGREDIENT,1,0,,7,QUALIFIED,[],"[""fiber_g""]",360,86,0.2,0.5,0,3,14,0.6,8,0,0
b45fa87e-864f-5dd6-b5f4-2aabd8d7b451,B0140040005a,478,"전분, 쌀, 가루","전분,쌀,가루",전분,전분,감자류 및 전분류,,JAPAN('20),10.4,INGREDIENT,1,0,,7,QUALIFIED,[],"[""fiber_g""]",375,89.3,0.2,0.7,0,11,29,1.5,2,0,0
0e5724d0-3e62-59a0-a517-4383ad20a21c,B0140050005a,479,"전분, 옥수수, 가루","전분,옥수수,가루",전분,전분,감자류 및 전분류,,농진청('16),10.4,INGREDIENT,1,0,,7,MEASURED,[],[],366,89.6,0.19,0.56,0.4,6,3,0.19,13,0,0
ceb21722-d208-551a-bc02-1e636c8c5746,B0140060005a,480,"전분, 옥수수, 밀, 가루","전분,옥수수,밀,가루",전분,전분,감자류 및 전분류,,농진청('11),10.4,INGREDIENT,1,0,,7,PARTIAL,[],[],379,93.8,0.3,0,0.4,16,6,0.8,14,0,
175abdbf-44c6-5ae3-90df-06ed2f25f0e5,B0140090005a,481,"전분, 칡뿌리, 가루","전분,칡뿌리,가루",전분,전분,감자류 및 전분류,,JAPAN('20),10.4,INGREDIENT,1,0,,7,QUALIFIED,[],"[""fiber_g"",""vitamin_a_mcg_rae"",""vitamin_c_mg""]",356,85.6,0.2,0.2,0,2,18,2,2,0,0
c9ef6920-8ee2-5a00-bc9f-ac0ed0997b63,B0150000000a,482,"천마, 생것","천마,생것",천마,천마,감자류 및 전분류,생것,농진청('08),10.4,INGREDIENT,1,1,GENERIC_RAW,2,PARTIAL,[],[],77,18.5,0.9,0,,8,16,0.9,332,0,92
1c532a20-9b7b-5e3b-be5b-07ee9e1ce08a,B0150000009e,483,"천마, 찐것","천마,찐것",천마,천마,감자류 및 전분류,찐것,농진청('08),10.4,INGREDIENT,1,0,,2,PARTIAL,[],[],81,19.3,1.1,0,,7,16,0.5,353,0,96
a69ee362-eabe-5b03-8c11-bb5f54407312,B0160000000a,484,"칡, 뿌리, 생것","칡,뿌리,생것",칡,칡,감자류 및 전분류,생것,농진청('16),10.4,INGREDIENT,1,1,NUTRITION_MEDOID_RAW,1,MEASURED,[],[],137,32.05,2.48,0.1,4.4,0,383,2,243,2,4.66
1d195abc-16d8-5cde-944c-b8aa98a590da,B0190000009a,485,칡즙,칡즙,칡즙,칡즙,감자류 및 전분류,,농진청('16),10.4,INGREDIENT,1,1,EXACT_BASE_NAME,1,MEASURED,[],[],21,4.91,0.44,0,0.4,3,44,0.07,57,0,0
283187d5-89c5-5692-884f-235d8d94360c,B0170000000a,486,"토란, 생것","토란,생것",토란,토란,감자류 및 전분류,생것,농진청('13),10.4,INGREDIENT,1,1,GENERIC_RAW,3,MEASURED,[],[],71,15.77,2.08,0.14,2.8,2,11,0.59,520,1,1.21
08fb7ce4-2255-5b26-93e5-abe2b92c80f2,B0170000009b,487,"토란, 삶은것","토란,삶은것",토란,토란,감자류 및 전분류,삶은것,농진청('13),10.4,INGREDIENT,1,0,,3,MEASURED,[],[],73,16.28,2.17,0.18,3,2,18,0.77,489,1,4.72
43ac2310-f568-5caf-8c50-7c830240d6b2,B0170000009e,488,"토란, 찐것","토란,찐것",토란,토란,감자류 및 전분류,찐것,농진청('13),10.4,INGREDIENT,1,0,,3,MEASURED,[],[],76,16.75,2.4,0.17,2.9,2,19,0.81,368,1,6.44
594c8a28-187b-56d8-b7ed-ee349f92649f,B0200000000a,489,"히카마(얌빈), 생것","히카마(얌빈),생것",히카마(얌빈),히카마얌빈,감자류 및 전분류,생것,농진청('14),10.4,INGREDIENT,1,1,GENERIC_RAW,2,MEASURED,[],[],44,10.36,0.68,0.06,0.7,1,13,0.23,181,0,3.37
1e5d82c9-a956-52a3-9fee-9cc964e15cba,B0200000009b,490,"히카마(얌빈), 삶은것","히카마(얌빈),삶은것",히카마(얌빈),히카마얌빈,감자류 및 전분류,삶은것,농진청('14),10.4,INGREDIENT,1,0,,2,MEASURED,[],[],45,10.66,0.39,0.06,1.4,0,13,0.15,165,0,19.44
1afc200e-68a4-5220-b696-6d613a1b2e5d,C0010000009a,491,과당,과당,과당,과당,당류,,JAPAN('20),10.4,INGREDIENT,1,0,,1,QUALIFIED,"[""sodium_mg"",""calcium_mg"",""iron_mg"",""potassium_mg""]","[""protein_g"",""fat_g"",""fiber_g"",""vitamin_a_mcg_rae"",""vitamin_c_mg""]",375,99.9,0,0,0,0,0,0,0,0,0
127453b5-6e3e-5208-958f-936f4397d9f6,C0020030009a,492,"껌, 무설탕","껌,무설탕",껌,껌,당류,,USDA('18),10.4,INGREDIENT,1,0,,3,MEASURED,[],[],268,94.8,0,0.4,2.4,7,20,0,0,0,0
c1bc298f-080c-590c-98e4-b48ce5dfcf40,C0020010009a,493,"껌, 추잉 껌","껌,추잉 껌",껌,껌,당류,,JAPAN('20),10.4,INGREDIENT,1,0,,3,QUALIFIED,[],"[""carbohydrate_g"",""sodium_mg"",""calcium_mg"",""iron_mg"",""potassium_mg""]",388,96.9,0,0,0,3,3,0.1,3,0,0
2d2aaec1-a5c1-56a1-a406-7a247329cfc0,C0020020009a,494,"껌, 풍선껌","껌,풍선껌",껌,껌,당류,,JAPAN('20),10.4,INGREDIENT,1,0,,3,QUALIFIED,[],"[""carbohydrate_g"",""sodium_mg"",""calcium_mg"",""iron_mg"",""potassium_mg""]",387,96.7,0,0,0,3,3,0.1,4,0,0
ed4d769e-8e4b-543c-9589-64883642109e,C0030000009a,495,꿀,꿀,꿀,꿀,당류,,농진청('22),10.4,INGREDIENT,1,0,,5,MEASURED,[],[],313,84.83,0.28,0.01,0,1,9,0.14,142,0,0.03
d89acd41-7e29-5b83-8dd7-8d66f3605fe9,C0030020009a,496,"꿀, 밤","꿀,밤",꿀,꿀,당류,,농진청('13),10.4,INGREDIENT,1,0,,5,MEASURED,[],[],314,84.95,0.45,0.02,0,1,18,0.25,248,0,0.08
5a85a35b-af7a-5376-a47b-eb83567e6978,C0030040009a,497,"꿀, 아카시아","꿀,아카시아",꿀,꿀,당류,,농진청('22),10.4,INGREDIENT,1,0,,5,MEASURED,[],[],308,83.46,0.12,0,0,1,2,0.05,21,0,0
d15f4a3c-16b4-5712-871a-74f4eb983427,C0030050009a,498,"꿀, 잡화","꿀,잡화",꿀,꿀,당류,,농진청('13),10.4,INGREDIENT,1,0,,5,MEASURED,[],[],318,86.07,0.26,0.02,0,1,7,0.11,156,0,0
81419ef4-5082-508b-bb91-1b3ea549943f,C0030060009a,499,"꿀, 토종","꿀,토종",꿀,꿀,당류,,농진청('13),10.4,INGREDIENT,1,0,,5,MEASURED,[],[],313,84.75,0.38,0.02,0,1,10,0.14,203,0,0
c7807b09-314c-528f-bfa0-262412d169df,C0040010009a,500,"당밀, 가공당","당밀,가공당",당밀,당밀,당류,,JAPAN('20),10.4,INGREDIENT,1,0,,1,QUALIFIED,"[""calcium_mg"",""potassium_mg""]","[""fat_g"",""fiber_g"",""vitamin_a_mcg_rae"",""vitamin_c_mg""]",274,68.2,0.2,0,0,10,0,0.7,0,0,0
f1061cd7-d2ba-520e-9f6d-baff9f1cdfca,C0050000009a,501,로열 젤리,로열 젤리,로열 젤리,로열젤리,당류,,농진청('19),10.4,INGREDIENT,1,0,,1,MEASURED,[],[],104,12.82,14.29,1.4,1.8,12,12,0.96,264,0,0
0edc7ade-5727-5896-8ef3-ffc49bbebf20,C0070000009a,502,물엿,물엿,물엿,물엿,당류,,농진청('22),10.4,INGREDIENT,1,0,,1,MEASURED,[],[],306,79.19,0.02,0,0,0,0,0,0,0,0
186752af-5473-5411-a9dc-8d838a5acf53,C0090030009a,503,"사탕, 드롭스","사탕,드롭스",사탕,사탕,당류,,농진청('13),10.4,INGREDIENT,1,0,,8,PARTIAL,[],[],396,97.54,0.31,0.55,0,44,25,0.06,,0,0
f1704071-f49c-5379-b88b-79ca3e3bfff8,C0090070009a,504,"사탕, 땅콩","사탕,땅콩",사탕,사탕,당류,,농진청('13),10.4,INGREDIENT,1,0,,8,MEASURED,[],[],354,91.2,0.23,7.14,2.6,271,7,0.21,84,0,0
a83a3c60-efae-56e1-8aea-d70320597cf6,C0090040009a,505,"사탕, 마시멜로","사탕,마시멜로",사탕,사탕,당류,,농진청('22),10.4,INGREDIENT,1,0,,8,MEASURED,[],[],350,83.27,3.87,0.12,0,6,1,0.01,3,0,0
af8a0a9c-7d5b-544a-ab81-0eda47e71d37,C0090050009a,506,"사탕, 박하사탕","사탕,박하사탕",사탕,사탕,당류,,농진청('13),10.4,INGREDIENT,1,0,,8,MEASURED,[],[],394,98.54,0.02,0.02,0,0,27,0,1,0,0
b72ac301-f375-5fdc-b05a-5dd98e5a1cd7,C0090060009a,507,"사탕, 버터","사탕,버터",사탕,사탕,당류,,농진청('19),10.4,INGREDIENT,1,0,,8,MEASURED,[],[],431,88.5,0.35,8.39,0,376,7,0.07,17,39,0
2a8b867d-c238-53f6-b625-92ee0cbc97c2,C0110000005a,508,"설탕, 가루","설탕,가루",설탕,설탕,당류,,USDA('18),10.4,INGREDIENT,1,0,,7,MEASURED,[],[],389,99.77,0,0,0,2,1,0.06,2,0,0
c4888e54-6d67-52c3-82de-5f7c2d0b714f,C0110010009a,509,"설탕, 각설탕","설탕,각설탕",설탕,설탕,당류,,농진청('19),10.4,INGREDIENT,1,0,,7,MEASURED,[],[],387,99.95,0,0,0,0,1,0,0,0,0
820b3f9e-bed9-5ec1-8c1a-bdbab4cbcf98,C0110020009a,510,"설탕, 백설탕","설탕,백설탕",설탕,설탕,당류,,농진청('19),10.4,INGREDIENT,1,0,,7,MEASURED,[],[],386,99.8,0,0,0,2,6,0.13,1,0,0
acc14da2-efa4-5869-83f6-9959e9f6958a,C0110030009a,511,"설탕, 빙설탕","설탕,빙설탕",설탕,설탕,당류,,JAPAN('20),10.4,INGREDIENT,1,0,,7,QUALIFIED,"[""potassium_mg""]","[""fat_g"",""fiber_g"",""vitamin_a_mcg_rae"",""vitamin_c_mg""]",394,99.8,0.1,0,0,2,1,0.2,0,0,0
2aee4ea1-a8e0-5880-8fbf-7571bb0044d6,C0110040009a,512,"설탕, 황설탕","설탕,황설탕",설탕,설탕,당류,,농진청('19),10.4,INGREDIENT,1,0,,7,MEASURED,[],[],386,99.66,0.03,0.01,0,2,10,0.16,8,0,0
a193cbd8-07d1-5ae1-ab51-ca1084d0b27b,C0110050009a,513,"설탕, 흑설탕","설탕,흑설탕",설탕,설탕,당류,,농진청('19),10.4,INGREDIENT,1,0,,7,MEASURED,[],[],380,97.97,0.12,0.02,0,18,48,0.69,94,0,0
76ccbc6f-1a58-5251-9839-2c2936187362,C0120010009a,514,"시럽, 단풍나무","시럽,단풍나무",시럽,시럽,당류,,USDA('18),10.4,INGREDIENT,1,0,,5,MEASURED,[],[],260,67.04,0.04,0.06,0,12,102,0.11,212,0,0
3d473fc7-d039-5ad0-959f-b31b9813912f,C0120030009a,515,"시럽, 초콜릿","시럽,초콜릿",시럽,시럽,당류,,농진청('21),10.4,INGREDIENT,1,0,,5,MEASURED,[],[],289,65.42,2.5,1.92,5.1,51,26,1.75,294,2,0
6c38e324-e975-5cbf-9518-5b76d7172dd0,C0130010009a,516,"양갱, 팥","양갱,팥",양갱,양갱,당류,,농진청('15),10.4,INGREDIENT,1,0,,1,MEASURED,[],[],298,73.44,3.37,0.14,4,2,18,0.77,42,0,0
199bb210-0de2-5206-a861-4fffa3befd0e,C0140010005a,518,"젤라틴, 디저트용, 가루","젤라틴,디저트용,가루",젤라틴,젤라틴,당류,,USDA('18),10.4,INGREDIENT,1,0,,1,MEASURED,[],[],381,90.5,7.8,0,0,466,3,0.13,7,0,0
11bf7bdc-65f6-5a34-b13a-5fffa1e69a24,C0150010009a,519,"젤리, 구미","젤리,구미",젤리,젤리,당류,,농진청('18),10.4,INGREDIENT,1,0,,1,MEASURED,[],[],344,77.53,7.5,0.42,0,5,6,0.18,8,0,0.16
8ce4f03d-98fb-5cbe-9bbe-f0f17e9ff68b,C0160020009a,521,"조청, 고구마","조청,고구마",조청,조청,당류,,농진청('14),10.4,INGREDIENT,1,0,,3,MEASURED,[],[],289,77,1.38,0.35,1,3,4,0.3,87,0,1.01
708b68c5-bc4c-535d-b079-537c4e675a00,C0160030009a,522,"조청, 도라지","조청,도라지",조청,조청,당류,,농진청('10),10.4,INGREDIENT,1,0,,3,PARTIAL,[],[],323,86,1.7,0.1,,19,14,0.4,135,0,0
a8777cf7-8054-5e9a-8ac0-99ba2792755c,C0160060009a,525,"조청, 쌀","조청,쌀",조청,조청,당류,,농진청('14),10.4,INGREDIENT,1,0,,3,MEASURED,[],[],326,87.9,0.53,0.24,0,21,52,0.15,127,0,0
68d2b17f-bd93-530f-88b4-2297bef98ef9,C0210010009a,527,"초코바, 땅콩 캐러멜","초코바,땅콩 캐러멜",초코바,초코바,당류,,농진청('18),10.4,INGREDIENT,1,0,,2,PARTIAL,[],[],479,61.98,9.36,21.51,,138,65,1.59,321,26,0.13
0b3e57ef-5213-5443-8a95-bc49765e44f5,C0210020009a,528,"초코바, 쿠키 캐러멜","초코바,쿠키 캐러멜",초코바,초코바,당류,,농진청('18),10.4,INGREDIENT,1,0,,2,MEASURED,[],[],489,67.6,4.33,22.33,1.1,151,83,1.63,203,25,0.14
0ce299b0-bb61-571c-bcee-62631ec71f2d,C0170020009a,529,"초콜릿, 다크 초콜릿","초콜릿,다크 초콜릿",초콜릿,초콜릿,당류,,USDA('18),10.4,INGREDIENT,1,0,,7,PARTIAL,[],[],598,45.9,7.79,42.63,10.9,20,73,11.9,715,2,
7f31b959-fa99-5026-957c-4956d011b969,C0170030009a,530,"초콜릿, 땅콩 초콜릿","초콜릿,땅콩 초콜릿",초콜릿,초콜릿,당류,,USDA('18),10.4,INGREDIENT,1,0,,7,MEASURED,[],[],519,49.7,13.1,33.5,4.7,41,104,1.31,502,41,0
989f13f2-79b2-5b33-8a9f-70fefb7a7cf9,C0170050009a,531,"초콜릿, 밀크 아몬드 초콜릿","초콜릿,밀크 아몬드 초콜릿",초콜릿,초콜릿,당류,,USDA('18),10.4,INGREDIENT,1,0,,7,MEASURED,[],[],526,53.4,9,34.4,6.2,74,224,1.63,444,52,0.2
5c04f163-4a4d-54ad-a818-e7a60c5f7e0d,C0170060009a,532,"초콜릿, 밀크 초콜릿","초콜릿,밀크 초콜릿",초콜릿,초콜릿,당류,,농진청('18),10.4,INGREDIENT,1,0,,7,MEASURED,[],[],549,56.17,7.8,32.54,3.9,59,221,4.56,480,46,0.18
6217ff81-25bc-5296-9cff-191af87779a8,C0170080009a,533,"초콜릿, 스위트 초콜릿","초콜릿,스위트 초콜릿",초콜릿,초콜릿,당류,,USDA('18),10.4,INGREDIENT,1,0,,7,MEASURED,[],[],507,60.4,3.9,34.2,5.5,16,24,2.76,290,0,0
9525dbb4-54da-53ce-88fb-744d0afb0340,C0170110009a,534,"초콜릿, 크런치 초콜릿","초콜릿,크런치 초콜릿",초콜릿,초콜릿,당류,,농진청('18),10.4,INGREDIENT,1,0,,7,MEASURED,[],[],520,62.49,7.25,26.81,1.9,101,174,2.74,406,26,0.91
b66be0f7-50b8-5d51-b339-7088739c9a51,C0170100009a,535,"초콜릿, 화이트 초콜릿","초콜릿,화이트 초콜릿",초콜릿,초콜릿,당류,,농진청('21),10.4,INGREDIENT,1,0,,7,MEASURED,[],[],552,57.57,6.4,32.93,0,96,245,0.09,374,44,1.37
0c2f365c-093a-593e-aad6-fa0d522c8bb4,C0180010009a,536,"캐러멜, 우유","캐러멜,우유",캐러멜,캐러멜,당류,,농진청('22),10.4,INGREDIENT,1,0,,1,MEASURED,[],[],408,79.78,3.61,8.3,0,190,128,0.4,170,38,0
958bc954-0115-5222-b28c-43cbae5459a1,C0190000009a,537,포도당,포도당,포도당,포도당,당류,,JAPAN('20),10.4,INGREDIENT,1,0,,1,QUALIFIED,"[""sodium_mg"",""calcium_mg"",""potassium_mg""]","[""protein_g"",""fat_g"",""fiber_g"",""vitamin_a_mcg_rae"",""vitamin_c_mg""]",342,91,0,0,0,0,0,0.1,0,0,0
56776ea8-3257-509d-b77a-73d09445a3d0,C0200020009a,539,"푸딩, 커스터드","푸딩,커스터드",푸딩,푸딩,당류,,농진청('24),10.4,INGREDIENT,1,0,,2,MEASURED,[],[],120,13.03,4.19,5.67,0,50,79,0.36,73,21,0
6b3e369d-5bdc-553b-b71d-b9c997475c38,D0010000000a,540,"강낭콩, 생것","강낭콩,생것",강낭콩,강낭콩,두류,생것,농진청('13),10.4,INGREDIENT,1,1,GENERIC_RAW,4,MEASURED,[],[],174,32.35,8.8,0.86,14.1,0,49,3.11,730,4,2.12
d46fc15b-15f2-5350-a5c9-a821d39068b3,D0010000009b,541,"강낭콩, 삶은것","강낭콩,삶은것",강낭콩,강낭콩,두류,삶은것,농진청('13),10.4,INGREDIENT,1,0,,4,MEASURED,[],[],171,31.92,8.46,0.9,15.2,3,59,2.89,575,8,2.12
c0dad2ae-36ec-517d-9311-6890d8972c5f,D0010000001a,542,"강낭콩, 말린것","강낭콩,말린것",강낭콩,강낭콩,두류,말린것,농진청('20),10.4,INGREDIENT,1,0,,4,MEASURED,[],[],348,61.89,21.01,1.41,25.6,1,99,6.22,1462,9,0.24
9bacd112-4e5f-58f6-b17f-97c87e5705d3,D0020000001a,543,"녹두, 말린것","녹두,말린것",녹두,녹두,두류,말린것,농진청('13),10.4,INGREDIENT,1,1,LOWEST_COMPLEXITY_VARIANT,2,MEASURED,[],[],352,60.15,24.51,1.52,22.4,1,100,4.11,1420,20,5.29
20b8d148-4c15-5d76-9d72-e4c3c3d6f490,D0020000009b,544,"녹두, 삶은것","녹두,삶은것",녹두,녹두,두류,삶은것,농진청('13),10.4,INGREDIENT,1,0,,2,MEASURED,[],[],158,26.66,11.29,0.67,9.799999999999999,2,47,2,460,9,0
5b9cf940-ffd2-59a4-a612-7b4144fdf17c,D0030000005a,545,"녹두 빈대떡, 가루","녹두 빈대떡,가루",녹두 빈대떡,녹두빈대떡,두류,,식약('96),10.4,INGREDIENT,1,0,,1,PARTIAL,[],[],347,63.4,20.7,1.2,,723,55,4.2,1004,0,0
f2696306-c39f-5128-8fb9-9a73f1d0e1c1,D003000056Pa,546,"녹두 빈대떡가루, 반죽","녹두 빈대떡가루,반죽",녹두 빈대떡가루,녹두빈대떡가루,두류,,식약('96),10.4,INGREDIENT,1,0,,1,PARTIAL,[],[],98,17,6.2,0.6,,15,23,1.3,210,3,6
8244f1fa-c9d9-5b20-a18f-ef15cff66a9d,D0040000001a,547,"녹두 국수, 말린것","녹두 국수,말린것",녹두 국수,녹두국수,두류,말린것,JAPAN('20),10.4,INGREDIENT,1,0,,1,QUALIFIED,[],"[""vitamin_a_mcg_rae"",""vitamin_c_mg""]",344,87.5,0.2,0.4,4.1,14,20,0.5,13,0,0
0ef75f56-237d-5f9b-b7e3-39c65a4caab5,D0050000009a,548,녹두묵,녹두묵,녹두묵,녹두묵,두류,,농진청('18),10.4,INGREDIENT,1,1,EXACT_BASE_NAME,1,PARTIAL,[],[],40,9.81,0.12,0.03,,92,5,0.04,4,0,0.03
269d30d4-477a-5325-918c-7fc52dc5ed88,D0120050001a,549,"대두, 검은색, 서리태, 말린것","대두,검은색,서리태,말린것",대두,대두,두류,말린것,농진청('21),10.4,INGREDIENT,1,0,,16,MEASURED,[],[],401,33.43,38.02,13.35,21.3,1,191,7.74,1885,4,6.72
58bbb3f3-8902-53f5-a432-ea1b03de505e,D0120050009b,550,"대두, 검은색, 서리태, 삶은것","대두,검은색,서리태,삶은것",대두,대두,두류,삶은것,농진청('21),10.4,INGREDIENT,1,0,,16,MEASURED,[],[],184,11.72,17.93,7.58,9.7,2,86,2.83,646,2,1.73
be84f66b-10df-5f8b-8196-11eefed4f39e,D0120050009n,551,"대두, 검은색, 서리태, 볶은것","대두,검은색,서리태,볶은것",대두,대두,두류,,농진청('14),10.4,INGREDIENT,1,0,,16,MEASURED,[],[],435,31.22,41.72,16.72,19.5,4,221,2.7,1853,5,4.9
4177cd32-5bfc-59af-99fb-3606d38619d4,D0120070001a,552,"대두, 검은색, 청자3호, 말린것","대두,검은색,청자3호,말린것",대두,대두,두류,말린것,농진청('16),10.4,INGREDIENT,1,0,,16,MEASURED,[],[],399,37.84,34.6,12.6,11,0,240,11.81,2712,5,0
6adcc0fe-b94f-5872-ae26-5352d514a153,D0120070009n,553,"대두, 검은색, 청자3호, 볶은것","대두,검은색,청자3호,볶은것",대두,대두,두류,,농진청('09),10.4,INGREDIENT,1,0,,16,PARTIAL,[],[],452,36.7,37.4,18.1,,4,313,9.5,1955,0,17
65bd07d1-eabe-5137-b6ce-60880340b9df,D0120080001a,554,"대두, 검은색, 흑태, 말린것","대두,검은색,흑태,말린것",대두,대두,두류,말린것,농진청('21),10.4,INGREDIENT,1,0,,16,MEASURED,[],[],406,32.58,35.82,15.37,21.4,2,174,7.67,1850,4,4.57
ce8d727e-afcf-58b5-8b09-3d0541197f81,D0120080009b,555,"대두, 검은색, 흑태, 삶은것","대두,검은색,흑태,삶은것",대두,대두,두류,삶은것,농진청('21),10.4,INGREDIENT,1,0,,16,MEASURED,[],[],181,14.39,15.76,6.97,11.8,2,77,3.02,649,2,0.77
e99a5775-330b-56b2-97af-93a4c9e7ee2c,D0120080009n,556,"대두, 검은색, 흑태, 볶은것","대두,검은색,흑태,볶은것",대두,대두,두류,,농진청('14),10.4,INGREDIENT,1,0,,16,MEASURED,[],[],446,33.34,40.99,17.31,20.5,6,177,6.66,1976,4,2.35
71645286-a08b-5c61-9b2d-1a45775d7fb2,D0120020001a,557,"대두, 노란색, 말린것","대두,노란색,말린것",대두,대두,두류,말린것,농진청('14),10.4,INGREDIENT,1,1,LOWEST_COMPLEXITY_VARIANT,16,MEASURED,[],[],409,32.99,36.21,14.71,25.6,2,260,6.66,1838,1,3.27
1298d358-fac1-55eb-a14d-92ccb5488210,D0120020009b,558,"대두, 노란색, 삶은것","대두,노란색,삶은것",대두,대두,두류,삶은것,농진청('14),10.4,INGREDIENT,1,0,,16,MEASURED,[],[],201,12.02,17.82,9.5,10.2,4,127,2.27,692,0,1.13
2e8d520f-43cb-5ad9-988a-9d7e9e390282,D0120020009n,559,"대두, 노란색, 볶은것","대두,노란색,볶은것",대두,대두,두류,,농진청('14),10.4,INGREDIENT,1,0,,16,MEASURED,[],[],444,33.57,40.47,17.21,20.3,3,256,7.6,1988,1,0
51c60ffa-26ea-55a2-ac9e-2875ba897f11,D0120030001a,560,"대두, 노란색, 대풍, 말린것","대두,노란색,대풍,말린것",대두,대두,두류,말린것,농진청('16),10.4,INGREDIENT,1,0,,16,MEASURED,[],[],405,36.94,34.36,13.83,11.1,0,322,10.92,2842,1,1.1
9276b44b-741f-5a5b-b56e-7da05766d104,D0120030009n,561,"대두, 노란색, 대풍, 볶은것","대두,노란색,대풍,볶은것",대두,대두,두류,,농진청('09),10.4,INGREDIENT,1,0,,16,PARTIAL,[],[],460,37.3,35.8,19.5,,5,230,7.8,2173,0,13
dbf6404c-96c6-5d3f-8606-09efdff7ce26,D0120040001a,562,"대두, 노란색, 미국산, 말린것","대두,노란색,미국산,말린것",대두,대두,두류,말린것,농진청('95),10.4,INGREDIENT,1,0,,16,PARTIAL,[],[],432,39.6,33.9,16,,3,118,6.5,842,0,0
d9ffb717-3d59-527f-accc-88205e444748,D0120060001a,563,"대두, 노란색, 중국산, 말린것","대두,노란색,중국산,말린것",대두,대두,두류,말린것,농진청('95),10.4,INGREDIENT,1,0,,16,PARTIAL,[],[],433,39.2,32.7,16.9,,3,117,7.7,1129,0,0
d3bd6a23-240a-52fe-9c1e-55f3da5b898c,D0120020005n,564,"대두, 콩가루","대두,콩가루",대두,대두,두류,,농진청('22),10.4,INGREDIENT,1,0,,16,MEASURED,[],[],430,30.81,38.5,21.36,22.1,4,236,11.38,1964,1,1.16
705f0c76-b3ca-565f-a528-6030de6b4c71,D0150000009a,565,두부,두부,두부,두부,두류,,농진청('14),10.4,INGREDIENT,1,1,EXACT_BASE_NAME,6,MEASURED,[],[],97,3.75,9.62,4.63,2.9,1,64,1.54,132,0,0
6cba6fbe-beeb-5963-b238-4fdb19a2c12d,D0150010008a,566,"두부, 동두부, 동결건조","두부,동두부,동결건조",두부,두부,두류,동결건조,JAPAN('20),10.4,INGREDIENT,1,0,,6,MEASURED,[],[],496,4.2,50.5,34.1,2.5,440,630,7.5,34,1,0
0a89cfbe-c35c-582a-8f1e-d7d4e66df729,D0150020009a,567,"두부, 순두부","두부,순두부",두부,두부,두류,,농진청('17),10.4,INGREDIENT,1,0,,6,MEASURED,[],[],44,0.69,6.85,1.35,0.3,4,15,0.7,176,0,0
4186246f-acba-52cb-ab5a-cbb56afdca84,D0150030009a,568,"두부, 연두부","두부,연두부",두부,두부,두류,,농진청('18),10.4,INGREDIENT,1,0,,6,MEASURED,[],[],50,1.93,4.66,2.51,0.3,55,30,0.8,160,0,0.03
7e5823df-5a1e-50a5-825b-f2dcf8b65b70,D0150040009j,569,"두부, 유부","두부,유부",두부,두부,두류,,농진청('18),10.4,INGREDIENT,1,0,,6,MEASURED,[],[],450,7.93,26.11,34.23,1.5,7,584,4.6,128,0,0.16
177e9fb2-7edb-5435-996a-f01b6fcfaea7,D0160000009a,570,비지,비지,비지,비지,두류,,농진청('20),10.4,INGREDIENT,1,1,EXACT_BASE_NAME,1,MEASURED,[],[],51,4.61,4,1.93,4,1,34,1.2,133,0,0
27c6e6d2-73a1-5f00-95b9-31ee3d788293,D0170000009a,571,"두유, 대두","두유,대두",두유,두유,두류,,농진청('18),10.4,INGREDIENT,1,1,LOWEST_COMPLEXITY_VARIANT,6,MEASURED,[],[],62,3.42,3.01,3.92,0.7,72,80,0.56,152,0,9.79
3b2f58aa-cdff-598c-97d4-da6d0c823519,D0170010009a,572,"두유, 검은콩","두유,검은콩",두유,두유,두류,,농진청('16),10.4,INGREDIENT,1,0,,6,MEASURED,[],[],86,9.87,3.21,3.77,0.9,77,23,0.42,178,0,0.15
a1df0fa6-de91-5fc0-ac4f-9968378405bf,D0170020009a,573,"두유, 검은콩, 검은참깨","두유,검은콩,검은참깨",두유,두유,두류,,농진청('16),10.4,INGREDIENT,1,0,,6,MEASURED,[],[],77,8.76,3.4,3.15,1.4,65,119,0.52,184,0,0.34
a5270ccc-69bf-5437-8039-24c48704e3e1,D0170032259a,574,"두유, 콩국물, 소금 0.3%","두유,콩국물,소금 0.3%",두유,두유,두류,,농진청('16),10.4,INGREDIENT,1,0,,6,MEASURED,[],[],57,3.74,4.84,2.57,1.1,155,27,0.62,240,0,0.02
a81d2ede-6b11-5147-bfef-d2370e2adc94,D0130000009a,575,콩조림(콩자반),콩조림(콩자반),콩조림(콩자반),콩조림콩자반,두류,,농진청('23),10.4,INGREDIENT,1,1,EXACT_BASE_NAME,1,MEASURED,[],[],239,30.35,14.11,6.77,10.4,1003,73,3.39,666,2,0
ad5937a3-5160-5d93-8a5e-d00dfca74a53,D0060000000a,576,"동부, 생것","동부,생것",동부,동부,두류,생것,농진청('19),10.4,INGREDIENT,1,1,GENERIC_RAW,5,MEASURED,[],[],166,29.34,9.51,1.02,10.2,2,27,2.5,573,1,0.27
094209a5-ed78-52ff-bedf-de92e39ebab7,D0060000009b,577,"동부, 삶은것","동부,삶은것",동부,동부,두류,삶은것,농진청('19),10.4,INGREDIENT,1,0,,5,MEASURED,[],[],138,24.46,8.11,0.77,10.4,2,23,2.16,278,1,0
8706695d-a861-51fe-8e2f-5321054a4988,D0060000001a,578,"동부, 말린것","동부,말린것",동부,동부,두류,말린것,농진청('19),10.4,INGREDIENT,1,0,,5,MEASURED,[],[],343,60.56,19.61,2.1,21,4,56,5.15,1181,2,0.56
63a833df-623c-5683-badb-1c90b0be87b2,D0060010001a,579,"동부, 수입산, 말린것","동부,수입산,말린것",동부,동부,두류,말린것,농진청('14),10.4,INGREDIENT,1,0,,5,MEASURED,[],[],345,59.43,22.08,2.07,20.6,6,88,4.54,1070,1,0
d16ff432-be4a-53db-b429-057d91d87963,D0060010009b,580,"동부, 수입산, 삶은것","동부,수입산,삶은것",동부,동부,두류,삶은것,농진청('14),10.4,INGREDIENT,1,0,,5,MEASURED,[],[],155,26.28,10.02,1.12,11.3,2,43,1.82,209,1,0
3e61a97b-e2bd-594c-a705-849bc55b880d,D0070000001a,581,"리마콩, 말린것","리마콩,말린것",리마콩,리마콩,두류,말린것,JAPAN('20),10.4,INGREDIENT,1,1,LOWEST_COMPLEXITY_VARIANT,2,MEASURED,"[""sodium_mg""]",[],306,60.8,21.9,1.8,19.6,0,78,6.2,1800,0,0
38dbfc42-fe99-5ed8-a408-f25745c4169c,D0070000009b,582,"리마콩, 삶은것","리마콩,삶은것",리마콩,리마콩,두류,삶은것,JAPAN('20),10.4,INGREDIENT,1,0,,2,MEASURED,[],[],122,26,9.6,0.9,10.9,0,27,2.3,490,0,0
a59fa0dc-c2ff-55fa-abae-adf58c13999e,D020001C061a,583,"렌즈콩(렌틸콩), 갈색, 말린것","렌즈콩(렌틸콩),갈색,말린것",렌즈콩(렌틸콩),렌즈콩렌틸콩,두류,말린것,농진청('20),10.4,INGREDIENT,1,0,,3,MEASURED,[],[],365,64.3,22.64,1.52,14.9,6,72,7.17,943,2,2.19
8457bc92-28df-5307-91c6-b297721f06d3,D020001C021a,584,"렌즈콩(렌틸콩), 빨간색, 말린것","렌즈콩(렌틸콩),빨간색,말린것",렌즈콩(렌틸콩),렌즈콩렌틸콩,두류,말린것,농진청('22),10.4,INGREDIENT,1,1,LOWEST_COMPLEXITY_VARIANT,3,MEASURED,[],[],368,63.68,23.58,1.73,12.2,6,33,5.72,951,1,0
4d0aa643-eaa2-5684-9528-37ab5e01ebe5,D0120010001a,585,"밤콩, 갈색, 말린것","밤콩,갈색,말린것",밤콩,밤콩,두류,말린것,식약('96),10.4,INGREDIENT,1,1,LOWEST_COMPLEXITY_VARIANT,1,PARTIAL,[],[],410,30.6,35,17.2,,4,239,8.1,1453,0,0
f640ad2f-bbb6-5bfc-9c6b-9d84affe1f31,D0210010001a,586,"병아리콩, 말린것","병아리콩,말린것",병아리콩,병아리콩,두류,말린것,농진청('22),10.4,INGREDIENT,1,1,LOWEST_COMPLEXITY_VARIANT,2,MEASURED,[],[],377,63.3,17.78,5.67,14.5,3,130,5.54,1112,4,0
7cf32499-0ebc-5879-b86b-1fb1374c0b4d,D0080000000a,587,"완두, 생것","완두,생것",완두,완두,두류,생것,농진청('13),10.4,INGREDIENT,1,1,GENERIC_RAW,5,MEASURED,[],[],115,19.54,7.92,0.44,8.4,0,36,2.08,356,32,11.9
45f649fd-10f8-5de1-a0c9-d1c9c346bf6f,D0080000009b,588,"완두, 삶은것","완두,삶은것",완두,완두,두류,삶은것,농진청('13),10.4,INGREDIENT,1,0,,5,MEASURED,[],[],123,20.78,7.27,1.1,9.1,2,35,2.03,338,39,11.9
928f8283-7940-5bb3-b0c6-def055e29fc6,D0080000001a,589,"완두, 말린것","완두,말린것",완두,완두,두류,말린것,농진청('22),10.4,INGREDIENT,1,0,,5,MEASURED,[],[],354,56.65,25.37,2.61,19.8,11,113,6.22,1337,15,0.24
8afb9916-6c8f-5ca1-8dda-da2e8a2d890b,D008000000Ra,590,"완두, 통조림","완두,통조림",완두,완두,두류,통조림,JAPAN('20),10.4,INGREDIENT,1,0,,5,MEASURED,[],[],82,19.7,3.6,0.4,6.9,330,33,1.8,37,17,0
a69b4911-e100-5e62-ab85-5e8ae3bd23c5,D0090000000a,591,"작두(도두), 생것","작두(도두),생것",작두(도두),작두도두,두류,생것,농진청('10),10.4,INGREDIENT,1,1,GENERIC_RAW,2,MEASURED,[],[],125,21.5,9,0.3,11.2,3,85,0.8,398,1,16
039c3a87-a1e6-5702-9065-55ed6949e416,D0090000001a,592,"작두(도두), 말린것","작두(도두),말린것",작두(도두),작두도두,두류,말린것,농진청('99),10.4,INGREDIENT,1,0,,2,PARTIAL,[],[],344,57.4,26.3,1,,5,84,3.7,1296,0,0
e2e434a1-548e-5ece-a0d8-bdc974ad5995,D0100000000a,593,"잠두, 말린것","잠두,말린것",잠두,잠두,두류,말린것,USDA('18),10.4,INGREDIENT,1,1,LOWEST_COMPLEXITY_VARIANT,2,MEASURED,[],[],341,58.29,26.12,1.53,25,13,103,6.7,1062,3,1.4
df85d8ed-337f-54f5-9d43-d6fd3d6a8ff2,D0100000009b,594,"잠두, 삶은것","잠두,삶은것",잠두,잠두,두류,삶은것,USDA('18),10.4,INGREDIENT,1,0,,2,MEASURED,[],[],110,19.65,7.6,0.4,5.4,5,36,1.5,268,1,0.3
645b5f62-1103-5e38-b57a-113fcda25bbc,D0110000001a,595,"쥐눈이콩(검정소립콩), 말린것","쥐눈이콩(검정소립콩),말린것",쥐눈이콩(검정소립콩),쥐눈이콩검정소립콩,두류,말린것,농진청('14),10.4,INGREDIENT,1,1,LOWEST_COMPLEXITY_VARIANT,3,MEASURED,[],[],403,30.59,37.32,14.61,22.2,2,212,8.14,1888,7,2.29
b1acfd5a-bf0f-5713-86d0-4670109dd071,D0110000009b,596,"쥐눈이콩(검정소립콩), 삶은것","쥐눈이콩(검정소립콩),삶은것",쥐눈이콩(검정소립콩),쥐눈이콩검정소립콩,두류,삶은것,농진청('14),10.4,INGREDIENT,1,0,,3,MEASURED,[],[],184,12.71,17.99,6.79,10.5,3,101,3.31,663,3,0
0d82a5f8-0224-577c-875c-8a34de66d727,D0110000009n,597,"쥐눈이콩(검정소립콩), 볶은것","쥐눈이콩(검정소립콩),볶은것",쥐눈이콩(검정소립콩),쥐눈이콩검정소립콩,두류,,농진청('14),10.4,INGREDIENT,1,0,,3,MEASURED,[],[],447,31.73,42.31,16.71,23,3,238,2.27,1955,6,0.37
374e8dd2-b201-58d3-9996-927b7d21e5f5,D0180010001a,598,"팥, 검은색, 말린것","팥,검은색,말린것",팥,팥,두류,말린것,농진청('19),10.4,INGREDIENT,1,1,LOWEST_COMPLEXITY_VARIANT,13,MEASURED,[],[],330,58.72,20.63,0.96,14.4,10,72,4.81,1181,0,4.1
550c63a5-2e39-53e7-9f4c-cb7e45b2f129,D0180060001a,599,"팥, 검은색, 검구슬, 말린것","팥,검은색,검구슬,말린것",팥,팥,두류,말린것,농진청('19),10.4,INGREDIENT,1,0,,13,MEASURED,[],[],336,60.26,20.57,1.05,14.8,16,74,4.56,1249,0,0.64
96c5c1cd-bf40-547d-a07c-8cde081d73c3,D0180010009b,600,"팥, 검은색, 삶은것","팥,검은색,삶은것",팥,팥,두류,삶은것,농진청('19),10.4,INGREDIENT,1,0,,13,MEASURED,[],[],156,27.15,9.49,0.86,8.4,1,30,2.14,395,0,0.91
f28cd7fb-22ed-566d-8980-6c9788c9d862,D0180090001a,601,"팥, 녹색, 연두채, 말린것","팥,녹색,연두채,말린것",팥,팥,두류,말린것,농진청('19),10.4,INGREDIENT,1,0,,13,MEASURED,[],[],341,59.54,22.58,1,15.4,1,71,4.92,1258,3,2.16
4a689e94-2524-50b5-9ce6-1da14506ab27,D0180020001a,602,"팥, 적색, 말린것","팥,적색,말린것",팥,팥,두류,말린것,농진청('19),10.4,INGREDIENT,1,0,,13,MEASURED,[],[],337,59.29,21.59,1.1,15.5,6,71,5.49,1333,0,4.36
42ace186-97e9-59c9-9cd7-2e889f370018,D0180070001a,603,"팥, 적색, 서나, 말린것","팥,적색,서나,말린것",팥,팥,두류,말린것,농진청('19),10.4,INGREDIENT,1,0,,13,MEASURED,[],[],341,60.56,21.14,1.22,15.5,11,78,5.8,1394,0,5.96
92b13817-3eff-5ae2-88dd-03df22c2361a,D0180080001a,604,"팥, 적색, 아라리, 말린것","팥,적색,아라리,말린것",팥,팥,두류,말린것,농진청('19),10.4,INGREDIENT,1,0,,13,MEASURED,[],[],338,59.5,21.59,1.06,15.3,10,80,5.94,1411,1,2.9
5f3785cc-ee65-5cd7-8c11-59bdfafe976a,D0180020009b,605,"팥, 적색, 삶은것","팥,적색,삶은것",팥,팥,두류,삶은것,농진청('19),10.4,INGREDIENT,1,0,,13,MEASURED,[],[],113,19.4,7.91,0.32,6.2,1,21,1.71,353,0,0.27
83d4733d-47de-51f2-95a9-e46aad21d58a,D0180050001a,607,"팥, 황백, 말린것","팥,황백,말린것",팥,팥,두류,말린것,농진청('19),10.4,INGREDIENT,1,0,,13,MEASURED,[],[],343,59.85,22.38,1.17,15.4,2,72,5.61,1169,0,5.78
0597e391-c28e-5dd4-9aca-b18685bb2542,D0180100001a,608,"팥, 황백, 흰구슬, 말린것","팥,황백,흰구슬,말린것",팥,팥,두류,말린것,농진청('19),10.4,INGREDIENT,1,0,,13,MEASURED,[],[],348,61.43,21.55,1.44,15.6,2,61,5.51,1208,1,9.67
adc3b646-6cc9-52f3-8c3f-b89cf6f3b468,D0180110001a,609,"팥, 황백, 흰나래, 말린것","팥,황백,흰나래,말린것",팥,팥,두류,말린것,농진청('19),10.4,INGREDIENT,1,0,,13,MEASURED,[],[],337,58.26,23.2,0.89,15.2,2,83,5.7,1131,0,1.89
a0ce151d-c34c-50c6-b94b-f2fe2ce8ebd2,D019000E019a,612,"팥, 팥빙수용 단팥","팥,팥빙수용 단팥",팥,팥,두류,,농진청('18),10.4,INGREDIENT,1,0,,13,MEASURED,[],[],206,45.63,4.51,0.22,5.4,26,24,0.87,149,0,0.61
ee50d6e8-c3af-55b0-b7ab-e647e0747b2a,E0010000001a,613,"개암, 헤이즐넛, 말린것","개암,헤이즐넛,말린것",개암,개암,견과류 및 종실류,말린것,USDA('18),10.4,INGREDIENT,1,1,LOWEST_COMPLEXITY_VARIANT,2,MEASURED,[],[],628,16.7,14.95,60.75,9.7,0,114,4.7,680,1,6.3
e9cd0c42-5278-52f6-9567-d24f3b126509,E0010000009n,614,"개암, 헤이즐넛, 볶은것","개암,헤이즐넛,볶은것",개암,개암,견과류 및 종실류,,USDA('18),10.4,INGREDIENT,1,0,,2,MEASURED,[],[],646,17.6,15.03,62.4,9.4,0,123,4.38,755,3,3.8
fc3aca06-f363-51c2-8338-63d8c104d4cf,E0020000000a,615,"도토리, 생것","도토리,생것",도토리,도토리,견과류 및 종실류,생것,농진청('85),10.4,INGREDIENT,1,1,GENERIC_RAW,5,PARTIAL,[],[],230,46.7,4.4,3,,,16,0.6,,1,9
7c536fd2-e493-5659-bc0b-f0717dca3934,E0020000005a,616,"도토리, 가루","도토리,가루",도토리,도토리,견과류 및 종실류,,식약('96),10.4,INGREDIENT,1,0,,5,PARTIAL,[],[],354,83.7,1.1,1.1,,2,60,3.3,3,0,0
81db608d-2705-5476-91df-04cf22f1d4d5,E0020010005a,617,"도토리, 가루, 졸참도토리","도토리,가루,졸참도토리",도토리,도토리,견과류 및 종실류,,농진청('05),10.4,INGREDIENT,1,0,,5,PARTIAL,[],[],342,79.2,4.6,0.5,,54,61,2.1,787,0,0
6ed68948-f0a4-50e0-af11-b9367b2148f6,E0020020005a,618,"도토리, 가루, 종가시도토리","도토리,가루,종가시도토리",도토리,도토리,견과류 및 종실류,,농진청('05),10.4,INGREDIENT,1,0,,5,PARTIAL,[],[],348,79.5,3.3,1.6,,3,76,1.7,827,0,0
d92523e8-5fc5-57a0-bc1a-d0310e5b17dd,E0030000001a,619,"도토리, 국수, 말린것","도토리,국수,말린것",도토리,도토리,견과류 및 종실류,말린것,국('77),10.4,INGREDIENT,1,0,,5,PARTIAL,[],[],343,72.2,12.4,0.7,,517,86,2.3,258,0,0
5486a666-f5a7-52da-87f0-8f558b370506,E0040000009a,620,도토리묵,도토리묵,도토리묵,도토리묵,견과류 및 종실류,,농진청('18),10.4,INGREDIENT,1,1,EXACT_BASE_NAME,2,PARTIAL,[],[],47,11.23,0.33,0.11,,76,15,0.23,12,0,0
3eb6a42f-64e6-52a7-84e1-46f74ef3edbe,E0040000005a,621,"도토리묵, 가루","도토리묵,가루",도토리묵,도토리묵,견과류 및 종실류,,농진청('18),10.4,INGREDIENT,1,0,,2,PARTIAL,[],[],366,87.09,1.7,1.23,,5,56,1.19,78,0,0
bfae4d6d-2937-503b-8f55-55734d8d180e,E0050000001a,622,"들깨, 말린것","들깨,말린것",들깨,들깨,견과류 및 종실류,말린것,농진청('13),10.4,INGREDIENT,1,0,,3,MEASURED,[],[],530,29.26,22.68,39.74,22,1,391,7.74,583,3,0
a4732531-64ca-5244-babd-f918a6a42cb9,E0050000009n,623,"들깨, 볶은것","들깨,볶은것",들깨,들깨,견과류 및 종실류,,농진청('17),10.4,INGREDIENT,1,0,,3,MEASURED,[],[],530,35.53,23.59,36.23,22,5,416,7.5,599,2,0
52ce8ce3-f902-58d3-8b64-fa67f5e48dac,E0070000001a,624,"땅콩, 말린것","땅콩,말린것",땅콩,땅콩,견과류 및 종실류,말린것,농진청('14),10.4,INGREDIENT,1,1,LOWEST_COMPLEXITY_VARIANT,9,MEASURED,[],[],520,18.36,25.74,42.57,13.4,5,67,3.07,746,0,0
d34b2485-e5f1-5094-930c-d676c6c28a9b,E0070010001a,625,"땅콩, 검은색, 말린것","땅콩,검은색,말린것",땅콩,땅콩,견과류 및 종실류,말린것,농진청('10),10.4,INGREDIENT,1,0,,9,PARTIAL,[],[],574,26.5,19.3,47.7,,6,75,0.7,816,0,1
290d1c8f-cc64-5b9b-973d-04298f607aeb,E0070020001a,626,"땅콩, 대립종, 말린것","땅콩,대립종,말린것",땅콩,땅콩,견과류 및 종실류,말린것,농진청('99),10.4,INGREDIENT,1,0,,9,PARTIAL,[],[],571,17.1,26.1,49.1,,16,78,2.1,904,0,0
a012d7ca-ef36-5039-825e-2a2223ba77b2,E0070040001a,627,"땅콩, 중립종, 말린것","땅콩,중립종,말린것",땅콩,땅콩,견과류 및 종실류,말린것,농진청('93),10.4,INGREDIENT,1,0,,9,PARTIAL,[],[],549,29.1,20.3,43,,2,24,2.8,808,0,0
a7e46467-edc8-55ac-aff3-a9290d082f39,E0070030001a,628,"땅콩, 소립종, 말린것","땅콩,소립종,말린것",땅콩,땅콩,견과류 및 종실류,말린것,농진청('93),10.4,INGREDIENT,1,0,,9,PARTIAL,[],[],564,24.2,22.4,46.3,,3,43,3.2,616,0,0
97436419-f75e-54b7-99ba-9601d8a8568a,E0070000009b,629,"땅콩, 삶은것, 소금첨가","땅콩,삶은것,소금첨가",땅콩,땅콩,견과류 및 종실류,,USDA('18),10.4,INGREDIENT,1,0,,9,MEASURED,[],[],318,21.26,13.5,22.01,8.8,751,55,1.01,180,0,0
feb206c3-bbac-5622-9f6a-9bd16eefeb17,E0070000009n,630,"땅콩, 볶은것","땅콩,볶은것",땅콩,땅콩,견과류 및 종실류,,농진청('14),10.4,INGREDIENT,1,0,,9,MEASURED,[],[],567,19.91,28.5,46.24,10.5,4,67,2.01,799,0,0
99ac814d-cc49-577e-9d0f-69ab9c516981,E0070000005a,631,"땅콩, 가루","땅콩,가루",땅콩,땅콩,견과류 및 종실류,,농진청('14),10.4,INGREDIENT,1,0,,9,MEASURED,[],[],560,24.62,28.43,43.11,12.1,4,48,2.04,879,0,0
8b9a71c8-9bf0-597e-9caf-6ec5543dd07f,E007000000Do,632,"땅콩, 조미, 볶은것","땅콩,조미,볶은것",땅콩,땅콩,견과류 및 종실류,,농진청('18),10.4,INGREDIENT,1,0,,9,MEASURED,[],[],558,24.92,26.54,43.59,8.5,261,51,1.5,751,0,0
fb43d1f1-f05c-5a66-a0dd-075cf5b2786b,E0090000001a,633,"때죽, 말린것","때죽,말린것",때죽,때죽,견과류 및 종실류,말린것,농진청('91),10.4,INGREDIENT,1,0,,1,PARTIAL,[],[],551,31.8,13.6,44.7,,,9,1.6,,1,0
b7b513e9-908d-558a-8fc3-616d3f472c32,E0110000000a,634,"마름, 생것","마름,생것",마름,마름,견과류 및 종실류,생것,JAPAN('20),10.4,INGREDIENT,1,1,GENERIC_RAW,1,QUALIFIED,[],"[""vitamin_a_mcg_rae""]",183,40.6,5.8,0.5,2.9,5,45,1.1,430,0,12
fb53d7c7-942c-57a5-87a6-228c69bdf861,E012000000Dn,635,"마카다미아, 조미, 볶은것","마카다미아,조미,볶은것",마카다미아,마카다미아,견과류 및 종실류,,JAPAN('20),10.4,INGREDIENT,1,1,LOWEST_COMPLEXITY_VARIANT,1,QUALIFIED,[],"[""vitamin_a_mcg_rae"",""vitamin_c_mg""]",751,12.2,8.3,76.7,6.2,190,47,1.3,300,0,0
ff9564e5-04b8-5490-820f-2adbaae9f568,E0130000000a,636,"머루씨, 생것","머루씨,생것",머루씨,머루씨,견과류 및 종실류,생것,농진청('06),10.4,INGREDIENT,1,1,GENERIC_RAW,1,PARTIAL,[],[],282,54,6.3,4.8,,3,301,3.7,466,6,8
265f4b76-b8d1-5af7-a59b-d34d881e6f52,E0390000009f,637,"목화씨, 구운것","목화씨,구운것",목화씨,목화씨,견과류 및 종실류,구운것,USDA('18),10.4,INGREDIENT,1,1,LOWEST_COMPLEXITY_VARIANT,1,MEASURED,[],[],506,21.9,32.59,36.29,5.5,25,100,5.4,1350,0,9
98c2dc2c-d530-5650-aa74-1eade5bcc782,E0140000000a,638,"밤, 생것","밤,생것",밤,밤,견과류 및 종실류,생것,농진청('23),10.4,INGREDIENT,1,1,GENERIC_RAW,12,MEASURED,[],[],153,33.46,3.16,0.74,6,1,21,0.91,442,2,19.38
94fc9036-f6d6-559e-9b3b-cafa2036ffe7,E0140020000a,640,"밤, 대보, 생것","밤,대보,생것",밤,밤,견과류 및 종실류,생것,농진청('23),10.4,INGREDIENT,1,0,,12,MEASURED,[],[],161,34.87,3.27,0.93,6.6,0,29,1.05,440,2,19.87
d18502a9-b6e8-59e0-b22a-d8ae28b04bd8,E0140030000a,641,"밤, 옥광, 생것","밤,옥광,생것",밤,밤,견과류 및 종실류,생것,농진청('23),10.4,INGREDIENT,1,0,,12,MEASURED,[],[],147,32.1,2.94,0.78,6.1,1,17,0.83,447,2,18.88
44522459-5d1f-5791-89a4-f07b90265daf,E0140000009b,644,"밤, 삶은것","밤,삶은것",밤,밤,견과류 및 종실류,삶은것,농진청('23),10.4,INGREDIENT,1,0,,12,MEASURED,[],[],155,33.96,3.23,0.69,5.8,0,18,0.85,408,2,15.96
5d19f673-fe25-54c9-87d7-0a5c2adf82d6,E0140020009b,646,"밤, 대보, 삶은것","밤,대보,삶은것",밤,밤,견과류 및 종실류,삶은것,농진청('23),10.4,INGREDIENT,1,0,,12,MEASURED,[],[],162,35.32,3.13,0.91,6.8,0,20,0.84,418,2,16.42
dedee142-1117-5e1c-b66e-59cfa1df7b8f,E0140030009b,647,"밤, 옥광, 삶은것","밤,옥광,삶은것",밤,밤,견과류 및 종실류,삶은것,농진청('23),10.4,INGREDIENT,1,0,,12,MEASURED,[],[],149,32.65,3.1,0.66,5.2,1,15,0.8,393,2,15.48
fbca8fef-6776-576a-af5b-c0dd58815423,E0140000009f,650,"밤, 구운것","밤,구운것",밤,밤,견과류 및 종실류,구운것,농진청('23),10.4,INGREDIENT,1,0,,12,MEASURED,[],[],188,41.15,4.07,0.79,7.1,1,19,1.03,481,3,14.8
04a157cd-7d8b-5adc-a424-616ba89889ce,E0140020009f,652,"밤, 대보, 구운것","밤,대보,구운것",밤,밤,견과류 및 종실류,구운것,농진청('23),10.4,INGREDIENT,1,0,,12,MEASURED,[],[],183,39.82,3.83,0.97,7.2,0,21,0.99,482,2,14.56
b1a40753-c053-5843-a71b-d115d4040c25,E0140000001a,654,"밤, 말린것","밤,말린것",밤,밤,견과류 및 종실류,말린것,농진청('23),10.4,INGREDIENT,1,0,,12,MEASURED,[],[],370,79.86,6.94,2.45,15.3,1,48,1.89,1010,3,7.71
e6239b4b-cdb4-5753-8328-923ae85637f9,E014000000Da,655,"밤, 구운것, 레토르트","밤,구운것,레토르트",밤,밤,견과류 및 종실류,,농진청('18),10.4,INGREDIENT,1,0,,12,MEASURED,[],[],199,42.81,4.48,1.1,3.8,3,26,0.95,385,7,11.96
83e48ac4-f1d1-54ce-aefe-d1d2fce81811,E014000000Ra,656,"밤, 통조림","밤,통조림",밤,밤,견과류 및 종실류,통조림,농진청('22),10.4,INGREDIENT,1,0,,12,MEASURED,[],[],214,52.39,0.76,0.19,1.6,11,9,0.05,6,1,2.52
024f91e3-64f1-5ff6-8521-6c5c03152065,E0170000001a,657,"브라질너트, 말린것","브라질너트,말린것",브라질너트,브라질너트,견과류 및 종실류,말린것,USDA('18),10.4,INGREDIENT,1,1,LOWEST_COMPLEXITY_VARIANT,2,MEASURED,[],[],659,11.74,14.32,67.1,7.5,3,160,2.43,659,0,0.7
5a482ad9-7849-570d-acc2-e96298f7d0ed,E017000000Dn,658,"브라질너트, 조미, 볶은것","브라질너트,조미,볶은것",브라질너트,브라질너트,견과류 및 종실류,,JAPAN('20),10.4,INGREDIENT,1,0,,2,QUALIFIED,[],"[""vitamin_a_mcg_rae""]",703,9.6,14.9,69.1,7.2,78,200,2.6,620,0,0
7df61256-6f4c-522f-ae0c-fd25846a6608,E0180000001a,659,"삼씨(대마씨), 말린것","삼씨(대마씨),말린것",삼씨(대마씨),삼씨대마씨,견과류 및 종실류,말린것,JAPAN('20),10.4,INGREDIENT,1,1,LOWEST_COMPLEXITY_VARIANT,1,QUALIFIED,[],"[""vitamin_c_mg""]",450,31.7,29.9,28.3,23,2,130,13,340,2,0
ec964dc2-5f12-5fc8-b000-e0cb768fdb39,E0190000001a,660,"수박씨, 말린것","수박씨,말린것",수박씨,수박씨,견과류 및 종실류,말린것,농진청('91),10.4,INGREDIENT,1,1,LOWEST_COMPLEXITY_VARIANT,2,PARTIAL,[],[],451,47.2,19.3,22.9,,,42,4.9,,0,0
0146a712-7705-55e8-a453-3fd89ae1924a,E019000000Dn,661,"수박씨, 조미, 볶은것","수박씨,조미,볶은것",수박씨,수박씨,견과류 및 종실류,,JAPAN('20),10.4,INGREDIENT,1,0,,2,MEASURED,"[""vitamin_c_mg""]",[],528,13.4,29.6,46.4,7.1,580,70,5.3,640,1,0
2ca325ee-ecc0-5f9f-8359-d776ea9b0b52,E037000B179n,662,"아마씨, 볶은것","아마씨,볶은것",아마씨,아마씨,견과류 및 종실류,,JAPAN('20),10.4,INGREDIENT,1,1,LOWEST_COMPLEXITY_VARIANT,1,MEASURED,[],[],540,30.4,21.8,43.3,23.8,70,210,9,760,1,0
d30ab6a8-d61b-57c0-b17f-64cda13401b8,E0200000001a,663,"아몬드, 말린것","아몬드,말린것",아몬드,아몬드,견과류 및 종실류,말린것,농진청('13),10.4,INGREDIENT,1,1,LOWEST_COMPLEXITY_VARIANT,3,MEASURED,[],[],581,20.09,23.44,49.96,14.5,6,368,4.76,780,1,0
3327070f-0ccc-544f-aeff-cbff450cc252,E0200000009n,664,"아몬드, 볶은것","아몬드,볶은것",아몬드,아몬드,견과류 및 종실류,,농진청('13),10.4,INGREDIENT,1,0,,3,MEASURED,[],[],594,20.49,23.45,51.29,11.3,2,337,4.59,759,1,0
2904f4f4-81f7-5896-82a8-d246d09d96ad,E020000000Dn,665,"아몬드, 조미, 볶은것","아몬드,조미,볶은것",아몬드,아몬드,견과류 및 종실류,,농진청('13),10.4,INGREDIENT,1,0,,3,MEASURED,[],[],568,21.82,25.74,46.61,9.6,549,409,3.74,674,1,0
88abaa6e-0b8a-5889-80f7-1a85a8d56b08,E0210000580a,666,"연씨, 생것","연씨,생것",연씨,연씨,견과류 및 종실류,생것,JAPAN('20),10.4,INGREDIENT,1,1,GENERIC_RAW,1,MEASURED,[],[],81,14.9,5.9,0.5,2.6,2,53,0.6,410,0,27
1ba0c6e1-4e04-5091-92d5-51f64f0052c8,E0220000000a,667,"은행, 생것","은행,생것",은행,은행,견과류 및 종실류,생것,농진청('15),10.4,INGREDIENT,1,1,GENERIC_RAW,3,MEASURED,[],[],203,42.78,4.69,1.53,2.2,1,7,0.9,684,23,16.89
d9468b74-4860-5fe9-a465-dd2a7fe0cef0,E0220000009b,668,"은행, 삶은것","은행,삶은것",은행,은행,견과류 및 종실류,삶은것,농진청('15),10.4,INGREDIENT,1,0,,3,MEASURED,[],[],186,38.25,4.31,1.86,3.5,1,7,0.79,442,19,7.06
77bbdc2a-cc9f-58ab-8506-af4158ee9c8e,E0220000009n,669,"은행, 볶은것","은행,볶은것",은행,은행,견과류 및 종실류,,농진청('15),10.4,INGREDIENT,1,0,,3,MEASURED,[],[],221,45.76,5,2.05,4.3,0,6,0.99,622,24,10.08
5ffeef34-adeb-5a52-9e35-ca2cceccd472,E0230000000a,670,"잣, 생것","잣,생것",잣,잣,견과류 및 종실류,생것,농진청('23),10.4,INGREDIENT,1,1,GENERIC_RAW,2,MEASURED,[],[],658,12.5,16.62,65.69,6.6,3,20,6.05,521,1,0.55
db235408-8c33-5fae-b953-48046a55b0c4,E0230000009n,671,"잣, 볶은것","잣,볶은것",잣,잣,견과류 및 종실류,,농진청('23),10.4,INGREDIENT,1,0,,2,MEASURED,[],[],669,11.51,18.93,66.43,7.1,2,24,6.16,577,1,0
12bc16a4-867e-55b1-9210-9bfb4492e81f,E0240000009a,673,잣두부,잣두부,잣두부,잣두부,견과류 및 종실류,,농진청('08),10.4,INGREDIENT,1,1,EXACT_BASE_NAME,1,PARTIAL,[],[],78,4,7.5,4.3,,34,27,1.2,213,0,0
e0190921-d514-5c5d-b089-abd602d466aa,E0250000009a,674,잣죽,잣죽,잣죽,잣죽,견과류 및 종실류,,농진청('18),10.4,INGREDIENT,1,0,,1,MEASURED,[],[],64,7.9,1.45,3.06,3.1,160,3,0.24,33,0,0.03
67a839f5-1951-58a8-bc31-c91d372cd9ab,E0260010001a,675,"참깨, 검은색, 말린것","참깨,검은색,말린것",참깨,참깨,견과류 및 종실류,말린것,농진청('13),10.4,INGREDIENT,1,1,LOWEST_COMPLEXITY_VARIANT,4,MEASURED,[],[],549,26.45,20.85,44.12,22.400000000000002,0,1146,5.8,530,3,0
e81b818d-8002-52ca-8c54-76a8299394ae,E0260010009n,676,"참깨, 검은색, 볶은것","참깨,검은색,볶은것",참깨,참깨,견과류 및 종실류,,농진청('13),10.4,INGREDIENT,1,0,,4,MEASURED,[],[],539,27.42,21.28,42.3,19.3,1,1316,5.32,457,2,0
c9a8316d-d037-5947-ad84-582b27ef51fa,E0260020001a,677,"참깨, 흰색, 말린것","참깨,흰색,말린것",참깨,참깨,견과류 및 종실류,말린것,농진청('13),10.4,INGREDIENT,1,0,,4,MEASURED,[],[],556,21.77,25.41,45.31,14.9,4,750,8.04,679,2,0.68
ef3f81db-0577-552b-a8c6-fbdb769b4f27,E0260020009n,678,"참깨, 흰색, 볶은것","참깨,흰색,볶은것",참깨,참깨,견과류 및 종실류,,농진청('13),10.4,INGREDIENT,1,0,,4,MEASURED,[],[],557,21.83,25.96,45.11,14.1,2,854,6.39,459,1,0
03de0403-682d-5f9a-8a62-5a2d580c1af0,E0270010009a,679,"참깨 과자, 엿강정","참깨 과자,엿강정",참깨 과자,참깨과자,견과류 및 종실류,,식약('96),10.4,INGREDIENT,1,0,,1,PARTIAL,[],[],538,45.4,15,32.9,,81,520,4.6,225,0,0
08faf1ba-61c9-5b42-83bd-e2867614a143,E0280000009a,680,참깨죽,참깨죽,참깨죽,참깨죽,견과류 및 종실류,,국('80),10.4,INGREDIENT,1,0,,1,PARTIAL,[],[],38,5.9,1,1.2,,120,17,1.3,23,,0
3e0a28c0-b88c-537e-8aa9-bef0c43aba35,E038000B171a,681,"치아씨, 말린것","치아씨,말린것",치아씨,치아씨,견과류 및 종실류,말린것,USDA('18),10.4,INGREDIENT,1,1,LOWEST_COMPLEXITY_VARIANT,1,PARTIAL,[],[],486,42.12,16.54,30.74,34.4,16,631,7.72,407,,1.6
279de8eb-ea86-581d-ae3f-81156634a5fb,E029000000Da,682,"캐슈너트, 조미, 볶은것","캐슈너트,조미,볶은것",캐슈너트,캐슈너트,견과류 및 종실류,,USDA('18),10.4,INGREDIENT,1,1,LOWEST_COMPLEXITY_VARIANT,1,MEASURED,[],[],581,30.16,16.84,47.77,3.3,308,43,6.05,632,0,0.3
6bc70cb8-6c42-5abf-874a-5c6fc9f24f52,E0300000001a,683,"코코넛, 말린것","코코넛,말린것",코코넛,코코넛,견과류 및 종실류,말린것,USDA('18),10.4,INGREDIENT,1,1,LOWEST_COMPLEXITY_VARIANT,3,MEASURED,[],[],660,23.65,6.88,64.53,16.3,37,26,3.32,543,0,1.5
17225575-a856-5abc-a38a-f2c50315b29e,E0300000009n,684,"코코넛, 볶은것","코코넛,볶은것",코코넛,코코넛,견과류 및 종실류,,USDA('18),10.4,INGREDIENT,1,0,,3,PARTIAL,[],[],592,44.4,5.3,47,,37,27,3.39,554,0,1.5
e32d0b91-9217-5074-a657-c5d8d996ce36,E0300000609a,685,"코코넛, 코코넛밀크","코코넛,코코넛밀크",코코넛,코코넛,견과류 및 종실류,,USDA('18),10.4,INGREDIENT,1,0,,3,MEASURED,[],[],230,5.54,2.29,23.84,2.2,15,16,1.64,263,0,2.8
457d4024-714c-53d9-be13-a156e79c9769,E0310000619a,686,코코넛수,코코넛수,코코넛수,코코넛수,견과류 및 종실류,,USDA('18),10.4,INGREDIENT,1,1,EXACT_BASE_NAME,1,MEASURED,[],[],19,3.71,0.72,0.2,1.1,105,24,0.29,250,0,2.4
26322199-b48a-541d-84e1-03b0532145b3,E0320000001a,687,"피스타치오, 말린것","피스타치오,말린것",피스타치오,피스타치오,견과류 및 종실류,말린것,USDA('18),10.4,INGREDIENT,1,1,LOWEST_COMPLEXITY_VARIANT,3,MEASURED,[],[],560,27.17,20.16,45.32,10.6,1,105,3.92,1025,25,5.6
bf84f4ea-233d-5708-aa32-d4a89e4b1888,E0320000009n,688,"피스타치오, 볶은것","피스타치오,볶은것",피스타치오,피스타치오,견과류 및 종실류,,농진청('14),10.4,INGREDIENT,1,0,,3,MEASURED,[],[],584,20.82,25.99,48.89,10,4,101,3.79,938,14,0
de624969-5a2b-5b51-8035-5aa52ad92f91,E032000000Dn,689,"피스타치오, 조미, 볶은것","피스타치오,조미,볶은것",피스타치오,피스타치오,견과류 및 종실류,,농진청('18),10.4,INGREDIENT,1,0,,3,MEASURED,[],[],583,24.66,22.9,48.22,9.3,109,110,3.52,1024,22,1.41
a6095459-a2bf-5691-b4df-203f65d9aa06,E0330000001a,690,"피칸, 말린것","피칸,말린것",피칸,피칸,견과류 및 종실류,말린것,USDA('18),10.4,INGREDIENT,1,1,LOWEST_COMPLEXITY_VARIANT,2,MEASURED,[],[],691,13.86,9.17,71.97,9.6,0,70,2.53,410,2,1.1
1184482c-6a3a-56a8-a863-bf16796b043c,E033000000Dn,691,"피칸, 조미, 볶은것","피칸,조미,볶은것",피칸,피칸,견과류 및 종실류,,USDA('18),10.4,INGREDIENT,1,0,,2,MEASURED,[],[],710,13.55,9.5,74.27,9.4,383,72,2.8,424,7,0.7
cabf3b99-8457-53fb-8831-164d5d8ff55f,E0340000001a,692,"해바라기씨, 말린것","해바라기씨,말린것",해바라기씨,해바라기씨,견과류 및 종실류,말린것,농진청('18),10.4,INGREDIENT,1,1,LOWEST_COMPLEXITY_VARIANT,3,MEASURED,[],[],589,18.58,21.93,52.26,8.1,2,103,5.65,573,2,0
35125bb3-d3a5-55f2-9c6a-86bb7c7291da,E0340000009n,693,"해바라기씨, 볶은것","해바라기씨,볶은것",해바라기씨,해바라기씨,견과류 및 종실류,,USDA('18),10.4,INGREDIENT,1,0,,3,MEASURED,[],[],582,24.07,19.33,49.8,11.1,3,70,3.8,850,0,1.4
c311eeee-c249-5bc5-b702-56bc87592262,E034000000Dn,694,"해바라기씨, 조미, 볶은것","해바라기씨,조미,볶은것",해바라기씨,해바라기씨,견과류 및 종실류,,JAPAN('20),10.4,INGREDIENT,1,0,,3,MEASURED,[],[],587,17.2,20.1,56.3,6.9,250,81,3.6,750,1,0
57ddfe3c-2286-5991-a7c0-c960f874c178,E0350000001a,695,"호두, 말린것","호두,말린것",호두,호두,견과류 및 종실류,말린것,농진청('14),10.4,INGREDIENT,1,1,LOWEST_COMPLEXITY_VARIANT,2,MEASURED,[],[],688,7.92,15.47,71.99,6.699999999999999,3,81,2.49,353,2,0
850d4236-9000-53fc-a38a-8d95615359a9,E0350000009n,696,"호두, 볶은것","호두,볶은것",호두,호두,견과류 및 종실류,,JAPAN('20),10.4,INGREDIENT,1,0,,2,QUALIFIED,[],"[""vitamin_a_mcg_rae""]",713,11.7,14.6,68.8,7.5,4,85,2.6,540,0,0
029d9ae5-7a15-5110-acc6-3b179fa5eedc,E0360000001a,697,"호박씨, 말린것","호박씨,말린것",호박씨,호박씨,견과류 및 종실류,말린것,농진청('14),10.4,INGREDIENT,1,1,LOWEST_COMPLEXITY_VARIANT,2,MEASURED,[],[],548,5.34,35.35,48.18,4.9,6,38,8.62,688,2,0
68389f69-0823-50cd-947b-4c99b1c71266,E036001000Dn,698,"호박씨, 조미, 볶은것","호박씨,조미,볶은것",호박씨,호박씨,견과류 및 종실류,,JAPAN('20),10.4,INGREDIENT,1,0,,2,MEASURED,"[""vitamin_c_mg""]",[],590,12,26.5,51.8,7.3,47,44,6.5,840,2,0
464d0011-133b-5a16-a34c-544e99de0efb,F001000B110a,699,"가시오갈피, 순, 생것","가시오갈피,순,생것",가시오갈피,가시오갈피,채소류,생것,농진청('15),10.4,INGREDIENT,1,1,NUTRITION_MEDOID_RAW,2,MEASURED,[],[],76,15.87,5.67,0.7,8.8,1,211,3.43,678,811,100.73
39ee9611-538f-5829-85e9-58468aea80c4,F001000B119c,700,"가시오갈피, 순, 데친것","가시오갈피,순,데친것",가시오갈피,가시오갈피,채소류,데친것,농진청('15),10.4,INGREDIENT,1,0,,2,MEASURED,[],[],63,11.99,5.25,0.85,11.1,1,184,2.2,469,468,62.05
2c356f48-666f-5245-9989-7f8fc65e483e,F0030000000a,701,"가지, 생것","가지,생것",가지,가지,채소류,생것,농진청('15),10.4,INGREDIENT,1,1,GENERIC_RAW,4,MEASURED,[],[],19,4.36,1.13,0.03,2.7,0,16,0.26,232,4,0
8a42de41-673a-55da-99ff-663f0d338b0b,F0030000009c,702,"가지, 데친것","가지,데친것",가지,가지,채소류,데친것,농진청('15),10.4,INGREDIENT,1,0,,4,MEASURED,[],[],19,4.4,1,0.1,3.4,1,17,0.32,179,10,0
cf17f51f-6881-5818-a7dd-ed24780040d7,F0030000001a,703,"가지, 말린것","가지,말린것",가지,가지,채소류,말린것,농진청('15),10.4,INGREDIENT,1,0,,4,MEASURED,[],[],290,65.59,14.53,2.4,29.4,13,235,3.47,3471,43,0
a68db95c-1f29-5cdb-917a-b7577997f753,F003000000Ia,704,"가지, 염절임","가지,염절임",가지,가지,채소류,,JAPAN('20),10.4,INGREDIENT,1,0,,4,MEASURED,[],[],22,5.2,1.4,0.1,2.7,880,18,0.6,260,4,7
c515ad35-38c5-5f5e-99fd-6ba421225c9d,F0040000000a,705,"갓, 생것","갓,생것",갓,갓,채소류,생것,농진청('05),10.4,INGREDIENT,1,1,GENERIC_RAW,4,PARTIAL,[],[],36,7.3,3.5,0.2,,33,193,2.7,378,99,135
957612a3-191b-5b8f-9a45-32c44ce0ce5c,F0040010000a,706,"갓, 돌산, 생것","갓,돌산,생것",갓,갓,채소류,생것,농진청('23),10.4,INGREDIENT,1,0,,4,MEASURED,[],[],22,3.7,2.53,0.27,2.4,7,140,1,544,110,52.99
89b21acf-de39-5452-8e5d-cadac7029571,F0930000000a,707,"비름, 생것","비름,생것",비름,비름,채소류,생것,농진청('15),10.4,INGREDIENT,1,1,GENERIC_RAW,2,MEASURED,[],[],23,3.96,2.72,0.29,3.4,65,133,1.42,670,191,6.47
9593a757-5c5a-5770-9e44-ecc6e757b90d,F0930000009c,708,"비름, 데친것","비름,데친것",비름,비름,채소류,데친것,농진청('15),10.4,INGREDIENT,1,0,,2,MEASURED,[],[],27,4.51,2.98,0.41,4.1,46,183,0.83,541,214,17.5
bea39a5f-72de-5413-90e5-5dc4f69e7a73,F0080000000a,709,"갯기름나물, 생것","갯기름나물,생것",갯기름나물,갯기름나물,채소류,생것,농진청('13),10.4,INGREDIENT,1,1,GENERIC_RAW,10,MEASURED,[],[],47,9.67,3.71,0.41,6.2,5,216,1.12,447,142,43.48
c0065815-0b07-56fc-9a6f-ac04b728d772,F0080010000a,710,"갯기름나물, 노지, 생것","갯기름나물,노지,생것",갯기름나물,갯기름나물,채소류,생것,농진청('13),10.4,INGREDIENT,1,0,,10,MEASURED,[],[],41,7.91,3.94,0.32,5.1,3,200,1.47,204,155,19.45
bb6fcf1c-60eb-54c0-b741-36e0dcc7fab6,F0080011130a,711,"갯기름나물, 노지, 어린잎, 생것","갯기름나물,노지,어린잎,생것",갯기름나물,갯기름나물,채소류,생것,농진청('13),10.4,INGREDIENT,1,0,,10,MEASURED,[],[],53,10.92,4.17,0.52,7.1,2,181,1.26,659,127,38.08
ded9a3c2-d849-59d6-9b3a-84b754b51fa2,F0080020000a,712,"갯기름나물, 하우스, 생것","갯기름나물,하우스,생것",갯기름나물,갯기름나물,채소류,생것,농진청('13),10.4,INGREDIENT,1,0,,10,MEASURED,[],[],50,10.75,3.12,0.44,6.2,9,226,0.77,661,113,57.74
e6a1420b-b0b8-5186-9684-4a269fc1b281,F0080021130a,713,"갯기름나물, 하우스, 어린잎, 생것","갯기름나물,하우스,어린잎,생것",갯기름나물,갯기름나물,채소류,생것,농진청('13),10.4,INGREDIENT,1,0,,10,MEASURED,[],[],44,9.09,3.59,0.36,6.4,4,259,0.99,264,174,58.63
827360ed-d04a-54ea-ae87-c4d399e61b9b,F0080000009c,714,"갯기름나물, 데친것","갯기름나물,데친것",갯기름나물,갯기름나물,채소류,데친것,농진청('13),10.4,INGREDIENT,1,0,,10,MEASURED,[],[],49,9.39,3.86,0.71,6.6,4,209,0.89,393,199,43.48
1244dfd8-8f6c-5314-8d68-5068b691e466,F0080010009c,715,"갯기름나물, 노지, 데친것","갯기름나물,노지,데친것",갯기름나물,갯기름나물,채소류,데친것,농진청('13),10.4,INGREDIENT,1,0,,10,MEASURED,[],[],44,8.56,3.62,0.57,6.4,2,187,0.88,191,179,19.45
350d86e9-80d6-5fa0-9205-e39b8e8fe142,F0080011139c,716,"갯기름나물, 노지, 어린잎, 데친것","갯기름나물,노지,어린잎,데친것",갯기름나물,갯기름나물,채소류,데친것,농진청('13),10.4,INGREDIENT,1,0,,10,MEASURED,[],[],53,10.15,4.11,0.8,7.4,3,179,1.07,579,184,38.08
99b9af42-f688-565b-bd50-66da624050e6,F0080020009c,717,"갯기름나물, 하우스, 데친것","갯기름나물,하우스,데친것",갯기름나물,갯기름나물,채소류,데친것,농진청('13),10.4,INGREDIENT,1,0,,10,MEASURED,[],[],52,10.25,3.41,0.79,7.2,7,228,0.8,556,214,57.74
d9da47f6-26f9-5d69-a8cd-c21f17b15dd8,F0080021139c,718,"갯기름나물, 하우스, 어린잎, 데친것","갯기름나물,하우스,어린잎,데친것",갯기름나물,갯기름나물,채소류,데친것,농진청('13),10.4,INGREDIENT,1,0,,10,MEASURED,[],[],47,8.61,4.28,0.69,5.4,4,243,0.82,247,218,58.63
930e0bde-1ec4-5cf8-90c8-65eafd70b50b,F1060000000a,719,"갯나물, 세발나물, 생것","갯나물,세발나물,생것",갯나물,갯나물,채소류,생것,농진청('13),10.4,INGREDIENT,1,0,,6,MEASURED,[],[],18,3.59,1.61,0.14,2.7,321,51,0.83,322,227,3.43
45a58286-e562-5921-8591-bd110bbd541a,F1060000009c,720,"갯나물, 세발나물, 데친것","갯나물,세발나물,데친것",갯나물,갯나물,채소류,데친것,농진청('13),10.4,INGREDIENT,1,0,,6,MEASURED,[],[],23,4.2,2.29,0.28,3.8,249,103,0.82,223,343,2.82
df18626e-f81b-54da-b3b4-f5c55b444682,F1790000000a,721,"갯나물, 칠면초, 생것","갯나물,칠면초,생것",갯나물,갯나물,채소류,생것,농진청('98),10.4,INGREDIENT,1,0,,6,PARTIAL,[],[],27,5,2.7,0.3,,673,51,3.1,197,263,36
4bdf628e-ebf9-5b4b-badc-def354221748,F2230010000a,722,"갯나물, 퉁퉁마디(함초), 노지, 생것","갯나물,퉁퉁마디(함초),노지,생것",갯나물,갯나물,채소류,생것,농진청('14),10.4,INGREDIENT,1,0,,6,MEASURED,[],[],19,3.97,1.4,0.15,4.5,1409,34,0.54,145,136,8.01
3102ab78-2794-5111-99e0-7f55ff8ffd4e,F2230020000a,723,"갯나물, 퉁퉁마디(함초), 하우스, 생것","갯나물,퉁퉁마디(함초),하우스,생것",갯나물,갯나물,채소류,생것,농진청('14),10.4,INGREDIENT,1,1,NUTRITION_MEDOID_RAW,6,MEASURED,[],[],19,4.13,1.34,0.15,3.3000000000000003,1573,58,0.36,133,177,6.4
8386e245-c933-51ee-9f51-6b879b69347a,F2200000009a,724,"갯나물, 퉁퉁마디(함초), 환","갯나물,퉁퉁마디(함초),환",갯나물,갯나물,채소류,,농진청('16),10.4,INGREDIENT,1,0,,6,PARTIAL,[],[],262,52.6,9.28,6.14,,7935,325,39.83,1763,9,1.14
d4f944db-3604-51a9-9603-7a9d98dec268,F010000B090a,725,"게걸무, 생것","게걸무,생것",게걸무,게걸무,채소류,생것,농진청('19),10.4,INGREDIENT,1,1,GENERIC_RAW,2,MEASURED,[],[],57,12.43,2.84,0.2,3.5,9,61,0.6,494,0,36.11
048a5de0-fdfd-5ec7-aa14-1e68b9506c13,F010000B140a,726,"게걸무, 잎, 생것","게걸무,잎,생것",게걸무,게걸무,채소류,생것,농진청('19),10.4,INGREDIENT,1,0,,2,PARTIAL,[],[],32,6.95,2.08,0.25,3.5,28,124,,571,488,59.73
1fa1cec0-7d65-558a-bf5e-fab0ffa1bb54,F0110020000a,727,"겨자, 녹색, 생것","겨자,녹색,생것",겨자,겨자,채소류,생것,농진청('13),10.4,INGREDIENT,1,0,,3,PARTIAL,[],[],24,4.19,3.03,0.17,2.5999999999999996,36,256,3.09,529,293,
bf964719-c088-5e70-8a28-33a0a5ad1953,F0110010000a,728,"겨자, 적색, 생것","겨자,적색,생것",겨자,겨자,채소류,생것,농진청('14),10.4,INGREDIENT,1,1,NUTRITION_MEDOID_RAW,3,MEASURED,[],[],24,3.57,3.54,0.27,2.6,43,234,6.19,457,313,39.43
0ce0fb9c-c5b8-593b-aeae-49230bddc444,F2360002660a,729,"경수채, 어린잎, 생것","경수채,어린잎,생것",경수채,경수채,채소류,생것,농진청('20),10.4,INGREDIENT,1,1,NUTRITION_MEDOID_RAW,1,MEASURED,[],[],26,5.57,1.68,0.24,1.7,40,141,0.69,369,227,68.84
f02eb270-d554-5f57-a3ea-064782925846,F208000B140a,730,"고구마, 잎, 생것","고구마,잎,생것",고구마,고구마,채소류,생것,농진청('13),10.4,INGREDIENT,1,0,,27,MEASURED,[],[],47,7.34,3.92,0.44,5.800000000000001,0,196,5.64,794,571,8.31
1cc9784c-1c9a-5d88-9c2a-7265d0ceb293,F208000B149c,731,"고구마, 잎, 데친것","고구마,잎,데친것",고구마,고구마,채소류,데친것,농진청('13),10.4,INGREDIENT,1,0,,27,MEASURED,[],[],41,5.8,3.44,0.62,5.4,1,186,3.38,376,475,0
568c0b11-f1d1-5a9f-807e-fa96dcb49960,F208000B160a,732,"고구마, 줄기, 생것","고구마,줄기,생것",고구마,고구마,채소류,생것,농진청('13),10.4,INGREDIENT,1,0,,27,MEASURED,[],[],18,3.63,0.76,0.02,2.2,1,92,0.41,559,3,1.7
07a0a45b-e484-5234-87b7-2a61815907c6,F208000B169c,733,"고구마, 줄기, 데친것","고구마,줄기,데친것",고구마,고구마,채소류,데친것,농진청('13),10.4,INGREDIENT,1,0,,27,MEASURED,[],[],17,3.64,0.59,0.05,2.2,1,89,0.31,364,9,0
dfabc7d3-595a-5893-8a81-2e1c1b58148b,F208000B169b,734,"고구마, 줄기, 삶은것","고구마,줄기,삶은것",고구마,고구마,채소류,삶은것,농진청('13),10.4,INGREDIENT,1,0,,27,MEASURED,[],[],14,2.88,0.45,0.05,1.8,1,65,0.26,184,9,0
e99add82-837f-59d3-8804-dffc9089ab1e,F208000B161a,735,"고구마, 줄기, 껍질 포함, 삶아서 말린것","고구마,줄기,껍질 포함,삶아서 말린것",고구마,고구마,채소류,,농진청('23),10.4,INGREDIENT,1,0,,27,MEASURED,[],[],262,66.35,6.98,1.02,35.4,13,1091,9.34,5681,0,0
b7a11c09-7436-55d2-a29f-259b67dfe23f,F208000B163b,736,"고구마, 줄기, 삶아서 말린것, 삶은것","고구마,줄기,삶아서 말린것,삶은것",고구마,고구마,채소류,삶은것,농진청('13),10.4,INGREDIENT,1,0,,27,MEASURED,[],[],23,4.96,0.48,0.11,4.5,3,125,0.45,31,9,0
f968ea5d-a500-5f61-80cc-aa8c159cc03e,F208000B210a,737,"고구마, 줄기, 껍질 포함, 생것","고구마,줄기,껍질 포함,생것",고구마,고구마,채소류,생것,농진청('13),10.4,INGREDIENT,1,0,,27,MEASURED,[],[],23,4.96,0.88,0.03,3.5,1,132,0.33,370,12,0.62
029a0988-21e5-59d8-aaa8-772952f1279a,F208000B219c,738,"고구마, 줄기, 껍질 포함, 삶은것","고구마,줄기,껍질 포함,삶은것",고구마,고구마,채소류,삶은것,농진청('13),10.4,INGREDIENT,1,0,,27,MEASURED,[],[],22,4.65,0.74,0.06,3.1,2,126,0.4,279,25,0.02
030e463f-b172-5ef5-a884-f1b4a9e752e5,F208000B213b,739,"고구마, 줄기, 껍질 포함, 삶아서 말린것, 삶은것","고구마,줄기,껍질 포함,삶아서 말린것,삶은것",고구마,고구마,채소류,삶은것,농진청('23),10.4,INGREDIENT,1,0,,27,MEASURED,[],[],29,7.28,0.64,0.17,7.2,4,179,0.85,87,0,0
e8a27a15-e125-5621-94b9-f366b29e1950,F0130000000a,740,"고들빼기, 생것","고들빼기,생것",고들빼기,고들빼기,채소류,생것,농진청('07),10.4,INGREDIENT,1,1,GENERIC_RAW,2,PARTIAL,[],[],29,5.8,1.6,0.5,,34,82,10.8,451,12,7
8a9e390a-988c-5db7-a9bb-d4127dad704e,F0130010000a,741,"고들빼기, 이고들빼기, 생것","고들빼기,이고들빼기,생것",고들빼기,고들빼기,채소류,생것,농진청('09),10.4,INGREDIENT,1,0,,2,MEASURED,[],[],39,8.2,2.5,0.4,3.3,57,128,4.8,531,6,15
837bf4d7-9914-55a4-82a0-95fa62393cbd,F014004B140a,742,"고려엉겅퀴(곤드레), 재래종, 잎, 생것","고려엉겅퀴(곤드레),재래종,잎,생것",고려엉겅퀴(곤드레),고려엉겅퀴곤드레,채소류,생것,농진청('16),10.4,INGREDIENT,1,1,NUTRITION_MEDOID_RAW,3,MEASURED,[],[],28,4.67,2.99,0.52,3.7,0,269,2.04,312,290,11.96
91e85f86-3d34-572c-9cca-56e2e47b41a4,F0140030001a,744,"고려엉겅퀴(곤드레), 말린것","고려엉겅퀴(곤드레),말린것",고려엉겅퀴(곤드레),고려엉겅퀴곤드레,채소류,말린것,농진청('22),10.4,INGREDIENT,1,0,,3,MEASURED,[],[],290,49.84,28.72,5.01,35.9,4,1718,12.84,1966,3948,0
b5a943ca-4b5d-5bee-abf6-c3dbfe8d0a08,F0150010000a,745,"고비, 야생, 생것","고비,야생,생것",고비,고비,채소류,생것,농진청('13),10.4,INGREDIENT,1,1,NUTRITION_MEDOID_RAW,5,MEASURED,[],[],28,6.41,1.72,0.13,3.7,1,15,0.71,271,30,6.41
42eb68e4-90e7-5fd7-9b0c-2576d05f8587,F0150010009b,746,"고비, 야생, 삶은것","고비,야생,삶은것",고비,고비,채소류,삶은것,농진청('13),10.4,INGREDIENT,1,0,,5,MEASURED,[],[],25,5.43,1.58,0.16,3.5,2,16,0.29,184,46,1.96
ae775c76-0279-59ce-a7f4-f26553812063,F0150010001b,747,"고비, 야생, 말린것, 삶은것","고비,야생,말린것,삶은것",고비,고비,채소류,삶은것,농진청('13),10.4,INGREDIENT,1,0,,5,MEASURED,[],[],31,6.84,1.68,0.26,4,4,36,0.75,60,3,0
7449aaae-4ba1-5ee1-a8c3-74e82d19304f,F0150010003a,748,"고비, 야생, 삶아서 말린것","고비,야생,삶아서 말린것",고비,고비,채소류,,농진청('13),10.4,INGREDIENT,1,0,,5,MEASURED,[],[],299,67.51,17.95,1.7,36.2,28,226,7.18,2947,369,0
31aca0b3-1149-57f8-bebd-138bcab62854,F0150020000a,749,"고비, 재배, 생것","고비,재배,생것",고비,고비,채소류,생것,농진청('98),10.4,INGREDIENT,1,0,,5,PARTIAL,[],[],28,6.2,2.1,0.1,,6,14,3.7,385,72,33
253d89d6-7e65-504f-a25a-c101b4c73c44,F0160000000a,750,"고사리, 생것","고사리,생것",고사리,고사리,채소류,생것,농진청('14),10.4,INGREDIENT,1,1,GENERIC_RAW,4,MEASURED,[],[],22,3.8,2.9,0.17,3.4,0,9,0.88,305,25,2.58
40ec8865-b047-5136-aa0a-79ece9dc24b0,F0160000009c,751,"고사리, 데친것","고사리,데친것",고사리,고사리,채소류,데친것,농진청('14),10.4,INGREDIENT,1,0,,4,MEASURED,[],[],21,3.55,2.74,0.24,2.7,2,15,0.48,197,40,8.38
da166b38-8513-5aaf-8057-9b40adcac72c,F0160000001a,752,"고사리, 말린것","고사리,말린것",고사리,고사리,채소류,말린것,식약('96),10.4,INGREDIENT,1,0,,4,PARTIAL,[],[],261,54.2,25.8,0.6,,15,188,6.4,2879,16,0
87659500-a802-5217-849c-c6754b383764,F0160000003a,753,"고사리, 삶아서 말린것","고사리,삶아서 말린것",고사리,고사리,채소류,,농진청('14),10.4,INGREDIENT,1,0,,4,MEASURED,[],[],273,56.58,27.85,2.11,42,24,147,6.75,3287,367,5.56
197ed6d0-fc4c-5712-9132-43c482651b3f,F0170000000a,754,"고수(향채), 생것","고수(향채),생것",고수(향채),고수향채,채소류,생것,농진청('20),10.4,INGREDIENT,1,1,GENERIC_RAW,1,MEASURED,[],[],25,4.53,2.43,0.31,2.4,51,79,0.83,358,362,34.45
bcdef5e4-dd56-51ca-9950-37c0afd9235e,F018000C020a,756,"고추, 빨간색, 생것","고추,빨간색,생것",고추,고추,채소류,생것,농진청('15),10.4,INGREDIENT,1,0,,12,MEASURED,[],[],85,15.34,3.12,2.73,10.2,1,14,0.75,575,295,122.74
ccd26d28-f81f-564e-92d5-f33bc867ff7e,F018003C020a,757,"고추, 빨간색, 녹광, 생것","고추,빨간색,녹광,생것",고추,고추,채소류,생것,농진청('01),10.4,INGREDIENT,1,0,,12,PARTIAL,[],[],41,6.9,2.3,1.3,,11,12,1,370,,170
57778278-1208-5f48-9d12-3b81537cd09b,F018004C020a,758,"고추, 빨간색, 수비초, 생것","고추,빨간색,수비초,생것",고추,고추,채소류,생것,농진청('05),10.4,INGREDIENT,1,0,,12,PARTIAL,[],[],77,14.8,3.7,1.8,,2,17,0.9,580,0,142
30db05c1-c309-5906-93cb-9bbdbcf79036,F018000C021a,759,"고추, 빨간색, 말린것","고추,빨간색,말린것",고추,고추,채소류,말린것,농진청('15),10.4,INGREDIENT,1,0,,12,MEASURED,[],[],312,57.47,13.88,8.71,35.8,4,57,3.97,2634,1162,0
a9838c65-2c06-5942-b006-57932e648c69,F018005C030a,760,"고추, 연두색, 시레나, 생것","고추,연두색,시레나,생것",고추,고추,채소류,생것,농진청('02),10.4,INGREDIENT,1,0,,12,PARTIAL,[],[],19,4.4,1,0.1,,3,5,0.4,231,1,40
9f154f67-3d44-521e-bd05-8c16ff52a39e,F018003C050a,761,"고추, 초록색, 녹광, 생것","고추,초록색,녹광,생것",고추,고추,채소류,생것,농진청('01),10.4,INGREDIENT,1,0,,12,PARTIAL,[],[],27,4.6,1.4,0.8,,9,14,0.9,162,,72
a5621933-e209-5476-a09d-0812d037f61a,F018005C050a,762,"고추, 초록색, 시레나, 생것","고추,초록색,시레나,생것",고추,고추,채소류,생것,농진청('02),10.4,INGREDIENT,1,0,,12,PARTIAL,[],[],23,5.4,1.1,0.1,,3,4,0.5,199,12,47
69ea4962-921b-5e3f-b9bd-35ebe14ed31a,F0180000620a,763,"고추, 풋고추, 생것","고추,풋고추,생것",고추,고추,채소류,생것,농진청('14),10.4,INGREDIENT,1,0,,12,MEASURED,[],[],29,6.42,1.71,0.19,4.4,1,15,0.5,270,38,43.95
48d020ec-ae47-5868-9749-e05fa493f2f2,F0180070620a,764,"고추, 풋고추, 재래종, 생것","고추,풋고추,재래종,생것",고추,고추,채소류,생것,농진청('10),10.4,INGREDIENT,1,0,,12,PARTIAL,[],[],26,6,1.2,0.2,5.6,0,13,0.4,231,2,
5ca0b8e1-0cf9-5a99-87eb-1e1584c62294,F0180020000a,765,"고추, 꽈리고추, 생것","고추,꽈리고추,생것",고추,고추,채소류,생것,농진청('14),10.4,INGREDIENT,1,0,,12,MEASURED,[],[],33,7.78,1.83,0.13,3.2,2,15,0.6,279,40,56.7
e7cf0d4d-b04a-5229-9b28-7ec04410bdce,F0180060000a,766,"고추, 오이고추, 생것","고추,오이고추,생것",고추,고추,채소류,생것,농진청('14),10.4,INGREDIENT,1,0,,12,MEASURED,[],[],23,5.51,0.99,0.12,2.6999999999999997,1,11,0.39,227,33,78.01
c289c977-4501-5814-9816-ee27a51a5b9e,F0180080000a,767,"고추, 청양고추, 생것","고추,청양고추,생것",고추,고추,채소류,생것,농진청('14),10.4,INGREDIENT,1,1,NUTRITION_MEDOID_RAW,12,MEASURED,[],[],31,7.01,1.53,0.3,4.7,1,10,0.51,290,38,51.35
d8e53c5d-4704-5569-b2d0-3cbb038cf310,F0200000009a,768,고추장아찌,고추장아찌,고추장아찌,고추장아찌,채소류,,농진청('16),10.4,INGREDIENT,1,1,EXACT_BASE_NAME,1,MEASURED,[],[],124,31.49,2.39,0.63,4.8,2026,16,1.1,209,24,11.8
0ef34eb8-8cac-57ec-a546-9871da045f28,F019000B140a,769,"고춧잎, 생것","고춧잎,생것",고춧잎,고춧잎,채소류,생것,농진청('13),10.4,INGREDIENT,1,1,GENERIC_RAW,4,MEASURED,[],[],45,8.49,5.07,0.32,2.8,4,369,4.35,589,434,24.03
e9b6ed4d-c14c-5ebf-8ade-f0366146bdb3,F019000B149c,770,"고춧잎, 데친것","고춧잎,데친것",고춧잎,고춧잎,채소류,데친것,농진청('13),10.4,INGREDIENT,1,0,,4,MEASURED,[],[],51,8.9,5.16,0.85,6.9,2,457,1.85,518,558,8.21
27b9b4c6-4371-58c2-bafb-7b981f3ea4d8,F019000B141a,771,"고춧잎, 말린것","고춧잎,말린것",고춧잎,고춧잎,채소류,말린것,농진청('13),10.4,INGREDIENT,1,0,,4,MEASURED,[],[],266,37.8,35.43,5.3,33.7,25,1495,31.61,3780,2117,13.89
85ebbfea-bbdd-559c-acfc-81d0ab3754bb,F019000B143b,772,"고춧잎, 삶아서 말린것, 삶은것","고춧잎,삶아서 말린것,삶은것",고춧잎,고춧잎,채소류,삶은것,농진청('13),10.4,INGREDIENT,1,0,,4,MEASURED,[],[],41,6.66,4.41,0.76,6.5,4,590,2,53,633,6.06
dba6bdaa-aef6-5d23-ab79-77fc2b3ee1a6,F021000B090a,773,"고추냉이, 뿌리, 생것","고추냉이,뿌리,생것",고추냉이,고추냉이,채소류,생것,농진청('85),10.4,INGREDIENT,1,0,,4,PARTIAL,[],[],103,23.7,2.9,0.5,,1,41,0.6,570,1,19
097308e5-6acd-550f-94c1-c005794e5f6b,F0220000000a,776,"곤달비, 생것","곤달비,생것",곤달비,곤달비,채소류,생것,농진청('23),10.4,INGREDIENT,1,1,GENERIC_RAW,2,MEASURED,[],[],32,5.51,2.81,0.64,4.3,3,82,1.08,427,117,18.86
fe17845f-fc41-5f55-a1c7-4651e12ff3b4,F0220000009c,777,"곤달비, 데친것","곤달비,데친것",곤달비,곤달비,채소류,데친것,농진청('23),10.4,INGREDIENT,1,0,,2,MEASURED,[],[],29,4.96,2.74,0.53,3.5,2,78,0.75,364,87,12.23
ddf9c972-49ff-5457-8ae7-753cf83461e8,F0240000000a,778,"공심채, 생것","공심채,생것",공심채,공심채,채소류,생것,농진청('20),10.4,INGREDIENT,1,1,GENERIC_RAW,2,MEASURED,[],[],26,5.57,1.67,0.25,2.7,33,110,1.89,506,326,24.43
acfb89a3-517f-5eb0-8f93-5953d54e258c,F0240000009c,779,"공심채, 데친것","공심채,데친것",공심채,공심채,채소류,데친것,농진청('20),10.4,INGREDIENT,1,0,,2,MEASURED,[],[],26,5.36,1.69,0.34,2.9,18,88,0.56,500,317,10.83
5e63f0e1-c75a-5016-b013-0efe1001d7ae,F025000B140a,780,"꾸지뽕, 잎, 생것","꾸지뽕,잎,생것",꾸지뽕,꾸지뽕,채소류,생것,농진청('15),10.4,INGREDIENT,1,1,NUTRITION_MEDOID_RAW,5,MEASURED,[],[],85,19.18,5.06,0.51,13.5,7,595,1.74,618,417,29.3
84e52120-100a-5390-9dc4-1dffc324e3dd,F025000B149b,781,"꾸지뽕, 잎, 삶은것","꾸지뽕,잎,삶은것",꾸지뽕,꾸지뽕,채소류,삶은것,농진청('15),10.4,INGREDIENT,1,0,,5,MEASURED,[],[],61,13.15,3.93,0.51,7.2,1,415,1.74,312,288,54.87
39944ebb-5ec2-53fe-9e60-1ee5d36cee0c,F025000B141a,782,"꾸지뽕, 잎, 말린것","꾸지뽕,잎,말린것",꾸지뽕,꾸지뽕,채소류,말린것,농진청('15),10.4,INGREDIENT,1,0,,5,MEASURED,[],[],282,63.3,18.25,1.4,32.3,4,1574,11.5,2114,895,164.19
84f76352-9cdc-59fc-985e-0a298f2be344,F224001B110a,783,"구기자, 순, 재래종, 생것","구기자,순,재래종,생것",구기자,구기자,채소류,생것,농진청('15),10.4,INGREDIENT,1,1,NUTRITION_MEDOID_RAW,3,MEASURED,[],[],50,7.05,6.27,1.08,5.1,2,10,1.58,551,93,15.82
6db318d3-207b-5802-8138-c74084bc3e08,F224001B140a,784,"구기자, 잎, 재래종, 생것","구기자,잎,재래종,생것",구기자,구기자,채소류,생것,농진청('15),10.4,INGREDIENT,1,0,,3,MEASURED,[],[],56,7.77,6.33,1.57,5.4,8,572,2.32,690,404,10.22
b2f25352-a63d-570e-a690-b6d4526cb0ae,F0260000000a,785,"국화꽃, 생것","국화꽃,생것",국화꽃,국화꽃,채소류,생것,JAPAN('20),10.4,INGREDIENT,1,1,GENERIC_RAW,3,MEASURED,[],[],25,6.5,1.4,0,3.4,2,22,0.7,280,6,11
9113a159-d0e8-55a4-91a8-029eda5892b4,F0260000009c,786,"국화꽃, 데친것","국화꽃,데친것",국화꽃,국화꽃,채소류,데친것,JAPAN('20),10.4,INGREDIENT,1,0,,3,MEASURED,[],[],21,5.7,1,0,2.9,1,16,0.5,140,5,5
5f25eaa9-fb66-520b-b85f-df648265d436,F0260000001a,787,"국화꽃, 말린것","국화꽃,말린것",국화꽃,국화꽃,채소류,말린것,JAPAN('20),10.4,INGREDIENT,1,0,,3,MEASURED,[],[],283,73.5,11.6,0.2,29.6,14,160,11,2500,15,10
08b8daf5-d0f1-55f0-96be-fce01a050484,F0270000000a,788,"근대, 생것","근대,생것",근대,근대,채소류,생것,농진청('13),10.4,INGREDIENT,1,1,GENERIC_RAW,2,MEASURED,[],[],18,3.28,1.78,0.2,2.7,173,49,0.53,562,254,4.8
6c4255a3-71bf-515f-9d26-19f92fb92b25,F0270000009c,789,"근대, 데친것","근대,데친것",근대,근대,채소류,데친것,농진청('13),10.4,INGREDIENT,1,0,,2,MEASURED,[],[],20,3.95,1.79,0.2,2.6,138,61,0.46,467,290,0
b680489d-9355-5c40-bfcb-ed162a833ec8,F2050010009a,790,"김치, 갓김치","김치,갓김치",김치,김치,채소류,,농진청('16),10.4,INGREDIENT,1,0,,18,MEASURED,[],[],37,7.07,3.26,0.4,3,720,103,0.83,328,101,1.65
93833fa5-af35-5bf2-afc8-6b7211fa85d3,F2050020009a,791,"김치, 고들빼기","김치,고들빼기",김치,김치,채소류,,농진청('22),10.4,INGREDIENT,1,0,,18,MEASURED,[],[],68,12.58,2.84,0.66,3.9,894,46,2.78,221,182,1.12
51a079bb-47d8-587f-a784-2988801c7210,F2050030009a,792,"김치, 깍두기","김치,깍두기",김치,김치,채소류,,농진청('22),10.4,INGREDIENT,1,0,,18,MEASURED,[],[],40,8.27,1.36,0.21,2.7,523,32,0.29,258,11,2.91
7964e70f-c245-5af4-b97d-6ae88b0d48a4,F2050040009a,793,"김치, 나박 김치","김치,나박 김치",김치,김치,채소류,,농진청('16),10.4,INGREDIENT,1,0,,18,MEASURED,[],[],7,1.27,0.34,0.07,1.2,421,12,0.1,88,15,3.5
af34e862-e16b-5096-825e-2374592c8ae7,F2050050009a,794,"김치, 동치미","김치,동치미",김치,김치,채소류,,농진청('16),10.4,INGREDIENT,1,0,,18,MEASURED,[],[],8,1.77,0.33,0.01,0.5,533,10,0.07,82,1,2.32
bb4c9e13-3612-573a-923e-aecde6121768,F2050070009a,795,"김치, 배추 김치","김치,배추 김치",김치,김치,채소류,,농진청('22),10.4,INGREDIENT,1,0,,18,MEASURED,[],[],38,6.49,1.98,0.43,2.5,551,43,0.43,334,35,3.59
90b09f6e-1bf3-5eba-b787-66a57d0cd08e,F2050072269a,796,"김치, 배추 김치, 봄 재배","김치,배추 김치,봄 재배",김치,김치,채소류,,농진청('15),10.4,INGREDIENT,1,0,,18,MEASURED,[],[],39,5.95,2.22,0.67,3.7,626,53,0.56,430,48,4.04
0b974edb-a500-558b-94f8-1458f23320a7,F2050072279a,797,"김치, 배추 김치, 여름 재배","김치,배추 김치,여름 재배",김치,김치,채소류,,농진청('15),10.4,INGREDIENT,1,0,,18,MEASURED,[],[],38,6.6,1.84,0.49,3.6,606,51,0.45,324,25,3.64
19fd11d0-4d0c-5683-b518-7e73d148725e,F2050072289a,798,"김치, 배추 김치, 가을 재배","김치,배추 김치,가을 재배",김치,김치,채소류,,농진청('16),10.4,INGREDIENT,1,0,,18,MEASURED,[],[],37,6.16,1.85,0.54,3.4,548,50,0.51,312,27,3.15
9e91fa94-354e-5199-a61b-f5d0faf1f92e,F2050080009a,799,"김치, 백김치","김치,백김치",김치,김치,채소류,,농진청('16),10.4,INGREDIENT,1,0,,18,MEASURED,[],[],16,3,0.95,0.07,1.9,395,35,0.24,187,2,15.98
895d1521-a2b2-5f72-91b1-9d3c7bcd05f2,F2050090009a,800,"김치, 열무 김치","김치,열무 김치",김치,김치,채소류,,농진청('22),10.4,INGREDIENT,1,0,,18,MEASURED,[],[],36,5.87,2.39,0.38,2.7,583,115,0.65,353,146,3.3
c0e36258-2536-5e50-a9ab-95adbd57dbbc,F2050100009a,801,"김치, 열무 물김치","김치,열무 물김치",김치,김치,채소류,,농진청('16),10.4,INGREDIENT,1,0,,18,MEASURED,[],[],18,2.91,1.41,0.07,0.5,493,32,0.21,103,32,3.88
af6654c0-0606-5526-ac4c-4985d0e7be1b,F2050110009a,802,"김치, 오이 소박이","김치,오이 소박이",김치,김치,채소류,,농진청('16),10.4,INGREDIENT,1,0,,18,MEASURED,[],[],37,6.66,1.76,0.37,3.1,302,29,0.57,283,56,0.89
93aee824-9caf-5a5a-b048-33daaba0d9c5,F2050120009a,803,"김치, 유채 김치","김치,유채 김치",김치,김치,채소류,,농진청('04),10.4,INGREDIENT,1,0,,18,PARTIAL,[],[],62,10.1,3.5,0.8,,926,67,,464,222,56
bb0037ea-77fc-5fc6-8f4c-ec112f745fec,F2050130009a,804,"김치, 유채 물김치","김치,유채 물김치",김치,김치,채소류,,농진청('04),10.4,INGREDIENT,1,0,,18,PARTIAL,[],[],17,3,1,0.1,,452,37,,112,3,19
2ad43ca9-5b23-543b-a9ba-13563d9496be,F2050140009a,805,"김치, 총각 김치","김치,총각 김치",김치,김치,채소류,,농진청('22),10.4,INGREDIENT,1,0,,18,MEASURED,[],[],42,7.89,1.92,0.29,2.4,630,38,0.52,331,14,3.49
e7413e20-df6d-55e9-bf77-efe55a40f80f,F2050150009a,806,"김치, 파 김치","김치,파 김치",김치,김치,채소류,,농진청('16),10.4,INGREDIENT,1,0,,18,MEASURED,[],[],49,8.51,2.5,0.58,4.6,655,60,0.73,282,107,2.22
043fdd64-83c7-585f-b258-1a79e2b7fb63,F2050160009a,807,"김치, 얼갈이배추 김치","김치,얼갈이배추 김치",김치,김치,채소류,,농진청('15),10.4,INGREDIENT,1,0,,18,MEASURED,[],[],30,4.37,1.88,0.58,3.3,581,125,0.39,201,115,5.36
8d9ee7c4-c2ac-5f7d-8867-db50e99d7d16,F0300000000a,808,"꽃양배추(콜리플라워), 생것","꽃양배추(콜리플라워),생것",꽃양배추(콜리플라워),꽃양배추콜리플라워,채소류,생것,농진청('18),10.4,INGREDIENT,1,1,GENERIC_RAW,2,MEASURED,[],[],27,4.84,2.17,0.48,4.6,13,14,0.33,403,1,33.44
8c3a0fd4-7266-5f8f-83e1-ed4848eccd41,F0300000009c,809,"꽃양배추(콜리플라워), 데친것","꽃양배추(콜리플라워),데친것",꽃양배추(콜리플라워),꽃양배추콜리플라워,채소류,데친것,농진청('18),10.4,INGREDIENT,1,0,,2,MEASURED,[],[],26,4.62,2.4,0.47,3.5,13,15,0.43,377,1,30.42
3d83e8bb-52fd-5fc6-9936-cfafd93bdb56,F0310000000a,810,"꿀풀(하고초), 생것","꿀풀(하고초),생것",꿀풀(하고초),꿀풀하고초,채소류,생것,농진청('09),10.4,INGREDIENT,1,1,GENERIC_RAW,2,PARTIAL,[],[],48,11.9,1.6,0.2,,3,160,21.3,836,1725,5
5ed6a873-10d8-5938-8b63-45e442e3cefc,F0310000001a,811,"꿀풀(하고초), 말린것","꿀풀(하고초),말린것",꿀풀(하고초),꿀풀하고초,채소류,말린것,농진청('09),10.4,INGREDIENT,1,0,,2,PARTIAL,[],[],309,71.6,8.2,4,,10,996,20.9,2232,972,5
eaccc57f-f9a4-520f-ac2a-1849150e8987,F0320000580a,812,"날개콩, 미숙, 생것","날개콩,미숙,생것",날개콩,날개콩,채소류,생것,농진청('87),10.4,INGREDIENT,1,1,NUTRITION_MEDOID_RAW,1,PARTIAL,[],[],36,6.5,1.9,0.2,,,40,1.4,,11,17
25c34c1e-f980-5a43-aedd-a13b4a2dc8bd,F0330000000a,813,"냉이, 생것","냉이,생것",냉이,냉이,채소류,생것,농진청('23),10.4,INGREDIENT,1,1,GENERIC_RAW,2,MEASURED,[],[],37,6.74,3.81,0.42,4.5,8,322,9.49,332,124,21
9b7dbf52-a171-5f69-9412-7044bbc25567,F0330000009c,814,"냉이, 데친것","냉이,데친것",냉이,냉이,채소류,데친것,농진청('23),10.4,INGREDIENT,1,0,,2,MEASURED,[],[],40,7.3,4.19,0.5,4.5,3,207,6.99,207,131,20.77
b3a40fd0-581b-5994-b209-4a6602a420e2,F0370000000a,815,"누리장나무잎, 생것","누리장나무잎,생것",누리장나무잎,누리장나무잎,채소류,생것,농진청('04),10.4,INGREDIENT,1,1,GENERIC_RAW,1,PARTIAL,[],[],65,12.7,4.5,1,,,,,,,
b9f6f5d7-41b1-5210-b127-d886fd82798f,F0380000000a,816,"는쟁이냉이, 생것","는쟁이냉이,생것",는쟁이냉이,는쟁이냉이,채소류,생것,농진청('89),10.4,INGREDIENT,1,1,GENERIC_RAW,1,PARTIAL,[],[],28,5.4,2.5,0.3,,,47,3.9,,58,19
3048dbeb-f72d-52fe-b2fa-0b9edbe7eaa6,F0390000000a,817,"달래, 생것","달래,생것",달래,달래,채소류,생것,농진청('23),10.4,INGREDIENT,1,1,GENERIC_RAW,2,MEASURED,[],[],56,13.41,2.35,0.31,2.9,4,83,1.78,316,85,35.25
3ad53e41-b130-5d0b-9458-4a36cd91999a,F040001B140a,818,"당귀, 일당귀, 잎, 생것","당귀,일당귀,잎,생것",당귀,당귀,채소류,생것,농진청('09),10.4,INGREDIENT,1,1,NUTRITION_MEDOID_RAW,2,PARTIAL,[],[],43,8.8,3.2,0.4,,3,80,17.8,453,18,43
8340208d-990c-50a2-9ca8-a1457bfc815b,F040004B140a,819,"당귀, 참당귀, 잎, 생것","당귀,참당귀,잎,생것",당귀,당귀,채소류,생것,농진청('09),10.4,INGREDIENT,1,0,,2,PARTIAL,[],[],39,7.4,2.6,0.7,,3,54,15,685,21,25
f5cde03f-aa89-5743-b247-4fd35bffa46d,F041000B090a,820,"당근, 뿌리, 생것","당근,뿌리,생것",당근,당근,채소류,생것,농진청('21),10.4,INGREDIENT,1,1,NUTRITION_MEDOID_RAW,3,MEASURED,[],[],33,7.65,0.78,0.18,2.9,25,27,0.19,295,379,2.16
1b361ab7-59f3-5648-b63e-6e34a704de20,F041000B099c,821,"당근, 뿌리, 데친것","당근,뿌리,데친것",당근,당근,채소류,데친것,농진청('21),10.4,INGREDIENT,1,0,,3,MEASURED,[],[],30,6.98,0.77,0.18,2.6,19,28,0.18,246,266,1.34
61531fd6-06f6-52ed-bc5a-4226be52fec9,F0420000749a,822,당근 주스,당근 주스,당근 주스,당근주스,채소류,,농진청('22),10.4,INGREDIENT,1,0,,1,MEASURED,[],[],31,7.47,0.41,0.09,0.8,31,10,0.07,195,344,5.64
6bbd2e03-fadc-524a-bb2b-b9742ad8dcd3,F167000B110a,824,"대나무순(죽순), 생것","대나무순(죽순),생것",대나무순(죽순),대나무순죽순,채소류,생것,농진청('15),10.4,INGREDIENT,1,0,,5,MEASURED,[],[],25,4.54,2.71,0.28,2.8,1,14,0.39,468,1,8.03
879fb3c7-31e7-51e2-9185-f4546ca9e93d,F167000B119b,826,"대나무순(죽순), 삶은것","대나무순(죽순),삶은것",대나무순(죽순),대나무순죽순,채소류,삶은것,농진청('22),10.4,INGREDIENT,1,0,,5,MEASURED,[],[],26,4.58,2.62,0.34,2.4,1,18,0.25,156,1,0
cc5f8f4a-5652-5bc0-9626-410f6092398f,F167000B113a,827,"대나무순(죽순), 삶아서 말린것","대나무순(죽순),삶아서 말린것",대나무순(죽순),대나무순죽순,채소류,,농진청('22),10.4,INGREDIENT,1,0,,5,MEASURED,[],[],298,52.48,29.24,4.69,23.6,11,189,3.84,1372,10,0
1b5f853f-d411-5e32-823d-1a6f28e4e146,F167000B11Ra,828,"대나무순(죽순), 통조림","대나무순(죽순),통조림",대나무순(죽순),대나무순죽순,채소류,통조림,농진청('24),10.4,INGREDIENT,1,0,,5,MEASURED,[],[],19,3.47,1.78,0.27,2.1,1,17,0.39,83,0,0
b6ec493e-2965-541a-993e-62d1f822a222,F043000B090a,829,"더덕, 뿌리, 생것","더덕,뿌리,생것",더덕,더덕,채소류,생것,농진청('22),10.4,INGREDIENT,1,1,NUTRITION_MEDOID_RAW,5,MEASURED,[],[],80,17.58,2.28,0.76,3.7,0,30,0.74,226,0,4.72
4f6b808f-b46f-5b1b-9cc5-3c903963022c,F043000B095a,830,"더덕, 뿌리, 가루","더덕,뿌리,가루",더덕,더덕,채소류,,농진청('15),10.4,INGREDIENT,1,0,,5,MEASURED,[],[],339,78.38,11.19,0.77,35.7,6,261,25.88,1415,1,16.73
81bb2e0a-cd7c-5871-bbf4-7b2f4997dcc7,F044000B090a,831,"도라지, 뿌리, 생것","도라지,뿌리,생것",도라지,도라지,채소류,생것,농진청('19),10.4,INGREDIENT,1,1,NUTRITION_MEDOID_RAW,6,MEASURED,[],[],65,15.15,2.01,0.15,4.2,3,40,0.32,231,1,7.58
cc8fdcfc-53cd-5b1d-9d64-697175610320,F044000B099c,832,"도라지, 뿌리, 데친것","도라지,뿌리,데친것",도라지,도라지,채소류,데친것,농진청('19),10.4,INGREDIENT,1,0,,6,MEASURED,[],[],58,13.42,1.75,0.15,2.4,4,43,0.36,184,1,6.01
4a3224bc-1fdc-5d8f-801a-95b054c6c0a2,F044000B091a,833,"도라지, 뿌리, 말린것","도라지,뿌리,말린것",도라지,도라지,채소류,말린것,농진청('19),10.4,INGREDIENT,1,0,,6,MEASURED,[],[],330,76.44,10.33,0.89,24.9,22,246,2.11,1700,3,11.02
7cd455c9-6698-57af-9d3e-6bb94714bf4b,F044000B095a,834,"도라지, 뿌리, 가루","도라지,뿌리,가루",도라지,도라지,채소류,,농진청('14),10.4,INGREDIENT,1,0,,6,MEASURED,[],[],339,76.65,12.53,1.12,31.9,29,299,5.41,1450,2,11.36
663233e2-d8fe-5cff-806c-42974b58f890,F0450000000a,835,"돌나물, 생것","돌나물,생것",돌나물,돌나물,채소류,생것,농진청('13),10.4,INGREDIENT,1,1,GENERIC_RAW,1,MEASURED,[],[],15,3.23,1.19,0.08,1,0,190,0.77,198,90,107.99
8861f55c-f22b-5228-8ccc-d46a927a7c94,F0460000000a,836,"동아, 생것","동아,생것",동아,동아,채소류,생것,JAPAN('20),10.4,INGREDIENT,1,1,GENERIC_RAW,2,QUALIFIED,[],"[""vitamin_a_mcg_rae""]",15,3.8,0.5,0.1,1.3,1,19,0.2,200,0,39
6f90bed5-3f5a-5300-86f1-22e4155ebd91,F0460000009c,837,"동아, 데친것","동아,데친것",동아,동아,채소류,데친것,JAPAN('20),10.4,INGREDIENT,1,0,,2,QUALIFIED,[],"[""vitamin_a_mcg_rae""]",15,3.7,0.6,0.1,1.5,1,22,0.3,200,0,27
04938ed6-a39d-5889-ac52-4ee4383d1914,F0470010000a,838,"두릅, 땅두릅, 생것","두릅,땅두릅,생것",두릅,두릅,채소류,생것,농진청('14),10.4,INGREDIENT,1,0,,12,MEASURED,[],[],25,4.79,2.4,0.22,4.4,2,80,8,456,45,9.83
4adb34fa-35b4-55a4-b68d-333dd736b7d0,F047001B140a,839,"두릅, 땅두릅, 잎, 생것","두릅,땅두릅,잎,생것",두릅,두릅,채소류,생것,농진청('06),10.4,INGREDIENT,1,0,,12,PARTIAL,[],[],43,8.5,4.3,0.3,,22,140,1.9,172,5,47
e47453df-ba9c-507d-8720-6a27111e0ff6,F047001B160a,840,"두릅, 땅두릅, 줄기, 생것","두릅,땅두릅,줄기,생것",두릅,두릅,채소류,생것,농진청('06),10.4,INGREDIENT,1,0,,12,PARTIAL,[],[],17,3.1,1.6,0.2,,29,36,1.1,264,0,4
05e2c336-4788-5868-92d1-a2d415d5fbff,F0470010009c,841,"두릅, 땅두릅, 데친것","두릅,땅두릅,데친것",두릅,두릅,채소류,데친것,농진청('14),10.4,INGREDIENT,1,0,,12,MEASURED,[],[],24,4.56,2.3,0.25,3.4000000000000004,2,73,1.57,370,55,3.98
c0ad921b-bcb1-5b41-b878-f3d022967cc0,F047001B149c,842,"두릅, 땅두릅, 잎, 데친것","두릅,땅두릅,잎,데친것",두릅,두릅,채소류,데친것,농진청('06),10.4,INGREDIENT,1,0,,12,PARTIAL,[],[],61,10.8,6.3,0.8,,27,221,2.5,235,12,14
cd184570-e58f-5828-9714-4dd370e37cd0,F047001B169c,843,"두릅, 땅두릅, 줄기, 데친것","두릅,땅두릅,줄기,데친것",두릅,두릅,채소류,데친것,농진청('06),10.4,INGREDIENT,1,0,,12,PARTIAL,[],[],16,3.3,1.5,0.1,,3,55,0.8,196,1,4
9f474027-c5c0-5046-96f7-8ccd46e46c77,F0470000000a,844,"두릅, 참두릅, 생것","두릅,참두릅,생것",두릅,두릅,채소류,생것,농진청('13),10.4,INGREDIENT,1,0,,12,MEASURED,[],[],33,5.89,4.13,0.22,2.3,1,48,1.68,547,185,23.74
51b96c98-d59a-5940-ba62-0b4bf320838a,F047000B140a,845,"두릅, 참두릅, 잎, 생것","두릅,참두릅,잎,생것",두릅,두릅,채소류,생것,농진청('15),10.4,INGREDIENT,1,0,,12,MEASURED,[],[],46,7.32,6.69,0.46,5.3,2,40,2.34,577,119,6.11
599a6b68-3bd0-5dd2-a5d5-2c2a4ab90875,F047000B160a,846,"두릅, 참두릅, 줄기, 생것","두릅,참두릅,줄기,생것",두릅,두릅,채소류,생것,농진청('15),10.4,INGREDIENT,1,1,NUTRITION_MEDOID_RAW,12,MEASURED,[],[],33,6.12,3.56,0.24,4.2,1,44,0.79,519,31,2.31
6a320d6d-08cf-5c9b-9283-7fe0978fb95a,F0470000009c,847,"두릅, 참두릅, 데친것","두릅,참두릅,데친것",두릅,두릅,채소류,데친것,농진청('13),10.4,INGREDIENT,1,0,,12,MEASURED,[],[],32,5.81,3.49,0.28,3,2,67,1.27,391,198,2.52
50e7332f-f551-53ee-90c7-668af69ea78a,F047000B149c,848,"두릅, 참두릅, 잎, 데친것","두릅,참두릅,잎,데친것",두릅,두릅,채소류,데친것,농진청('15),10.4,INGREDIENT,1,0,,12,MEASURED,[],[],41,6.44,5.53,0.51,5,2,40,1.34,395,105,6.97
3ed18470-95c4-5603-9e31-5436930207c3,F047000B169c,849,"두릅, 참두릅, 줄기, 데친것","두릅,참두릅,줄기,데친것",두릅,두릅,채소류,데친것,농진청('15),10.4,INGREDIENT,1,0,,12,MEASURED,[],[],28,5.24,2.81,0.28,4.1,1,33,0.45,423,31,0.55
d880f0bf-53a1-5b99-a153-74d6032b92b3,F048000B140a,850,"둥굴레, 잎, 생것","둥굴레,잎,생것",둥굴레,둥굴레,채소류,생것,농진청('92),10.4,INGREDIENT,1,1,NUTRITION_MEDOID_RAW,2,PARTIAL,[],[],52,11.7,3.4,0.2,,9,58,8.9,362,9,2
f3c7368d-fdbe-5f2e-a828-9adbcd814088,F048000B141a,851,"둥굴레, 잎, 말린것","둥굴레,잎,말린것",둥굴레,둥굴레,채소류,말린것,농진청('95),10.4,INGREDIENT,1,0,,2,PARTIAL,[],[],289,67.7,16.5,0.9,,7,572,59.9,264,1,32
0e728b85-9ff9-5ab5-bde1-6c70fe22030a,F207000B120a,852,"들깨, 싹, 생것","들깨,싹,생것",들깨,들깨,채소류,생것,농진청('84),10.4,INGREDIENT,1,1,NUTRITION_MEDOID_RAW,3,PARTIAL,[],[],17,2.5,1.7,0.1,,,29,7.8,,4,7
d365eee2-9426-57ae-b9c3-896193ec76d1,F049000B140a,853,"들깻잎, 생것","들깻잎,생것",들깻잎,들깻잎,채소류,생것,농진청('21),10.4,INGREDIENT,1,1,GENERIC_RAW,3,MEASURED,[],[],38,6.94,3.69,0.56,5,1,241,1.57,422,579,15.18
74f66aa2-5358-5648-8fc1-a4311c1fa740,F049000B149c,854,"들깻잎, 데친것","들깻잎,데친것",들깻잎,들깻잎,채소류,데친것,농진청('21),10.4,INGREDIENT,1,0,,3,MEASURED,[],[],30,4.4,3.55,0.65,3.8,1,191,1.19,199,517,6.01
46c370fa-592a-5f88-9b9f-046243f0e4fe,F049000B149e,855,"들깻잎, 찐것","들깻잎,찐것",들깻잎,들깻잎,채소류,찐것,농진청('21),10.4,INGREDIENT,1,0,,3,MEASURED,[],[],34,5.89,3.28,0.63,4.5,1,218,1.23,330,540,2.13
a3c2b4fe-d4b7-55ca-b801-916ab979e747,F0500000009a,856,들깻잎장아찌,들깻잎장아찌,들깻잎장아찌,들깻잎장아찌,채소류,,농진청('16),10.4,INGREDIENT,1,1,EXACT_BASE_NAME,2,MEASURED,[],[],124,26,4.03,0.42,4.4,1809,178,2.34,285,347,12.74
a7b92acb-116e-58fd-9951-9d78a12f4d4e,F049000B14Ra,857,"들깻잎장아찌, 통조림","들깻잎장아찌,통조림",들깻잎장아찌,들깻잎장아찌,채소류,통조림,농진청('24),10.4,INGREDIENT,1,0,,2,MEASURED,[],[],85,13.39,3.4,1.94,4.4,1412,112,2.95,123,187,0
6443db9f-fa74-5ab3-af62-998086dc8545,F2320000000a,858,"루꼴라, 생것","루꼴라,생것",루꼴라,루꼴라,채소류,생것,농진청('20),10.4,INGREDIENT,1,1,GENERIC_RAW,1,MEASURED,[],[],26,4.2,3.17,0.43,1.3,13,159,1.5,524,385,51
0bfb51f3-b724-575f-8b43-0cf569506eee,F0520000000a,859,"리크, 생것","리크,생것",리크,리크,채소류,생것,농진청('88),10.4,INGREDIENT,1,1,GENERIC_RAW,2,PARTIAL,[],[],54,13.2,1.8,0.3,,4,20,0.1,380,23,41
e86ea443-9d67-5432-b3c9-0a6a8c2a2505,F0520000009c,860,"리크, 데친것","리크,데친것",리크,리크,채소류,데친것,JAPAN('20),10.4,INGREDIENT,1,0,,2,MEASURED,[],[],28,6.8,1.3,0.1,2.6,2,26,0.6,180,3,9
3d0b96db-2a01-5424-a121-19048e36ef11,F053000B060a,861,"마늘, 생것","마늘,생것",마늘,마늘,채소류,생것,농진청('15),10.4,INGREDIENT,1,1,GENERIC_RAW,17,MEASURED,[],[],128,26.42,7.45,0.16,3.8,3,12,0.78,531,0,8.45
e4aa52c0-35ed-5bb4-a19d-f2c0f1da618b,F053000B069c,862,"마늘, 데친것","마늘,데친것",마늘,마늘,채소류,데친것,농진청('15),10.4,INGREDIENT,1,0,,17,MEASURED,[],[],135,27.69,8.04,0.13,2.8,3,13,0.76,503,0,8.12
ba10a2a3-25eb-5793-bfe7-e8b4a0735f85,F053000B069f,863,"마늘, 통마늘, 구운것","마늘,통마늘,구운것",마늘,마늘,채소류,구운것,농진청('15),10.4,INGREDIENT,1,0,,17,MEASURED,[],[],169,34.6,10.04,0.22,3.3,4,16,1.29,690,0,9.36
fe91c9cf-716e-5db1-ac9c-b658f6cb87db,F053000B061a,864,"마늘, 말린것","마늘,말린것",마늘,마늘,채소류,말린것,농진청('95),10.4,INGREDIENT,1,0,,17,PARTIAL,[],[],333,73.3,16.3,0.7,,7,18,6.5,1937,0,39
ef0b8228-6537-5237-8e0c-1eecb709fd79,F053000B068a,865,"마늘, 동결건조","마늘,동결건조",마늘,마늘,채소류,동결건조,농진청('95),10.4,INGREDIENT,1,0,,17,PARTIAL,[],[],330,73.7,15.3,0.5,,5,13,1.6,1852,0,32
6e9deb89-6fc9-5c1c-bd9c-9bc9a22ffa03,F053001B060a,866,"마늘, 난지형, 생것","마늘,난지형,생것",마늘,마늘,채소류,생것,농진청('14),10.4,INGREDIENT,1,0,,17,MEASURED,[],[],128,26.61,7.03,0.12,3.3,2,8,0.82,357,0,11.86
99023198-6aa0-52ae-8462-17802ba7b111,F053001B069c,867,"마늘, 난지형, 데친것","마늘,난지형,데친것",마늘,마늘,채소류,데친것,농진청('14),10.4,INGREDIENT,1,0,,17,MEASURED,[],[],138,28.59,7.84,0.13,2.2,1,8,0.85,367,0,11.86
885f72bd-2d1b-52af-9171-42343b2ee82e,F053001B069f,868,"마늘, 난지형, 통마늘, 구운것","마늘,난지형,통마늘,구운것",마늘,마늘,채소류,구운것,농진청('14),10.4,INGREDIENT,1,0,,17,MEASURED,[],[],147,30.42,8.29,0.17,2.2,2,8,1.56,415,0,14.03
a87aeff9-d1db-5d7b-afa6-ea804f9795c5,F053001B067a,869,"마늘, 난지형, 냉동","마늘,난지형,냉동",마늘,마늘,채소류,냉동,농진청('14),10.4,INGREDIENT,1,0,,17,MEASURED,[],[],131,27.29,7.38,0.07,3,1,7,0.99,365,0,11.86
8814527a-f372-5a34-b56b-c664ad5346bc,F053003B060a,870,"마늘, 한지형, 생것","마늘,한지형,생것",마늘,마늘,채소류,생것,농진청('15),10.4,INGREDIENT,1,0,,17,MEASURED,[],[],129,26.23,7.88,0.19,4.4,5,16,0.73,705,0,5.04
572e567f-b29a-53f6-a8ee-eb82926334d3,F053003B069c,871,"마늘, 한지형, 데친것","마늘,한지형,데친것",마늘,마늘,채소류,데친것,농진청('15),10.4,INGREDIENT,1,0,,17,MEASURED,[],[],132,26.78,8.25,0.14,3.4,5,17,0.67,640,0,4.38
e7edfaae-5aed-5265-b81a-31b9febc714f,F053003B069f,872,"마늘, 한지형, 통마늘, 구운것","마늘,한지형,통마늘,구운것",마늘,마늘,채소류,구운것,농진청('15),10.4,INGREDIENT,1,0,,17,MEASURED,[],[],184,38.78,11.8,0.27,4.3,7,24,1.03,966,0,4.69
5672fd90-f030-5892-abc1-a8a238a353b1,F053003B069n,873,"마늘, 한지형, 볶은것","마늘,한지형,볶은것",마늘,마늘,채소류,,농진청('15),10.4,INGREDIENT,1,0,,17,MEASURED,[],[],165,31.26,9.84,1.35,4.1,6,20,0.92,753,0,4.07
65a0ad69-0d11-5524-bda7-7377a468ae08,F053002B060a,874,"마늘, 깐마늘, 수입산, 생것","마늘,깐마늘,수입산,생것",마늘,마늘,채소류,생것,농진청('19),10.4,INGREDIENT,1,0,,17,MEASURED,[],[],120,22.78,6.99,0.99,6.1,14,13,0.79,562,0,12.07
e409fa29-8013-56a1-ad37-acc7541bd3b0,F053002B069c,875,"마늘, 깐마늘, 수입산, 데친것","마늘,깐마늘,수입산,데친것",마늘,마늘,채소류,데친것,농진청('19),10.4,INGREDIENT,1,0,,17,MEASURED,[],[],127,24.27,6.74,1.21,4.7,14,13,0.83,563,0,8.91
bd7d30e9-c6e9-5017-9bb5-9938dd75b7cd,F0570000009a,876,마늘 장아찌,마늘 장아찌,마늘 장아찌,마늘장아찌,채소류,,농진청('15),10.4,INGREDIENT,1,1,EXACT_BASE_NAME,1,MEASURED,[],[],113,25.36,2.43,0.16,2.9,1127,7,0.37,69,0,0
43a45256-f506-58d6-b4f4-9fe1426bdc76,F055000B080a,877,"마늘종, 꽃줄기, 생것","마늘종,꽃줄기,생것",마늘종,마늘종,채소류,생것,농진청('13),10.4,INGREDIENT,1,1,NUTRITION_MEDOID_RAW,2,MEASURED,[],[],53,13.39,1.86,0.06,4.6,1,49,0.51,214,36,44.37
2adef67d-4ac6-53c6-a7c8-4fe28616f8de,F055000B089c,878,"마늘종, 꽃줄기, 데친것","마늘종,꽃줄기,데친것",마늘종,마늘종,채소류,데친것,농진청('13),10.4,INGREDIENT,1,0,,2,MEASURED,[],[],59,14.82,1.98,0.17,4.2,2,51,0.49,218,77,38.08
8667f970-97dd-5251-82e7-c3bbe88e1dab,F2060000009a,879,마늘종 장아찌,마늘종 장아찌,마늘종 장아찌,마늘종장아찌,채소류,,농진청('15),10.4,INGREDIENT,1,1,EXACT_BASE_NAME,1,MEASURED,[],[],118,27.34,1.96,0.14,5.2,1410,21,0.61,105,11,0
1d5488b8-7644-519e-9b5f-858288cdef0c,F054000B150a,880,"풋마늘, 잎줄기, 생것","풋마늘,잎줄기,생것",풋마늘,풋마늘,채소류,생것,농진청('14),10.4,INGREDIENT,1,1,NUTRITION_MEDOID_RAW,2,MEASURED,[],[],29,7.33,1.9,0.17,3.7,2,63,0.55,287,90,11.81
7f269f15-bf4b-54e5-b7bc-dd84d95ae0f2,F054000B159c,881,"풋마늘, 잎줄기, 데친것","풋마늘,잎줄기,데친것",풋마늘,풋마늘,채소류,데친것,농진청('14),10.4,INGREDIENT,1,0,,2,MEASURED,[],[],30,7.28,1.82,0.29,3.4000000000000004,2,72,0.36,224,92,9.66
c3f17745-d590-5434-85e2-ef3aaa0b9518,F0610000000a,882,"마타리, 생것","마타리,생것",마타리,마타리,채소류,생것,농진청('85),10.4,INGREDIENT,1,1,GENERIC_RAW,1,PARTIAL,[],[],45,10.9,2.1,0.1,,,8,0.2,,329,11
e962114c-cdf7-57e3-8d4b-7f2d73b7d516,F0620000000a,883,"머위, 생것","머위,생것",머위,머위,채소류,생것,농진청('14),10.4,INGREDIENT,1,1,GENERIC_RAW,5,MEASURED,[],[],17,2.74,2.31,0.14,2.7,2,103,1.05,530,242,2.46
67c6f897-ba0c-572c-a55f-f993164f2042,F0620000009c,884,"머위, 데친것","머위,데친것",머위,머위,채소류,데친것,농진청('14),10.4,INGREDIENT,1,0,,5,MEASURED,[],[],25,4.42,2.17,0.41,4.2,2,105,0.86,424,236,6.56
e3fbf512-1a42-55d0-bd90-e807a49f7206,F0620000009b,885,"머위, 삶은것","머위,삶은것",머위,머위,채소류,삶은것,농진청('14),10.4,INGREDIENT,1,0,,5,MEASURED,[],[],28,5.2,2.44,0.44,4.5,5,121,0.99,325,307,5.32
e6bd11c1-ed15-5200-bfe4-830c202a3db9,F0620000001a,886,"머위, 말린것","머위,말린것",머위,머위,채소류,말린것,농진청('95),10.4,INGREDIENT,1,0,,5,PARTIAL,[],[],281,58.2,17.4,3.7,,48,1104,59.3,1114,16,6
f7b9cc6f-ede6-5612-b3e8-9049a37bba06,F0620000003a,887,"머위, 삶아서 말린것","머위,삶아서 말린것",머위,머위,채소류,,농진청('14),10.4,INGREDIENT,1,0,,5,MEASURED,[],[],278,48.62,26.73,4.67,39.1,46,1253,14.43,3552,2717,0.61
18b3d4cb-5f02-5474-8986-359e0fe74e2b,F211000B120a,888,"메밀, 싹, 생것","메밀,싹,생것",메밀,메밀,채소류,생것,농진청('21),10.4,INGREDIENT,1,0,,3,MEASURED,[],[],18,3.53,1.52,0.18,1.3,3,21,0.35,62,23,15.95
2b461fd0-9880-54dc-aa64-e83a6641423d,F225000B140a,889,"모링가(드럼스틱), 생것","모링가(드럼스틱),생것",모링가(드럼스틱),모링가드럼스틱,채소류,생것,농진청('15),10.4,INGREDIENT,1,1,GENERIC_RAW,1,MEASURED,[],[],66,12.43,4.21,1.38,6.4,6,313,2.46,556,148,216.76
c537bd45-5edc-5643-b167-1e93653cce42,F2190000000a,890,"모시풀, 잎, 생것","모시풀,잎,생것",모시풀,모시풀,채소류,생것,농진청('14),10.4,INGREDIENT,1,1,NUTRITION_MEDOID_RAW,3,MEASURED,[],[],64,11.85,6.61,0.71,5.300000000000001,3,877,2.31,602,782,47.67
e311b79a-a104-5e63-83d1-7e9f6adce227,F219000B149b,891,"모시풀, 잎, 삶은것","모시풀,잎,삶은것",모시풀,모시풀,채소류,삶은것,농진청('14),10.4,INGREDIENT,1,0,,3,MEASURED,[],[],49,7.24,6.09,1.02,6.3,2,651,1.66,92,657,2.1
bcfcdb8c-90bb-50e8-9c9d-f3ae153a157b,F219001B140a,892,"모시풀, 잎, 서방종, 생것","모시풀,잎,서방종,생것",모시풀,모시풀,채소류,생것,농진청('15),10.4,INGREDIENT,1,0,,3,MEASURED,[],[],51,8.13,4.4,1.36,5.7,1,895,2.46,96,261,2.39
6ba13ae6-0bdf-5306-b567-6fe56f54e3a5,F065002B090a,894,"무, 조선무, 생것","무,조선무,생것",무,무,채소류,생것,농진청('21),10.4,INGREDIENT,1,1,NUTRITION_MEDOID_RAW,2,MEASURED,[],[],21,4.72,0.77,0.15,1.1,13,22,0.16,279,0,11.89
8a15ab74-c2a2-5a4b-8f8c-2a8b9162a64d,F065002B099c,895,"무, 조선무, 삶은것","무,조선무,삶은것",무,무,채소류,삶은것,농진청('21),10.4,INGREDIENT,1,0,,2,MEASURED,[],[],21,4.53,0.74,0.14,1.1,12,20,0.16,195,0,12.44
e61ccc87-2c55-5385-892c-c31efd1b5e48,F067002B140a,897,"무청, 조선무, 생것","무청,조선무,생것",무청,무청,채소류,생것,농진청('21),10.4,INGREDIENT,1,1,NUTRITION_MEDOID_RAW,3,MEASURED,[],[],23,4.29,1.84,0.42,2.9,45,200,0.85,509,121,53.58
6e629846-55da-5afd-8be8-5dba0b543d5d,F068000B141b,898,"무청, 시래기, 말린것, 삶은것","무청,시래기,말린것,삶은것",무청,무청,채소류,삶은것,농진청('23),10.4,INGREDIENT,1,0,,3,MEASURED,[],[],27,5.34,1.81,0.39,4.9,3,114,1.74,124,114,0
34705ec4-20b9-5f58-9c3b-13676409668c,F066000B120a,899,"무순, 싹, 생것","무순,싹,생것",무순,무순,채소류,생것,농진청('18),10.4,INGREDIENT,1,1,NUTRITION_MEDOID_RAW,1,MEASURED,[],[],20,1.82,1.89,1.01,1.7,15,36,0.3,55,53,10.93
672e557c-031b-56a8-91da-1e68067ac5ea,F060000B09Ia,900,"무 절임, 단무지","무 절임,단무지",무 절임,무절임,채소류,,농진청('14),10.4,INGREDIENT,1,1,LOWEST_COMPLEXITY_VARIANT,3,MEASURED,[],[],12,2.42,0.36,0.05,2.1,637,21,0.16,42,0,18.42
2c355dfa-99c1-5d5f-8a9b-ac7cc0e1bf5d,F222000000Ja,901,"무 절임, 쌈무","무 절임,쌈무",무 절임,무절임,채소류,,농진청('16),10.4,INGREDIENT,1,0,,3,MEASURED,[],[],15,3.1,0.54,0.03,2.3,400,16,0.16,138,0,1.39
f7792ef5-27c1-50ca-8d2a-b152a8e75275,F069000B09Ia,902,"무 절임, 치킨무","무 절임,치킨무",무 절임,무절임,채소류,,농진청('17),10.4,INGREDIENT,1,0,,3,MEASURED,[],[],22,4.89,0.44,0.21,1.4,219,14,0.29,115,0,100.35
eedf2802-fc70-5e03-9c15-bf0def98ee14,F071000B091a,903,"무말랭이, 말린것","무말랭이,말린것",무말랭이,무말랭이,채소류,말린것,농진청('21),10.4,INGREDIENT,1,1,LOWEST_COMPLEXITY_VARIANT,2,MEASURED,[],[],282,62.97,13.15,0.41,23.7,234,326,4.41,3489,1,99.84
aa477aab-e803-5fad-aca7-789d79e60b3a,F0720000009a,904,무말랭이 무침,무말랭이 무침,무말랭이 무침,무말랭이무침,채소류,,농진청('15),10.4,INGREDIENT,1,1,EXACT_BASE_NAME,1,MEASURED,[],[],131,29.24,2.25,0.61,7.6,1073,87,1.83,266,103,0
fa085ded-77b2-56f4-9918-abea4ee0f8c3,F0700000009a,905,무국물,무국물,무국물,무국물,채소류,,농진청('20),10.4,INGREDIENT,1,1,EXACT_BASE_NAME,1,MEASURED,[],[],3,0.55,0.16,0,0,2,2,0.09,16,0,0.76
0979290f-9a7b-5398-9aca-9d7938ec62c6,F0750000000a,906,"물냉이, 생것","물냉이,생것",물냉이,물냉이,채소류,생것,농진청('99),10.4,INGREDIENT,1,1,GENERIC_RAW,1,PARTIAL,[],[],23,3.7,3.5,0.1,,28,105,9.1,57,172,92
7209f841-60b2-514b-b7e7-6784a54cdb24,F0760000000a,907,"물쑥, 생것","물쑥,생것",물쑥,물쑥,채소류,생것,국('86),10.4,INGREDIENT,1,1,GENERIC_RAW,2,PARTIAL,[],[],36,5.6,5.4,0.3,,,106,12.1,,284,15
31bf86a0-cac5-5979-a3cf-6480354a9694,F0760000009c,908,"물쑥, 데친것","물쑥,데친것",물쑥,물쑥,채소류,데친것,국('86),10.4,INGREDIENT,1,0,,2,PARTIAL,[],[],47,11.7,1.9,0.1,,7,44,2.5,86,11,0
dafb70a3-bfac-5ef1-86da-3ae530820cf9,F0770020000a,909,"미나리, 돌미나리, 생것","미나리,돌미나리,생것",미나리,미나리,채소류,생것,농진청('22),10.4,INGREDIENT,1,0,,7,MEASURED,[],[],16,2.74,1.9,0.16,1.3,4,52,0.87,379,138,11.51
8dc217ce-499d-5df8-9fda-f3725412b456,F0770020009c,910,"미나리, 돌미나리, 데친것","미나리,돌미나리,데친것",미나리,미나리,채소류,데친것,농진청('22),10.4,INGREDIENT,1,0,,7,MEASURED,[],[],18,3.01,1.82,0.29,1.4,3,64,0.91,294,131,7.2
48b36882-f916-5cd4-b488-e79ce1117efc,F0770030000a,911,"미나리, 물미나리, 생것","미나리,물미나리,생것",미나리,미나리,채소류,생것,농진청('23),10.4,INGREDIENT,1,1,NUTRITION_MEDOID_RAW,7,MEASURED,[],[],18,3.5,1.69,0.22,2.4,24,46,0.58,280,80,11.51
eb436824-c80b-5994-bf23-58831c297878,F0770030009c,912,"미나리, 물미나리, 데친것","미나리,물미나리,데친것",미나리,미나리,채소류,데친것,농진청('23),10.4,INGREDIENT,1,0,,7,MEASURED,[],[],20,3.88,1.82,0.22,2.4,18,50,0.5,254,82,5.42
7730867f-8937-57e0-9cdb-d12f4081ca15,F077003B140a,913,"미나리, 물미나리, 잎, 생것","미나리,물미나리,잎,생것",미나리,미나리,채소류,생것,농진청('15),10.4,INGREDIENT,1,0,,7,MEASURED,[],[],30,5.62,2.84,0.4,3.7,5,104,0.87,313,212,12.13
3777b10e-38e2-537a-a28b-9a7d7642ce87,F077003B160a,914,"미나리, 물미나리, 줄기, 생것","미나리,물미나리,줄기,생것",미나리,미나리,채소류,생것,농진청('15),10.4,INGREDIENT,1,0,,7,MEASURED,[],[],22,5.15,0.9,0.16,3.1,6,34,0.29,267,26,1.93
a8d110c2-8c53-55ca-bdda-ec04f7cc8508,F077000000Ma,915,미나리청,미나리청,미나리청,미나리청,채소류,,농진청('15),10.4,INGREDIENT,1,1,EXACT_BASE_NAME,1,MEASURED,[],[],120,33.48,0.36,0,1.4,6,31,0.11,124,0,2.44
346da7d1-b80d-57ce-8bf7-7e84ee2c5158,F0780000000a,916,"민들레, 생것","민들레,생것",민들레,민들레,채소류,생것,농진청('15),10.4,INGREDIENT,1,1,GENERIC_RAW,2,MEASURED,[],[],29,5.48,2.44,0.44,3.3,1,119,5.42,593,201,2.21
4d768c3c-7528-50ee-9598-2b082149c7e0,F0780000009c,917,"민들레, 데친것","민들레,데친것",민들레,민들레,채소류,데친것,농진청('15),10.4,INGREDIENT,1,0,,2,MEASURED,[],[],30,5.74,2.18,0.51,4.6,1,115,1.44,396,193,2.26
7e0e51e1-c978-5198-b1f5-ec64cb1f57bd,F0790000000a,918,"바젤라, 생것","바젤라,생것",바젤라,바젤라,채소류,생것,JAPAN('20),10.4,INGREDIENT,1,1,GENERIC_RAW,2,MEASURED,[],[],11,2.6,0.7,0.2,2.2,9,150,0.5,210,242,41
74fd46f8-4f60-59c6-a63e-2bde014d66d7,F0790000009c,919,"바젤라, 데친것","바젤라,데친것",바젤라,바젤라,채소류,데친것,JAPAN('20),10.4,INGREDIENT,1,0,,2,MEASURED,[],[],12,3.2,0.9,0.2,3.1,7,180,0.4,150,267,18
24219d53-931a-5a9a-ab20-e0bdd9d3b60e,F080000B140a,920,"바질, 잎, 생것","바질,잎,생것",바질,바질,채소류,생것,농진청('18),10.4,INGREDIENT,1,1,NUTRITION_MEDOID_RAW,2,MEASURED,[],[],32,5.56,2.43,0.71,2.6,3,238,0.64,340,90,1.92
9b372d83-f209-5898-bc7a-35cb53a9972c,F080000B149c,921,"바질, 잎, 데친것","바질,잎,데친것",바질,바질,채소류,데친것,농진청('18),10.4,INGREDIENT,1,0,,2,MEASURED,[],[],34,5.9,2.81,0.7,2.7,1,270,0.67,290,78,0.82
e319cdf3-6c1c-5d22-8ae4-0ed4a7690892,F0810000590a,922,"박, 과육, 생것","박,과육,생것",박,박,채소류,생것,농진청('04),10.4,INGREDIENT,1,1,NUTRITION_MEDOID_RAW,2,PARTIAL,[],[],21,5.2,0.5,0.1,,6,27,2.1,35,0,15
43603781-b2b6-5d8b-b53f-0fece07b242a,F081000B040a,923,"박, 생것, 씨 포함","박,생것,씨 포함",박,박,채소류,,농진청('04),10.4,INGREDIENT,1,0,,2,PARTIAL,[],[],32,8,1,0.1,,5,14,2.2,46,0,21
e62bf6b9-c42f-5eed-8c55-83ff3196e2da,F0820000001a,924,"박고지, 말린것","박고지,말린것",박고지,박고지,채소류,말린것,국('81),10.4,INGREDIENT,1,1,LOWEST_COMPLEXITY_VARIANT,1,PARTIAL,[],[],268,69,7.6,0.4,,14,321,4.4,1075,0,2
b7e9cb24-8789-5e33-91b3-bc528224d698,F083000B140a,925,"박쥐나무, 잎, 생것","박쥐나무,잎,생것",박쥐나무,박쥐나무,채소류,생것,농진청('04),10.4,INGREDIENT,1,1,NUTRITION_MEDOID_RAW,1,PARTIAL,[],[],100,20.7,6.7,1.2,,27,718,3.5,547,901,151
02b1aaba-a733-511a-8bea-ee6eec7c20ff,F0850000000a,926,"방가지똥, 생것","방가지똥,생것",방가지똥,방가지똥,채소류,생것,농진청('92),10.4,INGREDIENT,1,1,GENERIC_RAW,1,PARTIAL,[],[],46,10.3,2.5,0.4,,5,39,4.4,324,20,2
6b4b6b98-1563-5a29-8b42-f64e0c778642,F0860000000a,927,"방울다다기양배추, 생것","방울다다기양배추,생것",방울다다기양배추,방울다다기양배추,채소류,생것,농진청('21),10.4,INGREDIENT,1,1,GENERIC_RAW,3,MEASURED,[],[],46,9.82,3.75,0.22,4,16,39,1.04,405,47,64.13
59b3c1f2-ccaa-54b9-b359-2d0e7822b4d4,F0860000009c,928,"방울다다기양배추, 데친것","방울다다기양배추,데친것",방울다다기양배추,방울다다기양배추,채소류,데친것,농진청('21),10.4,INGREDIENT,1,0,,3,MEASURED,[],[],41,7.84,3.76,0.4,3.5,10,28,0.9,351,45,50.46
bf2f9d56-bdf9-5675-bd1b-7de005be52f4,F229000B140a,929,"배암차즈기(곰보배추), 잎, 생것","배암차즈기(곰보배추),잎,생것",배암차즈기(곰보배추),배암차즈기곰보배추,채소류,생것,농진청('17),10.4,INGREDIENT,1,1,NUTRITION_MEDOID_RAW,1,MEASURED,[],[],25,4.5,1.73,0.62,2.1,7,88,2.5,391,22,4.65
3385d969-6fbd-5379-8826-a52849dccbf3,F221000B140a,930,"배초향(방아), 잎, 생것","배초향(방아),잎,생것",배초향(방아),배초향방아,채소류,생것,농진청('16),10.4,INGREDIENT,1,1,NUTRITION_MEDOID_RAW,1,MEASURED,[],[],55,11.13,4.87,0.46,6.4,2,237,3.8,625,412,14.12
acb6eeaa-2c63-5fd4-bd16-71de2f5c77aa,F087000B120a,931,"배추, 싹, 생것","배추,싹,생것",배추,배추,채소류,생것,농진청('11),10.4,INGREDIENT,1,0,,27,MEASURED,[],[],63,5.3,3.4,4.3,4.3,8,61,1.1,123,68,17
f1662970-972a-524c-946b-4677a5b9cfd2,F0870000000a,932,"배추, 생것","배추,생것",배추,배추,채소류,생것,농진청('21),10.4,INGREDIENT,1,1,GENERIC_RAW,27,MEASURED,[],[],15,3.32,1.25,0.06,1.3,8,52,0.36,262,14,15.13
e471141f-3d7e-5327-b6ca-0343dffb783c,F0870002260a,933,"배추, 봄 재배, 생것","배추,봄 재배,생것",배추,배추,채소류,생것,농진청('15),10.4,INGREDIENT,1,0,,27,MEASURED,[],[],13,2.26,1.61,0.07,1.2,13,55,0.58,331,22,24.43
ab9694ab-0efb-56df-8d0f-987bef0941b6,F0870002270a,934,"배추, 여름 재배, 생것","배추,여름 재배,생것",배추,배추,채소류,생것,농진청('15),10.4,INGREDIENT,1,0,,27,MEASURED,[],[],17,3.97,0.9,0.04,1.3,3,60,0.25,222,12,12.07
20f7e8f5-f1d3-5b19-baaa-a6185c4af406,F0870002280a,935,"배추, 가을 재배, 생것","배추,가을 재배,생것",배추,배추,채소류,생것,농진청('21),10.4,INGREDIENT,1,0,,27,MEASURED,[],[],17,3.72,1.24,0.05,1.4,9,40,0.25,235,9,8.89
71666551-474e-5c04-97fd-c51fb5747e2b,F0870000009c,936,"배추, 데친것","배추,데친것",배추,배추,채소류,데친것,농진청('06),10.4,INGREDIENT,1,0,,27,PARTIAL,[],[],17,3.9,1.4,,,7,41,2.6,168,0,11
9703df17-adea-5ea6-9a19-aa038296ad1f,F0870000009b,937,"배추, 삶은것","배추,삶은것",배추,배추,채소류,삶은것,농진청('21),10.4,INGREDIENT,1,0,,27,MEASURED,[],[],15,3.16,1.16,0.15,1.6,6,69,0.33,160,11,12
63fe7296-5258-590b-b2a2-7ea08edb8f85,F0870002269b,938,"배추, 봄 재배, 삶은것","배추,봄 재배,삶은것",배추,배추,채소류,삶은것,농진청('15),10.4,INGREDIENT,1,0,,27,MEASURED,[],[],14,2.59,1.39,0.12,1.7,8,52,0.34,200,17,15.3
e8449213-bd2d-58b0-95fb-3962c3c727db,F0870002279b,939,"배추, 여름 재배, 삶은것","배추,여름 재배,삶은것",배추,배추,채소류,삶은것,농진청('15),10.4,INGREDIENT,1,0,,27,MEASURED,[],[],17,3.58,0.85,0.23,1.6,3,94,0.33,144,11,11.83
88fcd5e1-5a57-5edb-9992-7825304d8709,F0870002289b,940,"배추, 가을 재배, 삶은것","배추,가을 재배,삶은것",배추,배추,채소류,삶은것,농진청('21),10.4,INGREDIENT,1,0,,27,MEASURED,[],[],16,3.32,1.25,0.11,1.6,7,60,0.33,136,6,8.86
391eed8e-ce89-548b-add1-56ca2ad7cba5,F087000000Ia,941,"배추, 염절임","배추,염절임",배추,배추,채소류,,농진청('21),10.4,INGREDIENT,1,0,,27,MEASURED,[],[],17,3.67,1.34,0.08,1.5,488,57,0.31,309,7,6.57
bc8e6a66-a07d-5678-b6de-06a9be6260d1,F087000226Ia,942,"배추, 봄 재배, 염절임","배추,봄 재배,염절임",배추,배추,채소류,,농진청('15),10.4,INGREDIENT,1,0,,27,MEASURED,[],[],15,2.92,1.63,0.09,1.5,496,61,0.36,393,11,5.62
1690afb0-889b-59c0-83f2-74c817edace4,F087000227Ia,943,"배추, 여름 재배, 염절임","배추,여름 재배,염절임",배추,배추,채소류,,농진청('15),10.4,INGREDIENT,1,0,,27,MEASURED,[],[],17,4.01,1.03,0.05,1.5,606,53,0.28,272,7,4.09
b8747cf7-9a93-573f-8d61-6be2a4e02ca6,F087000228Ia,944,"배추, 가을 재배, 염절임","배추,가을 재배,염절임",배추,배추,채소류,,농진청('21),10.4,INGREDIENT,1,0,,27,MEASURED,[],[],19,4.09,1.35,0.08,1.5,363,57,0.28,263,4,9.99
9d527817-356f-5ac3-9b1c-534c1aba700e,F087000B141a,957,"배추, 시래기, 말린것","배추,시래기,말린것",배추,배추,채소류,말린것,농진청('17),10.4,INGREDIENT,1,0,,27,MEASURED,[],[],278,58.92,14.38,3.89,24.1,153,981,9.45,3513,401,9.25
5d6bd31a-76b5-5688-96dc-c0c797a0aa17,F087000B141b,958,"배추, 시래기, 말린것, 삶은것","배추,시래기,말린것,삶은것",배추,배추,채소류,삶은것,농진청('17),10.4,INGREDIENT,1,0,,27,MEASURED,[],[],23,4.6,1.68,0.24,1.9,4,111,0.89,29,71,0
fa60d660-4e65-5c1c-a7f8-655c4d57142b,F0870070000a,959,"배추, 유기재배, 생것","배추,유기재배,생것",배추,배추,채소류,생것,농진청('07),10.4,INGREDIENT,1,0,,27,PARTIAL,[],[],14,3.2,1.1,0,,13,26,0.6,279,1,17
b0889829-e761-5811-80f4-2fe395b4dbe8,F0870030000a,960,"배추, 봄동, 생것","배추,봄동,생것",배추,배추,채소류,생것,농진청('23),10.4,INGREDIENT,1,0,,27,MEASURED,[],[],23,4.78,1.81,0.21,2.2,30,99,0.73,243,85,30.18
f68d094c-f29d-5283-9909-9592d3598818,F0870030009c,961,"배추, 봄동, 데친것","배추,봄동,데친것",배추,배추,채소류,데친것,농진청('23),10.4,INGREDIENT,1,0,,27,MEASURED,[],[],22,4.5,1.83,0.22,2.2,23,98,0.52,172,79,25.81
4016aebf-e4dd-53f9-8a40-b6fdd7c4a118,F1360000000a,962,"배추, 얼갈이배추, 생것","배추,얼갈이배추,생것",배추,배추,채소류,생것,농진청('21),10.4,INGREDIENT,1,0,,27,MEASURED,[],[],14,2.62,1.22,0.18,2,52,146,0.36,246,90,18.65
a8ca61bc-0ed1-5b14-868f-9493522faa53,F1360000009c,963,"배추, 얼갈이배추, 데친것","배추,얼갈이배추,데친것",배추,배추,채소류,데친것,농진청('21),10.4,INGREDIENT,1,0,,27,MEASURED,[],[],13,2.29,1.46,0.14,1.7,43,108,0.3,157,88,12.82
c699d500-a774-542f-9060-e06c88cbf0b0,F136000000Ia,964,"배추, 얼갈이배추, 염절임","배추,얼갈이배추,염절임",배추,배추,채소류,,농진청('15),10.4,INGREDIENT,1,0,,27,MEASURED,[],[],15,2.85,1.58,0.11,2.2,393,172,0.46,182,138,3.83
b5df724d-9f5d-57dc-a5b7-6efb8b21a63a,F088000B091a,965,"백모근, 뿌리, 말린것","백모근,뿌리,말린것",백모근,백모근,채소류,말린것,농진청('03),10.4,INGREDIENT,1,1,LOWEST_COMPLEXITY_VARIANT,1,PARTIAL,[],[],337,77,9,2,,115,275,29,1054,0,21
0435e2ac-4eb9-5cc5-aeeb-74676b39c44f,F230000B090a,966,"백합, 뿌리, 생것","백합,뿌리,생것",백합,백합,채소류,생것,농진청('15),10.4,INGREDIENT,1,0,,6,PARTIAL,[],[],118,24.91,3.34,1.52,,2,9,0.65,538,2,6.3
ce2b0532-a96f-59b4-8928-47293dcbf934,F213000B115a,967,"보리, 순, 가루","보리,순,가루",보리,보리,채소류,,농진청('06),10.4,INGREDIENT,1,0,,30,PARTIAL,[],[],314,58.5,26.6,4.8,,282,429,6.4,1438,109,47
af172db5-7f6e-532c-9b6b-13c26e49f3c5,F213001B110a,968,"보리, 쌀보리, 순, 생것","보리,쌀보리,순,생것",보리,보리,채소류,생것,농진청('06),10.4,INGREDIENT,1,0,,30,PARTIAL,[],[],24,4.6,2,0.3,,18,40,1.6,239,7,11
38019221-bef3-50f9-a64d-44aaeda4bd3f,F213002B110a,969,"보리, 올보리, 순, 생것","보리,올보리,순,생것",보리,보리,채소류,생것,농진청('83),10.4,INGREDIENT,1,0,,30,PARTIAL,[],[],66,13.9,3.1,1.1,,,24,5.3,,459,111
bb075339-58e7-5816-bf53-d755f6de132e,F213003B110a,970,"보리, 큰알보리, 순, 생것","보리,큰알보리,순,생것",보리,보리,채소류,생것,농진청('16),10.4,INGREDIENT,1,0,,30,MEASURED,[],[],24,3.99,2.91,0.27,3.1,62,19,2.22,211,191,12.61
708625af-eedf-5d0f-8cbd-f5cd3ac83971,F213003B118a,971,"보리, 큰알보리, 순, 동결건조","보리,큰알보리,순,동결건조",보리,보리,채소류,동결건조,농진청('16),10.4,INGREDIENT,1,0,,30,MEASURED,[],[],283,51.96,28.3,3.39,41.1,282,553,17.87,5374,1818,74.61
3d87f900-a38e-5d1c-8d85-90b156b79eaf,F2350000000a,972,"뽕잎, 생것","뽕잎,생것",뽕잎,뽕잎,채소류,생것,농진청('15),10.4,INGREDIENT,1,1,GENERIC_RAW,5,MEASURED,[],[],65,12.82,6.28,0.5,10.7,10,243,2.99,688,429,111.62
0f1a4325-94a7-584f-9c1b-7d3ea63a6f26,F2350000009b,973,"뽕잎, 삶은것","뽕잎,삶은것",뽕잎,뽕잎,채소류,삶은것,농진청('15),10.4,INGREDIENT,1,0,,5,MEASURED,[],[],48,9,4.86,0.53,8.1,6,204,1.22,267,385,20.74
27b19379-1fb0-5d47-a6ef-42994d3ef82c,F2350000003a,974,"뽕잎, 삶아서 말린것","뽕잎,삶아서 말린것",뽕잎,뽕잎,채소류,,농진청('15),10.4,INGREDIENT,1,0,,5,MEASURED,[],[],279,53.22,26.22,2.98,38.4,11,1348,11.37,1865,927,10.01
91fb4a48-bf52-5de2-aae0-b8b86515d9d6,F2350000003b,975,"뽕잎, 삶아서 말린것, 삶은것","뽕잎,삶아서 말린것,삶은것",뽕잎,뽕잎,채소류,삶은것,농진청('15),10.4,INGREDIENT,1,0,,5,MEASURED,[],[],51,8.92,5.9,0.55,8.7,3,272,1.87,46,255,0
fde5608c-f04c-5cfb-a9ee-d51362221703,F0900000000a,976,"부지깽이(섬쑥부쟁이), 생것","부지깽이(섬쑥부쟁이),생것",부지깽이(섬쑥부쟁이),부지깽이섬쑥부쟁이,채소류,생것,농진청('15),10.4,INGREDIENT,1,1,GENERIC_RAW,5,MEASURED,[],[],30,4.9,3.65,0.43,4.6,15,75,0.93,371,293,11.55
89f16ef4-31d5-541c-b4aa-71098700ef09,F0900000009c,977,"부지깽이(섬쑥부쟁이), 데친것","부지깽이(섬쑥부쟁이),데친것",부지깽이(섬쑥부쟁이),부지깽이섬쑥부쟁이,채소류,데친것,농진청('15),10.4,INGREDIENT,1,0,,5,MEASURED,[],[],33,4.92,4,0.65,4.3,11,80,0.83,312,234,5.61
0bc93426-cb5f-5a7d-8001-94dde07e450e,F0900000001a,978,"부지깽이(섬쑥부쟁이), 말린것","부지깽이(섬쑥부쟁이),말린것",부지깽이(섬쑥부쟁이),부지깽이섬쑥부쟁이,채소류,말린것,농진청('86),10.4,INGREDIENT,1,0,,5,PARTIAL,[],[],258,50,25.7,2,,,112,,,40,0
48ff4d93-012c-56fa-872b-4bc76e591096,F0900000003a,979,"부지깽이(섬쑥부쟁이), 삶아서 말린것","부지깽이(섬쑥부쟁이),삶아서 말린것",부지깽이(섬쑥부쟁이),부지깽이섬쑥부쟁이,채소류,,농진청('15),10.4,INGREDIENT,1,0,,5,MEASURED,[],[],296,59.07,25.09,2.88,31.1,214,571,9.49,1466,797,0
b2517eb1-e2a3-54ab-b39e-a6ca96195602,F0900000003b,980,"부지깽이(섬쑥부쟁이), 삶아서 말린것, 삶은것","부지깽이(섬쑥부쟁이),삶아서 말린것,삶은것",부지깽이(섬쑥부쟁이),부지깽이섬쑥부쟁이,채소류,삶은것,농진청('15),10.4,INGREDIENT,1,0,,5,MEASURED,[],[],48,8.24,5.17,0.68,6.7,10,121,1.28,50,210,0
a094df3c-d0e4-5b8b-b10b-6e80d9bd21fd,F0910010000a,981,"부추, 두메부추, 생것","부추,두메부추,생것",부추,부추,채소류,생것,농진청('09),10.4,INGREDIENT,1,0,,8,PARTIAL,[],[],46,11.9,1.2,0.1,,2,107,3.1,251,7,12
512b5887-c82a-54ac-b7b5-62b08ad73d55,F0910020000a,982,"부추, 산부추, 생것","부추,산부추,생것",부추,부추,채소류,생것,농진청('85),10.4,INGREDIENT,1,0,,8,PARTIAL,[],[],41,8.8,3.5,0.1,,15,14,0.3,225,251,11
8c88cce2-c0fe-5116-832f-4e348846f14e,F0910040000a,983,"부추, 재래종, 생것","부추,재래종,생것",부추,부추,채소류,생것,농진청('09),10.4,INGREDIENT,1,0,,8,PARTIAL,[],[],22,4.1,1.8,0.3,,3,28,3.4,,7,5
924cddce-4244-5fd7-8477-9682db04947b,F0910040009c,984,"부추, 재래종, 데친것","부추,재래종,데친것",부추,부추,채소류,데친것,농진청('00),10.4,INGREDIENT,1,0,,8,PARTIAL,[],[],20,3.6,2.3,0.2,,2,52,0.7,,187,37
da6ddc08-aea5-5532-9625-a7274bc3f820,F0910050000a,985,"부추, 호부추, 생것","부추,호부추,생것",부추,부추,채소류,생것,농진청('15),10.4,INGREDIENT,1,0,,8,MEASURED,[],[],30,6.23,2.06,0.33,4.8,0,59,0.83,396,178,15.15
aa53d84d-a876-5136-a7d9-2e375d9e5c1e,F0910050009c,986,"부추, 호부추, 데친것","부추,호부추,데친것",부추,부추,채소류,데친것,농진청('15),10.4,INGREDIENT,1,0,,8,MEASURED,[],[],32,6.42,2.37,0.35,4.1,1,63,0.38,381,137,20.96
45b329d7-5c03-5e88-8d17-4925e9d7bf48,F0920000000a,987,"브로콜리, 생것","브로콜리,생것",브로콜리,브로콜리,채소류,생것,농진청('21),10.4,INGREDIENT,1,1,GENERIC_RAW,8,MEASURED,[],[],28,4.72,3.56,0.29,2.8,4,39,0.87,355,21,55.54
dcc86f1b-febd-566b-bca9-44baed904c5d,F0920000009c,988,"브로콜리, 데친것","브로콜리,데친것",브로콜리,브로콜리,채소류,데친것,농진청('21),10.4,INGREDIENT,1,0,,8,MEASURED,[],[],26,4.45,3.2,0.24,2.5,4,38,0.68,294,19,50.95
9dc14e6b-4325-59b5-b426-949b2931d716,F092000B120a,990,"브로콜리, 싹, 생것","브로콜리,싹,생것",브로콜리,브로콜리,채소류,생것,농진청('15),10.4,INGREDIENT,1,0,,8,MEASURED,[],[],31,3.8,3.81,0.92,1.8,16,73,0.66,85,25,11.41
064b6d73-2bc3-5235-b846-df09c50aea2b,F092000B140a,991,"브로콜리, 잎, 생것","브로콜리,잎,생것",브로콜리,브로콜리,채소류,생것,농진청('07),10.4,INGREDIENT,1,0,,8,PARTIAL,[],[],38,8.1,2.2,0.4,,18,173,0.3,103,54,50
9afa3e87-785f-53e7-b6f3-68490889cf15,F092000B141a,992,"브로콜리, 잎, 말린것","브로콜리,잎,말린것",브로콜리,브로콜리,채소류,말린것,농진청('07),10.4,INGREDIENT,1,0,,8,PARTIAL,[],[],258,55.3,15.4,2.8,,193,2705,2.7,1707,35,37
c41dbf05-4a98-573a-b3e6-8f2d0ad21b30,F092000B143a,993,"브로콜리, 잎, 삶아서 말린것","브로콜리,잎,삶아서 말린것",브로콜리,브로콜리,채소류,,농진청('07),10.4,INGREDIENT,1,0,,8,PARTIAL,[],[],271,59.8,17.4,1.8,,35,1716,3.9,671,53,60
70f34585-b9c3-553e-83ac-424bf2862e2a,F0920000005a,994,"브로콜리, 가루","브로콜리,가루",브로콜리,브로콜리,채소류,,농진청('07),10.4,INGREDIENT,1,0,,8,PARTIAL,[],[],284,58.4,17.5,3.9,,145,,5.4,1468,58,53
dc2d69d1-1077-5c3b-90e2-7a48d96a2a5f,F1590000000a,995,"비비추(이밥추), 생것","비비추(이밥추),생것",비비추(이밥추),비비추이밥추,채소류,생것,농진청('09),10.4,INGREDIENT,1,0,,1,PARTIAL,[],[],48,10.1,3,0.6,,3,121,5.4,742,82,13
3563ffe8-4f37-5bdd-ab7d-4be72e4b5e10,F0940000000a,996,"비타민채(다채), 생것","비타민채(다채),생것",비타민채(다채),비타민채다채,채소류,생것,농진청('24),10.4,INGREDIENT,1,1,GENERIC_RAW,2,MEASURED,[],[],16,2.66,1.84,0.25,1.9,55,126,0.7,491,207,25.67
ae7102b1-da2c-5858-8ade-3aa56f983cd7,F0940002660a,997,"비타민채(다채), 어린잎, 생것","비타민채(다채),어린잎,생것",비타민채(다채),비타민채다채,채소류,생것,농진청('20),10.4,INGREDIENT,1,0,,2,MEASURED,[],[],15,1.44,2.26,0.5,0.9,31,142,9.74,391,240,19.3
88811daf-1c73-52a7-b10f-521487cf02cb,F095000B090a,998,"비트, 뿌리, 생것","비트,뿌리,생것",비트,비트,채소류,생것,농진청('18),10.4,INGREDIENT,1,0,,5,MEASURED,[],[],27,6.13,1.03,0.06,1.7,19,9,0.29,393,0,1.76
8678d174-8328-5f7a-b33e-3f9e3c13aa4a,F095000B099c,999,"비트, 뿌리, 데친것","비트,뿌리,데친것",비트,비트,채소류,데친것,농진청('18),10.4,INGREDIENT,1,0,,5,MEASURED,[],[],23,5.3,0.88,0.05,1.5,20,8,0.28,309,0,1.79
cc3a6a70-ed63-5f17-9fda-6236e80e2dc4,F096000B09Ra,1000,"비트 피클, 통조림","비트 피클,통조림",비트 피클,비트피클,채소류,통조림,USDA('18),10.4,INGREDIENT,1,1,LOWEST_COMPLEXITY_VARIANT,1,MEASURED,[],[],65,16.28,0.8,0.08,0.8,149,11,0.41,115,2,2.3
fb5d4683-c5d8-5ad2-ad72-879113a0fcc1,F095000B140a,1001,"비트, 잎, 생것","비트,잎,생것",비트,비트,채소류,생것,농진청('24),10.4,INGREDIENT,1,1,NUTRITION_MEDOID_RAW,5,MEASURED,[],[],16,3.3,1.52,0.11,2.9,153,79,1.74,422,196,11.97
0b44f439-177c-53ca-bc78-e0014153bea4,F095000B149c,1002,"비트, 잎, 데친것","비트,잎,데친것",비트,비트,채소류,데친것,농진청('24),10.4,INGREDIENT,1,0,,5,MEASURED,[],[],18,3.63,1.79,0.13,2.9,152,90,1.2,409,221,6.72
82d52e96-041c-56e7-8c23-3d85975ed27a,F0950002660a,1003,"비트, 어린잎, 생것","비트,어린잎,생것",비트,비트,채소류,생것,농진청('20),10.4,INGREDIENT,1,0,,5,MEASURED,[],[],21,2.91,2.85,0.42,0.9,149,86,10.22,704,240,10.52
6198c616-31d9-58f0-b4e5-25c526572975,F2090000000a,1004,"사탕무, 생것","사탕무,생것",사탕무,사탕무,채소류,생것,농진청('98),10.4,INGREDIENT,1,0,,1,PARTIAL,[],[],77,18.7,1.8,0,,61,11,0.8,343,0,17
689a4c6a-6a84-55a5-b16e-e0ea35f8cd1e,F0970000000a,1005,"사탕수수, 생것","사탕수수,생것",사탕수수,사탕수수,채소류,생것,농진청('04),10.4,INGREDIENT,1,0,,1,PARTIAL,[],[],77,20.9,1.1,0,,10,26,0.9,328,0,0
ca6dbe3a-f399-5b4a-a6e3-5d459c4f41f3,F098000B150a,1006,"산마늘(명이나물), 생것","산마늘(명이나물),생것",산마늘(명이나물),산마늘명이나물,채소류,생것,농진청('14),10.4,INGREDIENT,1,1,GENERIC_RAW,2,MEASURED,[],[],36,8.21,2.02,0.21,4.1,0,53,0.59,309,210,62.63
7a47be84-e416-5147-adbf-700186cafaf4,F098000B159c,1007,"산마늘(명이나물), 데친것","산마늘(명이나물),데친것",산마늘(명이나물),산마늘명이나물,채소류,데친것,농진청('14),10.4,INGREDIENT,1,0,,2,MEASURED,[],[],37,8.29,2.08,0.31,3.9000000000000004,0,60,0.55,300,156,62.63
67e85d70-1765-5ce6-91c2-014bb9c74566,F098000B15Ja,1008,산마늘(명이나물)장아찌,산마늘(명이나물)장아찌,산마늘(명이나물)장아찌,산마늘명이나물장아찌,채소류,,농진청('18),10.4,INGREDIENT,1,1,EXACT_BASE_NAME,1,MEASURED,[],[],55,12.2,2.37,0.62,3.4,865,44,0.72,191,113,0.79
807497e0-58f5-509e-ad23-9a0bd14ba35b,F0990000001a,1009,"삼나물, 말린것","삼나물,말린것",삼나물,삼나물,채소류,말린것,농진청('86),10.4,INGREDIENT,1,1,LOWEST_COMPLEXITY_VARIANT,1,PARTIAL,[],[],293,61.3,22.8,2.2,,,25,2.4,,7,0
c60ef1ee-3683-56b6-af27-5bc759239cc8,F2270000000a,1010,"삼붕냐와, 생것","삼붕냐와,생것",삼붕냐와,삼붕냐와,채소류,생것,농진청('16),10.4,INGREDIENT,1,1,GENERIC_RAW,1,MEASURED,[],[],27,3.84,1.62,1.09,3.8,186,108,1.05,295,19,4.11
244e4e9d-3b25-5893-a58c-c50c88825848,F217000B090a,1011,"삼채, 뿌리, 생것","삼채,뿌리,생것",삼채,삼채,채소류,생것,농진청('16),10.4,INGREDIENT,1,0,,5,MEASURED,[],[],49,12.15,0.77,0.04,4.8,15,64,5.78,195,0,0.73
3ec70444-c90f-5a48-91b9-fb458792780a,F217000B140a,1012,"삼채, 잎, 생것","삼채,잎,생것",삼채,삼채,채소류,생것,농진청('15),10.4,INGREDIENT,1,1,NUTRITION_MEDOID_RAW,5,MEASURED,[],[],24,4.8,1.95,0.2,4.1,4,60,3.75,404,214,0.59
bd0cec8b-8100-518e-8b76-f86d7ee11536,F217000B160a,1013,"삼채, 줄기, 생것","삼채,줄기,생것",삼채,삼채,채소류,생것,농진청('16),10.4,INGREDIENT,1,0,,5,MEASURED,[],[],19,4.65,0.78,0.09,3.8,2,95,0.64,25,32,0.54
62acd4cb-2c85-5363-934a-735d8b47825b,F2170000000a,1014,"삼채, 잎줄기, 생것","삼채,잎줄기,생것",삼채,삼채,채소류,생것,농진청('13),10.4,INGREDIENT,1,0,,5,MEASURED,[],[],23,4.99,1.55,0.13,2.8,2,60,0.83,318,167,12.31
8f2625c1-c6ff-5a63-913f-5a3f7d8c0ea9,F2170000009c,1015,"삼채, 잎줄기, 데친것","삼채,잎줄기,데친것",삼채,삼채,채소류,데친것,농진청('13),10.4,INGREDIENT,1,0,,5,MEASURED,[],[],28,5.77,2.04,0.27,3,3,71,0.73,296,225,12.31
9e473dd6-1bb4-5db1-8464-3452ae2be333,F1010162490a,1016,"상추, 잎상추, 치마상추, 녹색, 생것","상추,잎상추,치마상추,녹색,생것",상추,상추,채소류,생것,농진청('15),10.4,INGREDIENT,1,0,,22,MEASURED,[],[],20,3.48,1.88,0.36,2.4,17,95,3.41,591,239,0.24
91257fd7-e858-559e-a7ca-a01dfa7cdd11,F1010172500a,1017,"상추, 잎상추, 적색, 생것","상추,잎상추,적색,생것",상추,상추,채소류,생것,농진청('15),10.4,INGREDIENT,1,0,,22,MEASURED,[],[],19,3.69,1.42,0.28,2.7,6,77,1.59,488,162,0.17
3d2b3428-ec0e-57f9-aac6-cfa12326fcad,F1010020000a,1018,"상추, 잎상추, 뚝섬적축면, 적색, 생것","상추,잎상추,뚝섬적축면,적색,생것",상추,상추,채소류,생것,농진청('05),10.4,INGREDIENT,1,0,,22,PARTIAL,[],[],14,2.4,1.1,0.3,,5,41,1.5,379,86,11
8b886464-289c-5343-90d2-8d07eb7b900b,F1010040000a,1019,"상추, 잎상추, 롤로로사, 적색, 생것","상추,잎상추,롤로로사,적색,생것",상추,상추,채소류,생것,농진청('05),10.4,INGREDIENT,1,0,,22,PARTIAL,[],[],20,4.5,1.1,0.2,,161,118,2.7,207,42,26
cc6daf17-383b-59b4-aad5-aa1d138ccee5,F1010100000a,1020,"상추, 잎상추, 적하계, 적색, 생것","상추,잎상추,적하계,적색,생것",상추,상추,채소류,생것,농진청('05),10.4,INGREDIENT,1,0,,22,PARTIAL,[],[],19,3.7,1.7,0.2,,5,55,1.4,429,40,12
465b1cfe-1f8d-59fd-80d4-8fcfcb4a8107,F1010152500a,1021,"상추, 잎상추, 축면상추, 적색, 생것","상추,잎상추,축면상추,적색,생것",상추,상추,채소류,생것,농진청('15),10.4,INGREDIENT,1,1,NUTRITION_MEDOID_RAW,22,MEASURED,[],[],15,2.79,1.31,0.21,1.6,6,42,0.96,298,118,0.15
f6416037-3d49-5473-9ead-0c454974887c,F1010162500a,1022,"상추, 잎상추, 치마상추, 적색, 생것","상추,잎상추,치마상추,적색,생것",상추,상추,채소류,생것,농진청('15),10.4,INGREDIENT,1,0,,22,MEASURED,[],[],23,4.59,1.53,0.36,3.8,6,111,2.22,678,205,0.18
bed83d27-d2a8-5020-8ea6-569bc57b5f4a,F1010032490a,1023,"상추, 반결구, 로메인, 녹색, 생것","상추,반결구,로메인,녹색,생것",상추,상추,채소류,생것,농진청('20),10.4,INGREDIENT,1,0,,22,MEASURED,[],[],18,3.11,1.66,0.31,1.9,10,103,0.51,245,194,9.54
31a69049-6db9-55a9-a13d-8893a3ab686b,F1010060000a,1024,"상추, 반결구, 아시아아이스, 녹색, 생것","상추,반결구,아시아아이스,녹색,생것",상추,상추,채소류,생것,농진청('05),10.4,INGREDIENT,1,0,,22,PARTIAL,[],[],24,4,1.8,0.6,,102,178,0.5,231,54,39
8a38c861-6a74-5229-9a7e-e8229cac2c91,F1010110000a,1025,"상추, 반결구, 천상, 녹색, 생것","상추,반결구,천상,녹색,생것",상추,상추,채소류,생것,농진청('05),10.4,INGREDIENT,1,0,,22,PARTIAL,[],[],17,3.2,1.2,0.3,,5,29,1.1,306,25,10
ea9050e3-3153-5f6b-99b0-56ffc27c88fa,F1010032500a,1026,"상추, 반결구, 로메인, 적색, 생것","상추,반결구,로메인,적색,생것",상추,상추,채소류,생것,농진청('15),10.4,INGREDIENT,1,0,,22,MEASURED,[],[],17,2.72,2.28,0.22,1.7,30,143,1.08,567,222,0.15
f2633c86-6e26-5baa-9132-844e113617a2,F1010142490a,1027,"상추, 결구(양상추), 녹색, 생것","상추,결구(양상추),녹색,생것",상추,상추,채소류,생것,농진청('23),10.4,INGREDIENT,1,0,,22,MEASURED,[],[],14,3.37,0.72,0.08,1.5,4,26,0.35,155,20,3.56
6cddf7f5-4f0b-5a50-9ad4-cfb6abb8f83a,F1010050000a,1028,"상추, 결구, 아담, 녹색, 생것","상추,결구,아담,녹색,생것",상추,상추,채소류,생것,농진청('05),10.4,INGREDIENT,1,0,,22,PARTIAL,[],[],9,1.3,0.9,0.2,,6,38,1,329,20,13
12923ed9-391c-56c0-852f-b7131961a04f,F1010070000a,1029,"상추, 결구, 유레이크, 녹색, 생것","상추,결구,유레이크,녹색,생것",상추,상추,채소류,생것,농진청('05),10.4,INGREDIENT,1,0,,22,PARTIAL,[],[],16,3.5,0.8,0.2,,2,20,1.8,211,21,6
04528725-d869-531a-94ca-d59566ec0f92,F1010120000a,1030,"상추, 결구, 풍성, 녹색, 생것","상추,결구,풍성,녹색,생것",상추,상추,채소류,생것,농진청('05),10.4,INGREDIENT,1,0,,22,PARTIAL,[],[],10,2.1,0.6,0.1,,8,47,1.6,409,96,5
fc16aec8-7093-54f9-b0d7-ee8906180744,F102000B100a,1031,"생강, 뿌리줄기, 생것","생강,뿌리줄기,생것",생강,생강,채소류,생것,농진청('15),10.4,INGREDIENT,1,1,NUTRITION_MEDOID_RAW,4,MEASURED,[],[],42,9.82,0.97,0.15,2.6,4,18,0.95,337,2,1.5
8e51acab-8a12-5618-b22f-19abe977f510,F102001B100a,1032,"생강, 뿌리줄기, 수입산, 생것","생강,뿌리줄기,수입산,생것",생강,생강,채소류,생것,농진청('95),10.4,INGREDIENT,1,0,,4,PARTIAL,[],[],38,8.4,1.3,0.3,,11,8,2.3,294,2,4
4e504d69-09fd-52c1-97d2-8be30c0bb2b0,F1950000009q,1033,"생강, 편강, 당조림","생강,편강,당조림",생강,생강,채소류,,농진청('19),10.4,INGREDIENT,1,0,,4,PARTIAL,[],[],364,88.35,0.7,0.86,,6,30,0.53,100,0,5.11
d1af2a83-702d-5da5-8977-61a66660d453,F104000000Ja,1034,생강 피클,생강 피클,생강 피클,생강피클,채소류,,JAPAN('20),10.4,INGREDIENT,1,1,EXACT_BASE_NAME,1,MEASURED,[],[],15,3.9,0.3,0.2,2.2,2200,22,0.2,25,0,0
6deaf2fc-5587-5e16-bf32-2f885dca9c35,F212001B130a,1035,"선인장, 보검선인장, 열매, 생것","선인장,보검선인장,열매,생것",선인장,선인장,채소류,생것,농진청('15),10.4,INGREDIENT,1,0,,4,MEASURED,[],[],83,19.35,0.97,0.19,12.4,23,157,0.45,286,5,43.52
ac9f7a35-6ee1-531e-bf3b-ef586036250e,F212001B160a,1036,"선인장, 보검선인장, 줄기, 생것","선인장,보검선인장,줄기,생것",선인장,선인장,채소류,생것,농진청('15),10.4,INGREDIENT,1,0,,4,MEASURED,[],[],34,7.15,1.03,0.12,5,17,524,0.44,316,26,12.17
22e983f4-46ee-5716-b299-fc41eb07d80a,F212003B130a,1037,"선인장, 저단선인장, 열매, 생것","선인장,저단선인장,열매,생것",선인장,선인장,채소류,생것,농진청('15),10.4,INGREDIENT,1,1,NUTRITION_MEDOID_RAW,4,MEASURED,[],[],91,21,0.8,0.38,14.7,0,222,0.38,316,5,43.81
f3432440-7889-5525-891e-ce9ad7d475a6,F212003B160a,1038,"선인장, 저단선인장, 줄기, 생것","선인장,저단선인장,줄기,생것",선인장,선인장,채소류,생것,농진청('15),10.4,INGREDIENT,1,0,,4,PARTIAL,[],[],75,17.76,0.75,0.15,16.3,,279,0.85,267,15,18.25
057a6eee-f405-5379-80eb-29ba0a2e8d2e,F1050000000a,1039,"섬초롱, 생것","섬초롱,생것",섬초롱,섬초롱,채소류,생것,농진청('10),10.4,INGREDIENT,1,1,GENERIC_RAW,2,PARTIAL,[],[],41,8.5,3,0.4,,2,94,4.1,950,194,9
8cbe26ac-669d-5468-8f8d-9592c5ba73c9,F1050000009c,1040,"섬초롱, 데친것","섬초롱,데친것",섬초롱,섬초롱,채소류,데친것,농진청('96),10.4,INGREDIENT,1,0,,2,PARTIAL,[],[],34,7.6,2,0.2,,1,70,1.7,173,287,
02705afe-6c3b-5bf2-ba5f-0c1b5bf41359,F1070000000a,1041,"셀러리, 생것","셀러리,생것",셀러리,셀러리,채소류,생것,농진청('14),10.4,INGREDIENT,1,1,GENERIC_RAW,2,MEASURED,[],[],17,3.88,1.04,0.12,2.2,20,88,0.28,343,60,10.6
380f1425-480c-5b62-b1bc-cced3eb5b2b8,F1070000009c,1042,"셀러리, 데친것","셀러리,데친것",셀러리,셀러리,채소류,데친것,농진청('14),10.4,INGREDIENT,1,0,,2,MEASURED,[],[],17,3.83,1.1,0.12,2.3,20,91,0.16,334,59,5.9
afbfd06e-c3de-597a-b8b3-ec730a3b7b98,F108000B140a,1043,"소리쟁이, 잎, 말린것","소리쟁이,잎,말린것",소리쟁이,소리쟁이,채소류,말린것,농진청('04),10.4,INGREDIENT,1,1,LOWEST_COMPLEXITY_VARIANT,1,PARTIAL,[],[],259,52.6,21.7,2.2,,77,703,12.4,6405,139,29
ead82791-934c-551f-9d12-9404d7eb9e7e,F110000B090a,1044,"쇠귀나물, 뿌리, 생것","쇠귀나물,뿌리,생것",쇠귀나물,쇠귀나물,채소류,생것,JAPAN('20),10.4,INGREDIENT,1,1,NUTRITION_MEDOID_RAW,2,QUALIFIED,[],"[""vitamin_a_mcg_rae""]",128,26.6,6.3,0.1,2.4,3,5,0.8,600,0,2
ff05eb65-8d7c-5651-a981-570343a363fd,F110000B099c,1045,"쇠귀나물, 뿌리, 데친것","쇠귀나물,뿌리,데친것",쇠귀나물,쇠귀나물,채소류,데친것,JAPAN('20),10.4,INGREDIENT,1,0,,2,QUALIFIED,[],"[""vitamin_a_mcg_rae""]",129,27.2,6.2,0.1,2.8,3,5,0.8,550,0,0
18085783-36b6-5a99-93fb-44ca12269c41,F1110000000a,1046,"수리취(떡취), 생것","수리취(떡취),생것",수리취(떡취),수리취떡취,채소류,생것,농진청('89),10.4,INGREDIENT,1,0,,1,PARTIAL,[],[],64,14.7,3.9,0.2,,,46,3.2,,49,18
66756ac8-a962-5436-86ad-f5edc5b0b7c1,F1120000000a,1047,"숙주나물, 생것","숙주나물,생것",숙주나물,숙주나물,채소류,생것,농진청('14),10.4,INGREDIENT,1,1,GENERIC_RAW,3,MEASURED,[],[],13,2.34,1.73,0.05,1.7,4,13,0.22,84,0,7.24
767bf674-201f-517a-b534-65175af1fcfb,F1120000009c,1048,"숙주나물, 데친것","숙주나물,데친것",숙주나물,숙주나물,채소류,데친것,농진청('93),10.4,INGREDIENT,1,0,,3,PARTIAL,[],[],12,1.4,2.2,0.2,,5,12,0.9,160,2,10
2eca3472-4d2a-560d-8128-fd91d340d6cf,F1120000009e,1049,"숙주나물, 찐것","숙주나물,찐것",숙주나물,숙주나물,채소류,찐것,농진청('14),10.4,INGREDIENT,1,0,,3,MEASURED,[],[],16,2.9,1.96,0.11,1.7,4,16,0.32,82,2,5.04
cbb65104-7037-5710-8d59-84aba0c6c74a,F1130000000a,1050,"순무, 전체, 생것","순무,전체,생것",순무,순무,채소류,생것,농진청('14),10.4,INGREDIENT,1,1,GENERIC_RAW_VARIANT,6,MEASURED,[],[],27,5.65,1.5,0.09,2.7,59,99,0.93,350,56,24.91
4693c314-8597-5bd1-9723-282fdf2f02cd,F113000B019c,1051,"순무, 전체, 데친것","순무,전체,데친것",순무,순무,채소류,데친것,농진청('14),10.4,INGREDIENT,1,0,,6,MEASURED,[],[],28,6.03,1.32,0.09,2.2,25,62,0.64,338,25,8.69
15971f50-ef1d-5995-a496-de1d8b8dd368,F113000B090a,1052,"순무, 뿌리, 생것","순무,뿌리,생것",순무,순무,채소류,생것,농진청('23),10.4,INGREDIENT,1,0,,6,MEASURED,[],[],32,7.17,1.09,0.21,2.2,46,43,0.46,290,0,23.39
6df38ecd-c4dd-5d5a-abd4-588316cfbf9d,F113000B099c,1053,"순무, 뿌리, 데친것","순무,뿌리,데친것",순무,순무,채소류,데친것,농진청('14),10.4,INGREDIENT,1,0,,6,MEASURED,[],[],33,7.52,1.28,0.09,2.2,47,35,0.31,295,0,20.77
5c0f85b1-7e85-5d0b-9eaf-463161c45a1e,F113000B140a,1055,"순무, 잎, 생것","순무,잎,생것",순무,순무,채소류,생것,농진청('14),10.4,INGREDIENT,1,0,,6,MEASURED,[],[],21,4.15,2.05,0.17,3,68,197,1.14,537,158,31.47
116a3e53-4006-5e2c-ac26-52f25a0dfc28,F113000B149c,1056,"순무, 잎, 데친것","순무,잎,데친것",순무,순무,채소류,데친것,농진청('14),10.4,INGREDIENT,1,0,,6,MEASURED,[],[],20,4.15,1.58,0.18,3.1,26,157,0.94,388,136,27.11
7a9a1830-aaf6-50d1-987b-8feef759f7de,F1140000000a,1058,"스테비아, 생것","스테비아,생것",스테비아,스테비아,채소류,생것,농진청('14),10.4,INGREDIENT,1,1,GENERIC_RAW,2,MEASURED,[],[],40,8.71,2.4,0.32,5.4,1,200,1.23,412,266,3.32
a7ac402f-8cf5-5810-939e-ea4d3d1ac547,F1140000001a,1059,"스테비아, 말린것","스테비아,말린것",스테비아,스테비아,채소류,말린것,농진청('10),10.4,INGREDIENT,1,0,,2,MEASURED,[],[],303,70.5,14.2,2,63,111,736,38.9,1974,0,0
66c91ecd-041c-5836-aeef-d3b2360ebf41,F1150000000a,1060,"시금치, 생것","시금치,생것",시금치,시금치,채소류,생것,농진청('14),10.4,INGREDIENT,1,1,GENERIC_RAW,10,MEASURED,[],[],29,4.86,3.35,0.39,3.1,23,66,2.49,691,430,51.12
55d81fc3-553a-5794-ba45-bc9b84f57c1f,F1150010000a,1061,"시금치, 노지, 생것","시금치,노지,생것",시금치,시금치,채소류,생것,농진청('14),10.4,INGREDIENT,1,0,,10,MEASURED,[],[],29,4.4,4.15,0.43,3.2,20,59,2.73,790,588,50.44
a6b7170b-90c7-5e86-b759-930e5baf2b2a,F1150030000a,1062,"시금치, 하우스, 생것","시금치,하우스,생것",시금치,시금치,채소류,생것,농진청('14),10.4,INGREDIENT,1,0,,10,MEASURED,[],[],27,5.08,2.6,0.33,2.9,37,42,1.22,813,415,43.7
21995857-e70f-50a0-8990-3a1c3b5a37d5,F1150040000a,1063,"시금치, 섬초, 생것","시금치,섬초,생것",시금치,시금치,채소류,생것,농진청('14),10.4,INGREDIENT,1,0,,10,MEASURED,[],[],24,3.76,3.11,0.34,3.1,16,59,2.06,495,299,43.91
628dfefc-0704-5bf5-8876-80b6c3559677,F1150020000a,1064,"시금치, 포항초, 생것","시금치,포항초,생것",시금치,시금치,채소류,생것,농진청('14),10.4,INGREDIENT,1,0,,10,MEASURED,[],[],35,6.22,3.56,0.46,3.3,20,106,3.93,666,420,66.45
bd7444be-270c-5ce1-b6f2-aa1dd75c9de2,F1150000009c,1065,"시금치, 데친것","시금치,데친것",시금치,시금치,채소류,데친것,농진청('14),10.4,INGREDIENT,1,0,,10,MEASURED,[],[],34,5.26,4.02,0.61,3.5,29,86,1.79,565,490,43.53
926a2858-1490-56e2-9039-f555a01d19fa,F1150010009c,1066,"시금치, 노지, 데친것","시금치,노지,데친것",시금치,시금치,채소류,데친것,농진청('14),10.4,INGREDIENT,1,0,,10,MEASURED,[],[],37,5.21,4.78,0.79,3.6,13,81,1.31,571,639,43.81
03fe43e9-02e1-5eb4-9dd7-ea1704026afa,F1150030009c,1067,"시금치, 하우스, 데친것","시금치,하우스,데친것",시금치,시금치,채소류,데친것,농진청('14),10.4,INGREDIENT,1,0,,10,MEASURED,[],[],32,5.84,3.01,0.49,3.4,31,51,0.85,652,517,36.97
8956878e-cf64-5861-8537-0bdd0c31939d,F1150040009c,1068,"시금치, 섬초, 데친것","시금치,섬초,데친것",시금치,시금치,채소류,데친것,농진청('14),10.4,INGREDIENT,1,0,,10,MEASURED,[],[],32,4.8,4.12,0.55,3.3,15,122,3.45,460,347,42.35
e61c6734-8228-542f-9e47-5b85aa7ee386,F1150020009c,1069,"시금치, 포항초, 데친것","시금치,포항초,데친것",시금치,시금치,채소류,데친것,농진청('14),10.4,INGREDIENT,1,0,,10,MEASURED,[],[],34,5.19,4.19,0.63,3.7,57,90,1.54,576,459,50.98
fa4b8fae-be52-5a07-9f81-c69e5da2bee7,F1160000000a,1070,"신선초(명일엽), 생것","신선초(명일엽),생것",신선초(명일엽),신선초명일엽,채소류,생것,농진청('14),10.4,INGREDIENT,1,1,GENERIC_RAW,1,MEASURED,[],[],24,5.66,1.08,0.14,2.8000000000000003,31,158,1.33,346,113,15.45
4fbcab42-357c-5f06-9953-228c3a851951,F1170000000a,1071,"쌈추, 생것","쌈추,생것",쌈추,쌈추,채소류,생것,농진청('14),10.4,INGREDIENT,1,1,GENERIC_RAW,2,MEASURED,[],[],25,4.29,3.07,0.23,3.1999999999999997,29,129,2.57,473,270,28
1f6b85ad-fb07-5210-beb9-7333c7adfe99,F1170010000a,1072,"쌈추, 싸미나, 생것","쌈추,싸미나,생것",쌈추,쌈추,채소류,생것,농진청('00),10.4,INGREDIENT,1,0,,2,PARTIAL,[],[],20,3,2.7,0.3,,53,134,2,499,288,93
e2813ddc-ff0b-5322-aa16-ddb1a925fab8,F1180000000a,1073,"쑥, 생것","쑥,생것",쑥,쑥,채소류,생것,농진청('14),10.4,INGREDIENT,1,1,GENERIC_RAW,5,MEASURED,[],[],37,7.04,3.4,0.38,5.9,3,109,8.14,652,346,6.57
11d6b027-9712-5f75-b42f-ecaca4c700e5,F1180000009c,1074,"쑥, 데친것","쑥,데친것",쑥,쑥,채소류,데친것,농진청('14),10.4,INGREDIENT,1,0,,5,MEASURED,[],[],39,6.79,3.71,0.63,6,3,111,1.57,290,345,2.61
d3f1db2b-118e-5d62-90b8-246e14064283,F1180000001a,1075,"쑥, 말린것","쑥,말린것",쑥,쑥,채소류,말린것,농진청('14),10.4,INGREDIENT,1,0,,5,MEASURED,[],[],272,53.8,25.8,2.05,44.4,39,944,78.15,5140,293,0
c3b2fdb6-e9d9-53a2-bb29-8243abbc348e,F1180010000a,1076,"쑥, 사자발쑥, 생것","쑥,사자발쑥,생것",쑥,쑥,채소류,생것,농진청('09),10.4,INGREDIENT,1,0,,5,MEASURED,[],[],56,12.7,2.6,0.5,4.9,3,58,4,337,18,89
089f0187-8155-56b3-95f3-c71f65fdd68e,F1180010009c,1077,"쑥, 사자발쑥, 데친것","쑥,사자발쑥,데친것",쑥,쑥,채소류,데친것,농진청('09),10.4,INGREDIENT,1,0,,5,PARTIAL,[],[],55,13.3,1.9,0.3,,13,116,3.1,494,27,26
477ab956-440e-5801-ac32-9cb64c8badc6,F1190000000a,1078,"쑥갓, 생것","쑥갓,생것",쑥갓,쑥갓,채소류,생것,농진청('14),10.4,INGREDIENT,1,1,GENERIC_RAW,2,MEASURED,[],[],15,2.35,1.93,0.17,2.4000000000000004,145,91,0.79,239,206,10.4
f3d8ab3c-65d8-59c9-9f75-c179f6aeacc0,F1190000009c,1079,"쑥갓, 데친것","쑥갓,데친것",쑥갓,쑥갓,채소류,데친것,농진청('14),10.4,INGREDIENT,1,0,,2,MEASURED,[],[],21,3.8,2.1,0.3,2.9,135,109,0.62,255,271,5.46
e885fbef-391e-58a3-80ca-c8753a0852c7,F120000B150a,1080,"쑥부쟁이, 생것","쑥부쟁이,생것",쑥부쟁이,쑥부쟁이,채소류,생것,농진청('15),10.4,INGREDIENT,1,1,GENERIC_RAW,1,MEASURED,[],[],26,3.53,2.92,0.72,3,1,68,1.26,576,143,9.47
5c67001b-fe79-5c0d-a986-af933291ab42,F1210000000a,1081,"씀바귀, 생것","씀바귀,생것",씀바귀,씀바귀,채소류,생것,농진청('97),10.4,INGREDIENT,1,1,GENERIC_RAW,3,PARTIAL,[],[],43,9.2,2.9,0.4,,36,74,1.1,440,153,7
fa10430a-2362-5fae-992f-d1c62d2ccb50,F1210000009c,1082,"씀바귀, 데친것","씀바귀,데친것",씀바귀,씀바귀,채소류,데친것,농진청('97),10.4,INGREDIENT,1,0,,3,PARTIAL,[],[],31,6.3,2.6,0.2,,19,81,0.8,152,133,2
b131df0c-35b3-582c-be76-31ce0f55708a,F121000B090a,1083,"씀바귀, 뿌리, 생것","씀바귀,뿌리,생것",씀바귀,씀바귀,채소류,생것,농진청('14),10.4,INGREDIENT,1,0,,3,MEASURED,[],[],71,16.24,2.54,0.13,4,3,33,1.57,192,1,4.3
9899291d-63cd-50a4-ba46-df19f862dfbc,F1220000000a,1084,"아스파라거스, 생것","아스파라거스,생것",아스파라거스,아스파라거스,채소류,생것,농진청('18),10.4,INGREDIENT,1,1,GENERIC_RAW,4,MEASURED,[],[],17,2.53,2.02,0.34,1.7,3,11,0.47,293,17,14
bd05f7ff-b504-5a03-9334-80dc32c23068,F1220000009c,1085,"아스파라거스, 데친것","아스파라거스,데친것",아스파라거스,아스파라거스,채소류,데친것,농진청('18),10.4,INGREDIENT,1,0,,4,MEASURED,[],[],17,2.81,2.08,0.19,2.8,4,10,0.49,275,19,15.48
c490c078-ba06-51d4-a737-a8e5f09a25e5,F122000000Ra,1086,"아스파라거스, 통조림","아스파라거스,통조림",아스파라거스,아스파라거스,채소류,통조림,농진청('01),10.4,INGREDIENT,1,0,,4,PARTIAL,[],[],14,3,1.1,0.1,,387,14,12,104,0,6
1b281a34-29de-5c97-913b-833fde033608,F122000C070a,1087,"아스파라거스, 하얀색, 생것","아스파라거스,하얀색,생것",아스파라거스,아스파라거스,채소류,생것,농진청('16),10.4,INGREDIENT,1,0,,4,MEASURED,[],[],21,3.51,1.85,0.53,1.9,0,11,0.21,205,0,2.56
2d90f270-2f0a-5c24-8661-0cc74b8e8444,F1230000000a,1088,"아욱, 생것","아욱,생것",아욱,아욱,채소류,생것,농진청('14),10.4,INGREDIENT,1,1,GENERIC_RAW,2,MEASURED,[],[],37,7.64,3.08,0.31,4.5,37,267,0.57,426,325,41.21
8e5deca2-c6ac-5402-ad59-77850ba04dd0,F1230000009c,1089,"아욱, 데친것","아욱,데친것",아욱,아욱,채소류,데친것,농진청('14),10.4,INGREDIENT,1,0,,2,MEASURED,[],[],31,5.2,3.52,0.49,3.9,17,178,0.68,340,354,27.82
35b8776a-7d36-515f-aed7-f3cc070d1a44,F1240000000a,1090,"아이비카, 닥풀, 말린것","아이비카,닥풀,말린것",아이비카,아이비카,채소류,말린것,농진청('86),10.4,INGREDIENT,1,1,LOWEST_COMPLEXITY_VARIANT,1,PARTIAL,[],[],260,43.7,27.7,4.4,,,285,0.5,,56,1
4fb6d060-f0ff-5417-be54-cdedc2fe8bb5,F125000B110a,1091,"아주까리, 순, 말린것","아주까리,순,말린것",아주까리,아주까리,채소류,말린것,농진청('07),10.4,INGREDIENT,1,0,,2,PARTIAL,[],[],287,48,36.8,3.1,,50,1128,25.1,815,156,115
0948655b-e999-5b73-be9b-41f903c971e3,F125000B140a,1092,"아주까리, 잎, 생것","아주까리,잎,생것",아주까리,아주까리,채소류,생것,농진청('95),10.4,INGREDIENT,1,1,NUTRITION_MEDOID_RAW,2,PARTIAL,[],[],82,17.8,5.8,0.5,,7,661,4,298,4,244
ecfd6eeb-8526-5ce9-be7d-78e069a828b3,F2340000000a,1093,"아티초크, 생것","아티초크,생것",아티초크,아티초크,채소류,생것,USDA('18),10.4,INGREDIENT,1,1,GENERIC_RAW,4,MEASURED,[],[],47,10.51,3.27,0.15,5.4,94,44,1.28,370,1,11.7
4e63ab13-3ffc-5388-a48f-cce6771f46ed,F2340000000b,1094,"아티초크, 삶은것","아티초크,삶은것",아티초크,아티초크,채소류,삶은것,USDA('18),10.4,INGREDIENT,1,0,,4,MEASURED,[],[],53,11.95,2.89,0.34,5.7,60,21,0.61,286,1,7.4
51c9d6b7-63ec-53c8-9bb7-79506bc3b3a6,F2340000007a,1095,"아티초크, 냉동","아티초크,냉동",아티초크,아티초크,채소류,냉동,USDA('18),10.4,INGREDIENT,1,0,,4,MEASURED,[],[],38,7.75,2.63,0.43,3.9,47,19,0.5,248,0,5.3
19bbebc0-7635-5fe5-942b-73a45dadcf2f,F2340000007b,1096,"아티초크, 냉동, 삶은것","아티초크,냉동,삶은것",아티초크,아티초크,채소류,삶은것,USDA('18),10.4,INGREDIENT,1,0,,4,MEASURED,[],[],45,9.18,3.11,0.5,4.6,53,21,0.56,264,1,5
b3b8e2be-d5d6-5960-a1f8-0d6ef41eb781,F1260000590a,1097,"알로에, 과육, 생것","알로에,과육,생것",알로에,알로에,채소류,생것,농진청('09),10.4,INGREDIENT,1,1,NUTRITION_MEDOID_RAW,1,PARTIAL,[],[],3,0.7,0.1,,0.4,13,14,0.2,92,0,5
0d11303e-2a9c-5fc0-8272-9bc2e8e93211,F2160000009a,1098,알로에 음료,알로에 음료,알로에 음료,알로에음료,채소류,,농진청('16),10.4,INGREDIENT,1,0,,1,MEASURED,[],[],40,11.09,0,0,0.7,20,58,0.11,13,0,6.7
cbef3673-4f26-56f3-b9cc-4ddb16fb23d1,F127000B120a,1099,"알팔파, 싹, 생것","알팔파,싹,생것",알팔파,알팔파,채소류,생것,농진청('15),10.4,INGREDIENT,1,1,NUTRITION_MEDOID_RAW,1,MEASURED,[],[],21,3.14,3.53,0.2,2.6,5,19,1.01,79,3,1.85
2c7818ba-4a99-5711-a670-77de491fddd8,F1290000000a,1100,"양배추, 생것","양배추,생것",양배추,양배추,채소류,생것,농진청('21),10.4,INGREDIENT,1,1,GENERIC_RAW,8,MEASURED,[],[],29,6.98,1.36,0.12,2.5,9,45,0.22,252,2,28.79
cd4504bc-2d27-5dd0-843c-71e960898647,F1290000009c,1101,"양배추, 데친것","양배추,데친것",양배추,양배추,채소류,데친것,농진청('14),10.4,INGREDIENT,1,0,,8,MEASURED,[],[],32,7.77,1.51,0.12,2.4,7,43,0.31,240,2,31.88
40384aec-dae4-5d84-a6ba-0a050918aa62,F1290000009e,1102,"양배추, 찐것","양배추,찐것",양배추,양배추,채소류,찐것,농진청('21),10.4,INGREDIENT,1,0,,8,MEASURED,[],[],28,6.75,1.34,0.12,2.4,4,37,0.25,236,2,27.89
e75f4e33-ea4d-5662-94a1-553307cda313,F1290010000a,1103,"양배추, 적색, 생것","양배추,적색,생것",양배추,양배추,채소류,생것,농진청('23),10.4,INGREDIENT,1,0,,8,MEASURED,[],[],35,7.69,2.23,0.21,2.8,6,30,0.47,344,1,50.04
40eb0fa8-eb4c-5c14-a781-5d3b972c4425,F129001B120a,1104,"양배추, 적색, 싹, 생것","양배추,적색,싹,생것",양배추,양배추,채소류,생것,농진청('15),10.4,INGREDIENT,1,0,,8,MEASURED,[],[],39,4.6,3.38,1.77,3.4,8,59,1.15,94,17,31.92
693da489-63e7-5a34-8e3e-ed6c275ab98f,F1300010009a,1105,"양배추 샐러드, 코울슬로","양배추 샐러드,코울슬로",양배추 샐러드,양배추샐러드,채소류,,농진청('24),10.4,INGREDIENT,1,1,LOWEST_COMPLEXITY_VARIANT,1,MEASURED,[],[],143,13.4,0.85,9.55,1.8,368,26,0.22,133,22,6.41
e326b08a-86cc-52c6-a785-6f46ff4ec076,F1320000000a,1106,"양파, 생것","양파,생것",양파,양파,채소류,생것,농진청('23),10.4,INGREDIENT,1,1,GENERIC_RAW,10,MEASURED,[],[],29,6.52,0.96,0.17,1.6,2,16,0.2,148,0,4.93
d31e2c9f-5351-5f0e-8d68-38e44f71b410,F1320000009c,1107,"양파, 데친것","양파,데친것",양파,양파,채소류,데친것,농진청('23),10.4,INGREDIENT,1,0,,10,MEASURED,[],[],28,6.36,0.9,0.16,1.5,2,14,0.2,126,0,4.89
5243f272-090a-5ea1-8bdd-4a417dde9d2e,F1320000001a,1108,"양파, 말린것","양파,말린것",양파,양파,채소류,말린것,농진청('95),10.4,INGREDIENT,1,0,,10,PARTIAL,[],[],340,78,11.7,1,,7,36,1.9,1726,0,32
5fa1b9d4-2c77-5bc2-9420-13fcda09469b,F1320020000a,1110,"양파, 적색, 생것","양파,적색,생것",양파,양파,채소류,생것,농진청('21),10.4,INGREDIENT,1,0,,10,MEASURED,[],[],29,6.82,0.85,0.09,1.2,1,17,0.19,146,0,4.18
1d89be57-d4a7-59c7-ab04-f78f1ca35fe0,F1320030000a,1111,"양파, 레드프라임, 생것","양파,레드프라임,생것",양파,양파,채소류,생것,농진청('16),10.4,INGREDIENT,1,0,,10,MEASURED,[],[],37,8.66,0.86,0.11,1.5,2,9,0.18,142,0,3.39
4d3ad6e5-18f7-5955-a6d4-34b0d29fb24c,F1320040000a,1112,"양파, 썬파워, 생것","양파,썬파워,생것",양파,양파,채소류,생것,농진청('16),10.4,INGREDIENT,1,0,,10,MEASURED,[],[],32,7.29,0.88,0.18,1,2,12,0.08,134,0,3.51
a96d1c8e-bda1-5dd8-a304-7a1b8432f564,F1320050000a,1113,"양파, 샬롯, 생것","양파,샬롯,생것",양파,양파,채소류,생것,농진청('16),10.4,INGREDIENT,1,0,,10,PARTIAL,[],[],80,14.84,2.28,2.54,,0,6,0.48,333,0,3.76
2c02fca4-aecd-5fc3-b41c-2473bb350f6c,F1330000007a,1114,"양파링, 튀김옷, 냉동","양파링,튀김옷,냉동",양파링,양파링,채소류,냉동,USDA('18),10.4,INGREDIENT,1,1,LOWEST_COMPLEXITY_VARIANT,2,MEASURED,[],[],258,30.53,3.15,14.1,1.8,246,46,0.93,190,0,4.6
3518684a-4e1e-5562-9ead-d2e0123dbbdd,F1330000009k,1115,"양파링, 튀긴것(튀김옷)","양파링,튀긴것(튀김옷)",양파링,양파링,채소류,튀긴것(튀김옷),USDA('18),10.4,INGREDIENT,1,0,,2,MEASURED,[],[],411,43.58,3.86,25.23,2.7,776,115,0.78,167,0,1.4
149e1d4d-9be9-549d-8d48-6a0aee08d917,F2180000009a,1116,양파 장아찌,양파 장아찌,양파 장아찌,양파장아찌,채소류,,농진청('16),10.4,INGREDIENT,1,1,EXACT_BASE_NAME,1,MEASURED,[],[],85,20.99,1.59,0.05,2,1442,15,0.47,181,0,0.47
550903dd-207b-53b7-b441-24cef32ad4b2,F1340000000a,1117,"양하, 생것","양하,생것",양하,양하,채소류,생것,농진청('86),10.4,INGREDIENT,1,1,GENERIC_RAW,1,PARTIAL,[],[],13,2.8,0.6,0.1,,1,15,,270,14,3
6b49599d-106f-527f-8f62-950a323928b2,F1350000000a,1118,"어수리, 생것","어수리,생것",어수리,어수리,채소류,생것,농진청('91),10.4,INGREDIENT,1,1,GENERIC_RAW,2,PARTIAL,[],[],31,5,4.4,0.3,,,7,6.1,,5,
043356c5-f6b2-51f1-962f-978fc0315a87,F135000B140a,1119,"어수리, 잎, 생것","어수리,잎,생것",어수리,어수리,채소류,생것,농진청('09),10.4,INGREDIENT,1,0,,2,PARTIAL,[],[],45,10.4,2.4,0.3,,16,299,7.8,872,16,253
df9c1e89-af7f-52fe-be2c-ed375004dfbe,F138000B140a,1120,"음나무(엄나무), 잎, 생것","음나무(엄나무),잎,생것",음나무(엄나무),음나무엄나무,채소류,생것,농진청('15),10.4,INGREDIENT,1,1,NUTRITION_MEDOID_RAW,2,MEASURED,[],[],41,5.2,6.94,0.67,4,1,47,0.9,435,169,21.69
ccc6f46e-d174-56de-adfe-8d5fa9e46e8e,F138000B149c,1121,"음나무(엄나무), 잎, 데친것","음나무(엄나무),잎,데친것",음나무(엄나무),음나무엄나무,채소류,데친것,농진청('15),10.4,INGREDIENT,1,0,,2,MEASURED,[],[],37,3.86,7.05,0.75,3.5,3,49,0.71,347,151,10.61
ae579f81-e199-5c93-ab2c-c2235cd6323f,F1390000001a,1122,"엉겅퀴, 말린것","엉겅퀴,말린것",엉겅퀴,엉겅퀴,채소류,말린것,농진청('95),10.4,INGREDIENT,1,1,LOWEST_COMPLEXITY_VARIANT,2,PARTIAL,[],[],267,55.6,22.4,1.6,,7,435,10.8,1120,19,8
2ed0fdec-3f3d-5c61-acd0-4f6811a32092,F1390000003a,1123,"엉겅퀴, 삶아서 말린것","엉겅퀴,삶아서 말린것",엉겅퀴,엉겅퀴,채소류,,농진청('95),10.4,INGREDIENT,1,0,,2,PARTIAL,[],[],279,54.2,27.4,2.2,,7,156,10.9,681,17,6
8c0c1e1c-8373-5cfc-808e-e956fc936ed1,F1400000000a,1124,"여주(고야), 생것","여주(고야),생것",여주(고야),여주고야,채소류,생것,농진청('16),10.4,INGREDIENT,1,1,GENERIC_RAW,1,MEASURED,[],[],22,4.48,1.28,0.36,3.7,0,15,0.15,253,13,73.01
2c111f60-8771-5369-a5d1-3f48c58f50f9,F1410000000a,1125,"연근, 생것","연근,생것",연근,연근,채소류,생것,농진청('15),10.4,INGREDIENT,1,1,GENERIC_RAW,2,MEASURED,[],[],75,17.28,1.63,0.07,3.3,21,28,0.8,478,0,28.35
02e41016-e229-58d3-a676-35461af6e322,F1410000009c,1126,"연근, 데친것","연근,데친것",연근,연근,채소류,데친것,농진청('15),10.4,INGREDIENT,1,0,,2,MEASURED,[],[],62,14.41,1.07,0.08,2.8,6,20,0.29,172,0,17.32
3a8f595a-0a42-5084-8a5f-b8b23a3cfff0,F1420000009a,1127,연근 조림,연근 조림,연근 조림,연근조림,채소류,,식약('11),10.4,INGREDIENT,1,1,EXACT_BASE_NAME,1,MEASURED,[],[],261,60.2,2.1,1.3,4.3,668,23,5.4,100,1,0
7fad45ab-2e50-581e-be3b-9bb820727cd9,F1430000000a,1128,"열대비름(아마란스), 잎, 생것","열대비름(아마란스),잎,생것",열대비름(아마란스),열대비름아마란스,채소류,생것,농진청('86),10.4,INGREDIENT,1,0,,2,PARTIAL,[],[],45,6.5,5.8,0.9,,,172,2.3,,155,23
12433cd7-9288-55d9-96ee-14a3c3e2f1ca,F1430002660a,1129,"열대비름(아마란스), 어린잎, 생것","열대비름(아마란스),어린잎,생것",열대비름(아마란스),열대비름아마란스,채소류,생것,농진청('20),10.4,INGREDIENT,1,1,NUTRITION_MEDOID_RAW,2,MEASURED,[],[],21,3.11,2.99,0.35,1,18,300,7,595,390,1.48
c0f5c199-3690-5ae4-8400-90275a5a47de,F1440000000a,1130,"열무, 생것","열무,생것",열무,열무,채소류,생것,농진청('21),10.4,INGREDIENT,1,1,GENERIC_RAW,2,MEASURED,[],[],14,2.18,1.86,0.22,1.8,73,127,1.13,329,225,27.16
54ee7776-1d26-5e4b-9082-321de1d5b04f,F1440000009c,1131,"열무, 데친것","열무,데친것",열무,열무,채소류,데친것,농진청('21),10.4,INGREDIENT,1,0,,2,MEASURED,[],[],17,2.62,2.12,0.24,1.9,55,107,0.63,186,195,16.32
4b5122ed-056e-5d6e-a4fd-7ca9c091b523,F145000B100a,1132,"염교(락교), 뿌리줄기, 생것","염교(락교),뿌리줄기,생것",염교(락교),염교락교,채소류,생것,JAPAN('20),10.4,INGREDIENT,1,0,,2,QUALIFIED,[],"[""vitamin_a_mcg_rae""]",83,29.3,1.4,0.2,20.7,2,14,0.5,230,0,23
92d2e0aa-31fe-5d13-8601-edf3e8cfbb38,F146000000Ja,1133,염교(락교),염교(락교),염교(락교),염교락교,채소류,,농진청('18),10.4,INGREDIENT,1,1,EXACT_BASE_NAME,2,MEASURED,[],[],93,21.79,0.52,1,2.6,840,21,2.83,20,0,0
5dcde9f0-142b-505c-80f1-d3f474247ae4,F1470000000a,1134,"영아자, 생것","영아자,생것",영아자,영아자,채소류,생것,농진청('96),10.4,INGREDIENT,1,1,GENERIC_RAW,3,PARTIAL,[],[],34,7.7,2.5,0.1,,14,57,3.1,,105,109
3a315e9c-4ed1-5c08-871e-bee73ccb5199,F1470000009c,1135,"영아자, 데친것","영아자,데친것",영아자,영아자,채소류,데친것,농진청('96),10.4,INGREDIENT,1,0,,3,PARTIAL,[],[],36,7.8,2.5,0.2,,6,52,1.6,397,79,91
37a00926-9197-56ab-8c06-77a7f21a31d1,F1470000001a,1136,"영아자, 말린것","영아자,말린것",영아자,영아자,채소류,말린것,농진청('95),10.4,INGREDIENT,1,0,,3,PARTIAL,[],[],278,54.4,23.8,3.1,,15,790,10.6,1876,53,36
47badbeb-6525-5d92-a5d9-7c663ddf9264,F1480020000a,1137,"오이, 겨울살이청장, 생것","오이,겨울살이청장,생것",오이,오이,채소류,생것,농진청('06),10.4,INGREDIENT,1,0,,4,PARTIAL,[],[],13,3.1,0.8,0,,3,18,0.5,195,1,0
bdea9b19-c1af-5db3-8ce2-c5ea7be1288a,F1480030000a,1138,"오이, 늙은오이, 생것","오이,늙은오이,생것",오이,오이,채소류,생것,농진청('15),10.4,INGREDIENT,1,0,,4,MEASURED,[],[],9,1.71,1.19,0.03,1.5,5,17,0.17,200,0,0.82
e0d4ac28-763d-5b26-a942-e3cfb6dd744e,F1480010000a,1139,"오이, 다다기, 생것","오이,다다기,생것",오이,오이,채소류,생것,농진청('19),10.4,INGREDIENT,1,1,NUTRITION_MEDOID_RAW,4,MEASURED,[],[],13,2.79,1.06,0.05,0.6,3,18,0.2,196,5,11.25
8b7a83bf-a210-5c1d-b1b8-da62038c42a0,F1480050000a,1140,"오이, 취청, 생것","오이,취청,생것",오이,오이,채소류,생것,농진청('19),10.4,INGREDIENT,1,0,,4,MEASURED,[],[],12,2.55,0.95,0.04,0.8,2,34,0.18,161,15,3.39
09368243-ad48-5890-8096-8df378611451,F149000000Ja,1141,오이 피클,오이 피클,오이 피클,오이피클,채소류,,농진청('15),10.4,INGREDIENT,1,1,EXACT_BASE_NAME,1,MEASURED,[],[],91,25.07,0.38,0.12,2.1,1040,51,0.25,36,12,0
3211d398-a23a-5c0c-a613-82f4429511e7,F150000000Ia,1142,"오이지, 염절임","오이지,염절임",오이지,오이지,채소류,,농진청('19),10.4,INGREDIENT,1,1,LOWEST_COMPLEXITY_VARIANT,1,MEASURED,[],[],11,2.35,0.55,0.1,1.3,1647,42,0.39,55,1,0
ab0c8f3e-94bb-58d8-a938-78ec5bddc4b7,F1510000000a,1143,"오크라, 생것","오크라,생것",오크라,오크라,채소류,생것,JAPAN('20),10.4,INGREDIENT,1,1,GENERIC_RAW,2,MEASURED,[],[],26,6.6,2.1,0.2,5,4,92,0.5,260,56,11
0bda5661-0540-579c-b577-024a08d2b4f7,F1510000009c,1144,"오크라, 데친것","오크라,데친것",오크라,오크라,채소류,데친것,JAPAN('20),10.4,INGREDIENT,1,0,,2,MEASURED,[],[],29,7.6,2.1,0.1,5.2,4,90,0.5,280,60,7
61d1f7a1-c4dc-56b2-8d04-9c05895bb6bb,F210000B110a,1145,"옥수수, 순, 생것","옥수수,순,생것",옥수수,옥수수,채소류,생것,농진청('84),10.4,INGREDIENT,1,0,,43,PARTIAL,[],[],40,8.2,1.7,0.3,,,10,0.4,,0,22
997d7def-c6f5-5e3e-adae-248607e8e78a,F1540000000a,1146,"우엉, 생것","우엉,생것",우엉,우엉,채소류,생것,농진청('15),10.4,INGREDIENT,1,1,GENERIC_RAW,3,MEASURED,[],[],69,15.29,2.61,0.06,4.6,6,46,0.8,406,0,0.61
ff4bb907-4aa3-5f7c-b17b-fface32c4ee4,F1540000009c,1147,"우엉, 데친것","우엉,데친것",우엉,우엉,채소류,데친것,농진청('15),10.4,INGREDIENT,1,0,,3,MEASURED,[],[],52,11.34,1.88,0.09,5.4,5,41,0.68,212,0,1.01
4849c9ee-d62b-5e6e-8bb4-a01c7e00fe1a,F2140000009r,1148,"우엉, 장조림","우엉,장조림",우엉,우엉,채소류,,농진청('16),10.4,INGREDIENT,1,0,,3,MEASURED,[],[],149,34.37,2.1,0.3,4.8,1092,40,0.91,95,0,0.11
e76278fd-534c-5a41-ab96-28d4872ccf71,F228000B100a,1149,"울금, 생것","울금,생것",울금,울금,채소류,생것,농진청('17),10.4,INGREDIENT,1,1,GENERIC_RAW,2,MEASURED,[],[],87,15.77,1.8,2.56,3.1,11,16,0.6,599,0,2.41
1cb53fe7-3539-5786-a345-fc441c5c5bcc,F155000000Ia,1150,울외장아찌,울외장아찌,울외장아찌,울외장아찌,채소류,,농진청('96),10.4,INGREDIENT,1,1,EXACT_BASE_NAME,1,PARTIAL,[],[],67,13.1,5.1,0.3,,3487,12,0.8,8075,0,0
369e3800-b111-5e6f-a4f7-899251f8c5fa,F1560000000a,1151,"원추리, 생것","원추리,생것",원추리,원추리,채소류,생것,농진청('15),10.4,INGREDIENT,1,1,GENERIC_RAW,2,MEASURED,[],[],35,6.48,3.55,0.36,2.2,1,22,3.51,390,125,12.05
558f64b3-09c4-5ef4-aa76-9319f0ea5b49,F1560000009c,1152,"원추리, 데친것","원추리,데친것",원추리,원추리,채소류,데친것,농진청('15),10.4,INGREDIENT,1,0,,2,MEASURED,[],[],28,5.09,3.22,0.29,2.3,1,17,0.97,329,86,14.83
957cb7b3-8c8a-5ea9-b872-1e3be371b7a6,F157000B120a,1153,"유채, 싹, 생것","유채,싹,생것",유채,유채,채소류,생것,농진청('11),10.4,INGREDIENT,1,0,,7,MEASURED,[],[],78,6.8,3.4,4.6,6.4,5,36,1.2,141,35,10
593062c2-e682-596f-a294-161caffdc329,F157000B140a,1154,"유채, 잎, 생것","유채,잎,생것",유채,유채,채소류,생것,농진청('15),10.4,INGREDIENT,1,0,,7,MEASURED,[],[],30,4.98,3.89,0.31,3.3,12,185,1.4,441,234,52.84
a817ccc9-4e72-52ef-93a7-3a820b694b0f,F157000B149c,1155,"유채, 잎, 데친것","유채,잎,데친것",유채,유채,채소류,데친것,농진청('15),10.4,INGREDIENT,1,0,,7,MEASURED,[],[],29,4.15,4.36,0.38,3.6,12,157,0.97,279,221,62.02
97b8fc03-6136-5f05-b36a-dc6e603af3df,F1570010000a,1156,"유채, 동채, 생것","유채,동채,생것",유채,유채,채소류,생것,농진청('15),10.4,INGREDIENT,1,1,NUTRITION_MEDOID_RAW,7,MEASURED,[],[],29,4.6,4.13,0.32,3.4,11,174,1.45,428,237,61.38
d08db41b-89cb-55a7-93fe-348c0f544f31,F1570010009c,1157,"유채, 동채, 데친것","유채,동채,데친것",유채,유채,채소류,데친것,농진청('15),10.4,INGREDIENT,1,0,,7,MEASURED,[],[],31,4.6,4.45,0.4,3.8,15,165,0.94,272,238,65.6
a98d6151-d2b9-51d1-a6cb-7c9a33120d84,F157004B150a,1158,"유채, 잎줄기, 생것","유채,잎줄기,생것",유채,유채,채소류,생것,JAPAN('20),10.4,INGREDIENT,1,0,,7,MEASURED,[],[],36,6,4.1,0.4,3.7,12,97,0.9,410,217,110
c187b2e5-d558-5808-a784-6bbbcc45a462,F157004B159c,1159,"유채, 잎줄기, 데친것","유채,잎줄기,데친것",유채,유채,채소류,데친것,JAPAN('20),10.4,INGREDIENT,1,0,,7,MEASURED,[],[],30,5.3,3.6,0.4,4.1,10,95,0.7,210,225,55
f8833c00-750f-5274-a98f-c148c021263a,F158000B140a,1160,"잇꽃(홍화), 잎, 생것","잇꽃(홍화),잎,생것",잇꽃(홍화),잇꽃홍화,채소류,생것,농진청('06),10.4,INGREDIENT,1,1,NUTRITION_MEDOID_RAW,1,PARTIAL,[],[],45,9,3.9,0.4,,5,244,1.4,566,28,62
aea34398-e637-5724-8bb1-151416d7b677,F1600000000a,1161,"자운영, 생것","자운영,생것",자운영,자운영,채소류,생것,농진청('91),10.4,INGREDIENT,1,1,GENERIC_RAW,1,PARTIAL,[],[],40,6.6,4.6,0.6,,,3,6.1,,28,2
ed3b1d39-6f6e-56a8-98c0-f687dada9e98,F161000B090a,1162,"잔대, 뿌리, 생것","잔대,뿌리,생것",잔대,잔대,채소류,생것,농진청('11),10.4,INGREDIENT,1,1,NUTRITION_MEDOID_RAW,2,MEASURED,[],[],79,18.6,2.1,0.2,7.3,8,50,3.4,208,0,2
0ac0db5d-ac8e-55ac-87d5-8be0c3a8d9df,F161000B110a,1163,"잔대, 순, 생것","잔대,순,생것",잔대,잔대,채소류,생것,농진청('11),10.4,INGREDIENT,1,0,,2,MEASURED,[],[],55,9.9,3.4,0.9,6.1,1,82,1.1,525,1631,18
65e5be89-3d51-5932-9a84-d86f51546fbe,F2370002660a,1164,"적양무, 어린잎, 생것","적양무,어린잎,생것",적양무,적양무,채소류,생것,농진청('20),10.4,INGREDIENT,1,1,NUTRITION_MEDOID_RAW,1,MEASURED,[],[],19,2.54,2.54,0.42,0.8,70,166,10.95,508,213,34.98
9e0616f7-a9a7-5210-be74-be427a6bb2cf,F1630000000a,1165,"전호, 생것","전호,생것",전호,전호,채소류,생것,농진청('99),10.4,INGREDIENT,1,1,GENERIC_RAW,1,PARTIAL,[],[],23,4.2,3.1,0.1,,62,161,5.3,849,246,73
0dea5561-1453-5646-8f10-b31df7025704,F1640000000a,1166,"제비쑥, 생것","제비쑥,생것",제비쑥,제비쑥,채소류,생것,국('85),10.4,INGREDIENT,1,1,GENERIC_RAW,1,PARTIAL,[],[],35,5,4.5,0.7,,,88,7.9,,591,48
3b383712-100f-579d-bfd1-040a764a4158,F1650000000a,1167,"조뱅이, 생것","조뱅이,생것",조뱅이,조뱅이,채소류,생것,농진청('85),10.4,INGREDIENT,1,1,GENERIC_RAW,1,PARTIAL,[],[],47,10.1,4,0.2,,,7,0.3,,197,5
2a6b482d-337b-593a-885d-974695bf8058,F1680000001a,1168,"줄나물, 말린것","줄나물,말린것",줄나물,줄나물,채소류,말린것,농진청('86),10.4,INGREDIENT,1,1,LOWEST_COMPLEXITY_VARIANT,1,PARTIAL,[],[],236,41.9,29.7,1.7,,,31,4.8,,3,0
69f7c5ce-f8aa-5b1f-be73-f0c35f29b031,F1690000000a,1169,"진달래꽃, 생것","진달래꽃,생것",진달래꽃,진달래꽃,채소류,생것,농진청('97),10.4,INGREDIENT,1,1,GENERIC_RAW,1,PARTIAL,[],[],26,6.3,1,0.1,,17,22,1.6,86,40,6
f0cf1276-3c80-57d0-afb7-2a77580282a9,F1700000000a,1170,"질경이, 생것","질경이,생것",질경이,질경이,채소류,생것,농진청('97),10.4,INGREDIENT,1,1,GENERIC_RAW,2,PARTIAL,[],[],48,10.8,3,0.2,,16,119,1.5,383,169,7
2af94c15-c550-50a1-a089-8de5ff46f129,F1700000009c,1171,"질경이, 데친것","질경이,데친것",질경이,질경이,채소류,데친것,농진청('97),10.4,INGREDIENT,1,0,,2,PARTIAL,[],[],45,10.7,2.4,0.1,,14,95,1.6,116,139,2
a07072be-b92c-5ab0-9748-207541aeeb31,F1710010000a,1172,"참나물, 야생, 생것","참나물,야생,생것",참나물,참나물,채소류,생것,농진청('98),10.4,INGREDIENT,1,0,,5,PARTIAL,[],[],39,7.6,3.5,0.4,,4,102,2,955,482,15
c152af1c-814f-5622-91d7-162ccbca8565,F1710010001a,1173,"참나물, 야생, 말린것","참나물,야생,말린것",참나물,참나물,채소류,말린것,농진청('91),10.4,INGREDIENT,1,0,,5,PARTIAL,[],[],309,74.3,5.9,3.5,,,54,2.2,,6,4
e7c935bf-6df3-517e-95fd-0d49fe5acd1d,F1710020000a,1174,"참나물, 재배, 생것","참나물,재배,생것",참나물,참나물,채소류,생것,농진청('14),10.4,INGREDIENT,1,1,NUTRITION_MEDOID_RAW,5,MEASURED,[],[],20,4.09,1.58,0.19,2.6,18,57,1.38,582,136,3.81
d9e42fa2-d376-52fc-bc42-9c6d2f0de169,F1710020009c,1175,"참나물, 재배, 데친것","참나물,재배,데친것",참나물,참나물,채소류,데친것,농진청('14),10.4,INGREDIENT,1,0,,5,MEASURED,[],[],22,4.54,1.39,0.23,2.7,16,68,0.55,412,118,8.95
9dec4c96-6418-5378-a466-a76876187719,F1710020001a,1176,"참나물, 재배, 말린것","참나물,재배,말린것",참나물,참나물,채소류,말린것,농진청('91),10.4,INGREDIENT,1,0,,5,PARTIAL,[],[],308,71.6,8.5,3.8,,,36,3.6,,46,4
5f5aee9c-48fc-5901-9686-cfba71de601d,F1720000001a,1177,"참반디, 말린것","참반디,말린것",참반디,참반디,채소류,말린것,농진청('95),10.4,INGREDIENT,1,1,LOWEST_COMPLEXITY_VARIANT,1,PARTIAL,[],[],288,65.7,12.6,2.7,,6,934,10.9,1487,8,23
1c89b57a-4e7f-50e5-a50d-31ed3885c894,F173000B140a,1178,"참빗살나무, 잎, 생것","참빗살나무,잎,생것",참빗살나무,참빗살나무,채소류,생것,농진청('10),10.4,INGREDIENT,1,1,NUTRITION_MEDOID_RAW,1,PARTIAL,[],[],61,10.3,7.4,0.7,,2,154,4.4,730,53,45
aa834928-7456-5497-a23b-ef6e6b505610,F1740000000a,1179,"참죽나물, 순, 생것","참죽나물,순,생것",참죽나물,참죽나물,채소류,생것,농진청('23),10.4,INGREDIENT,1,0,,4,MEASURED,[],[],47,7.52,6.31,0.58,4.9,3,102,2.02,489,170,44.64
ec09f0d2-d694-57a0-9446-69eb34eda701,F1740000009c,1180,"참죽나물, 순, 데친것","참죽나물,순,데친것",참죽나물,참죽나물,채소류,데친것,농진청('23),10.4,INGREDIENT,1,0,,4,MEASURED,[],[],43,6.93,5.32,0.62,5.2,2,92,1.36,336,150,41.83
7e610bce-cba6-5cb3-9318-c2772fc0e82a,F1740000003a,1182,"참죽나물, 순, 삶아서 말린것","참죽나물,순,삶아서 말린것",참죽나물,참죽나물,채소류,,농진청('16),10.4,INGREDIENT,1,0,,4,MEASURED,[],[],269,44.58,34.44,3.13,34.2,11,613,9.11,2054,934,138.84
35970f12-6255-524f-8beb-1824877fff16,F1740000003b,1183,"참죽나물, 순, 삶아서 말린것, 삶은것","참죽나물,순,삶아서 말린것,삶은것",참죽나물,참죽나물,채소류,삶은것,농진청('16),10.4,INGREDIENT,1,0,,4,MEASURED,[],[],52,7.94,7.28,0.74,5.3,4,128,1.7,201,178,26.36
f3dc6865-246e-5764-b92a-3163051e47c0,F1750000000a,1184,"청경채, 생것","청경채,생것",청경채,청경채,채소류,생것,농진청('14),10.4,INGREDIENT,1,1,GENERIC_RAW,3,MEASURED,[],[],10,1.64,1.41,0.09,1.2,17,87,0.38,366,63,18.51
ba487556-bc26-590b-ac69-7ea644ad14e2,F1750000009c,1185,"청경채, 데친것","청경채,데친것",청경채,청경채,채소류,데친것,농진청('14),10.4,INGREDIENT,1,0,,3,MEASURED,[],[],11,1.81,1.6,0.13,1.3,15,82,0.37,316,70,18.51
d8c3d357-fb56-5335-b793-ccb6d8475ca5,F1750002660a,1186,"청경채, 어린잎, 생것","청경채,어린잎,생것",청경채,청경채,채소류,생것,농진청('20),10.4,INGREDIENT,1,0,,3,MEASURED,[],[],16,1.86,2.59,0.32,0.3,45,161,2.56,436,235,35.14
61c2f7f7-4fe7-5921-917d-0b4ee0df909d,F226000B090a,1187,"초석잠, 뿌리, 생것","초석잠,뿌리,생것",초석잠,초석잠,채소류,생것,농진청('15),10.4,INGREDIENT,1,1,NUTRITION_MEDOID_RAW,1,MEASURED,[],[],76,17,2.3,0.56,2.7,1,14,0.89,478,0,5.2
6b84753a-0ccf-55eb-8fab-a61bff371ffa,F1760000000a,1188,"총각무, 전체, 생것","총각무,전체,생것",총각무,총각무,채소류,생것,농진청('14),10.4,INGREDIENT,1,1,GENERIC_RAW_VARIANT,3,MEASURED,[],[],23,5.14,1.38,0.11,2.7,29,82,0.88,261,41,15.56
8ee52417-7118-556c-a32c-f27259deef74,F176000B090a,1189,"총각무, 뿌리, 생것","총각무,뿌리,생것",총각무,총각무,채소류,생것,농진청('21),10.4,INGREDIENT,1,0,,3,MEASURED,[],[],25,5.51,1.06,0.06,1.6,27,34,0.34,234,0,14.21
3e29b16d-5dcd-5397-8a6b-d4d99db64a8b,F176000B140a,1190,"총각무, 잎, 생것","총각무,잎,생것",총각무,총각무,채소류,생것,농진청('21),10.4,INGREDIENT,1,0,,3,MEASURED,[],[],23,4.25,1.97,0.31,3,48,215,1.36,273,240,33.87
9104473c-276a-54f2-8a74-8c32cf483677,F1770010000a,1191,"취나물, 개미취, 생것","취나물,개미취,생것",취나물,취나물,채소류,생것,농진청('10),10.4,INGREDIENT,1,0,,14,PARTIAL,[],[],53,11.3,4.2,0.3,,38,83,2.4,661,124,9
a8c6c43b-c54b-5d19-8c05-ff06035185d5,F0230000000a,1192,"취나물, 곰취, 생것","취나물,곰취,생것",취나물,취나물,채소류,생것,농진청('23),10.4,INGREDIENT,1,0,,14,MEASURED,[],[],32,5.87,2.64,0.53,4.1,2,160,1.22,470,258,11.42
988b0a52-88f9-57b5-8bfb-46d5ee47c49d,F0230000009c,1193,"취나물, 곰취, 데친것","취나물,곰취,데친것",취나물,취나물,채소류,데친것,농진청('23),10.4,INGREDIENT,1,0,,14,MEASURED,[],[],32,5.85,2.76,0.58,3.7,1,144,0.89,375,188,11.83
6a443222-9b35-5db3-9254-c0f3822fab04,F0230010001a,1194,"취나물, 곰취, 야생, 말린것","취나물,곰취,야생,말린것",취나물,취나물,채소류,말린것,농진청('91),10.4,INGREDIENT,1,0,,14,PARTIAL,[],[],307,71.1,5.1,4.9,,,45,2.1,,42,5
5a648596-13e9-5644-aa14-7cf186d7f582,F0230020001a,1195,"취나물, 곰취, 재배, 말린것","취나물,곰취,재배,말린것",취나물,취나물,채소류,말린것,농진청('91),10.4,INGREDIENT,1,0,,14,PARTIAL,[],[],306,69.2,8,4.7,,,42,1.5,,46,7
61075f6a-30c4-5ca1-8e71-40c50abd9140,F1770020000a,1196,"취나물, 미역취, 생것","취나물,미역취,생것",취나물,취나물,채소류,생것,농진청('10),10.4,INGREDIENT,1,0,,14,PARTIAL,[],[],48,9.6,3.7,0.6,,20,93,3,669,58,32
49de1d1c-e3d3-50f6-9140-bc34b10a68ee,F1770030000a,1197,"취나물, 참취, 생것","취나물,참취,생것",취나물,취나물,채소류,생것,농진청('15),10.4,INGREDIENT,1,1,NUTRITION_MEDOID_RAW,14,MEASURED,[],[],51,11.66,2.61,0.38,4.8,5,134,5.99,556,192,12.86
262d7bd2-585c-5256-9432-168f9e157741,F1770030009c,1198,"취나물, 참취, 데친것","취나물,참취,데친것",취나물,취나물,채소류,데친것,농진청('15),10.4,INGREDIENT,1,0,,14,MEASURED,[],[],49,10.54,2.77,0.5,4.5,8,124,2.66,449,174,12
96f8b8de-4d01-57c5-97cd-cb47ecbb2dcf,F1770030001a,1199,"취나물, 참취, 말린것","취나물,참취,말린것",취나물,취나물,채소류,말린것,농진청('91),10.4,INGREDIENT,1,0,,14,PARTIAL,[],[],265,53.6,22.2,2.3,,,231,8.8,,16,6
0077a5e9-75fb-592a-8211-0c670d69b469,F1770030001b,1200,"취나물, 참취, 말린것, 삶은것","취나물,참취,말린것,삶은것",취나물,취나물,채소류,삶은것,농진청('11),10.4,INGREDIENT,1,0,,14,MEASURED,[],[],55,12.3,3,0.5,11.3,15,76,4.5,151,554,0
88f8a480-4ea3-527e-ae32-79d98c92bc11,F1770030003a,1201,"취나물, 참취, 삶아서 말린것","취나물,참취,삶아서 말린것",취나물,취나물,채소류,,농진청('15),10.4,INGREDIENT,1,0,,14,MEASURED,[],[],299,56.82,26.85,3.67,38.5,70,745,18.86,2441,1735,0
98d05d3c-ad7f-5d68-b43b-d75a207399cd,F1770030003c,1202,"취나물, 참취, 삶아서 말린것, 데친것","취나물,참취,삶아서 말린것,데친것",취나물,취나물,채소류,데친것,농진청('15),10.4,INGREDIENT,1,0,,14,MEASURED,[],[],49,8.22,4.9,0.97,7.1,5,161,2.45,86,264,0
b402a25f-3b13-554d-b812-7ad62a9bd41e,F178000B090a,1203,"치커리, 뿌리, 생것","치커리,뿌리,생것",치커리,치커리,채소류,생것,USDA('18),10.4,INGREDIENT,1,1,NUTRITION_MEDOID_RAW,5,MEASURED,[],[],72,17.51,1.4,0.2,1.5,50,41,0.8,290,0,5
dd8fee45-ac4e-518a-9039-b1c9a4a90290,F178000B140a,1204,"치커리, 잎, 생것","치커리,잎,생것",치커리,치커리,채소류,생것,농진청('23),10.4,INGREDIENT,1,0,,5,MEASURED,[],[],19,3.32,1.85,0.33,2.3,58,86,1.02,457,179,7.58
0ffef73b-0c4f-547f-ab53-bf9fda393ab6,F178001B140a,1205,"치커리, 잎, 적색, 생것","치커리,잎,적색,생것",치커리,치커리,채소류,생것,농진청('22),10.4,INGREDIENT,1,0,,5,MEASURED,[],[],20,3.45,2.08,0.37,1.5,47,94,0.34,558,186,5.13
7fc7e3da-02c5-5868-bf77-feee611944ec,F1780020000a,1206,"치커리, 치콘, 생것","치커리,치콘,생것",치커리,치커리,채소류,생것,농진청('22),10.4,INGREDIENT,1,0,,5,MEASURED,[],[],15,3.19,1.16,0.15,2,9,14,0.55,220,1,2.15
732428da-e8a5-5b22-9631-5f1674aedcbf,F1800000000a,1207,"케일, 생것","케일,생것",케일,케일,채소류,생것,농진청('21),10.4,INGREDIENT,1,1,GENERIC_RAW,2,MEASURED,[],[],28,4.69,3.35,0.42,3.3,47,371,0.77,627,287,88.71
23b869b4-a702-5fd9-895d-56436e8a2493,F1810000000a,1212,"콜라비, 생것","콜라비,생것",콜라비,콜라비,채소류,생것,농진청('13),10.4,INGREDIENT,1,1,GENERIC_RAW,2,PARTIAL,[],[],22,5.16,1.16,0.05,2.4000000000000004,7,42,0.27,312,1,
a9e1c874-2842-5b9b-8dbb-3f3261f5f71b,F1810000009c,1213,"콜라비, 데친것","콜라비,데친것",콜라비,콜라비,채소류,데친것,JAPAN('20),10.4,INGREDIENT,1,0,,2,MEASURED,"[""fat_g""]",[],20,5.2,1,0,2.3,7,27,0.2,210,1,37
ee1f7722-3ff3-537c-b703-d66a7ed749a5,F1820000000a,1214,"콩나물, 생것","콩나물,생것",콩나물,콩나물,채소류,생것,농진청('23),10.4,INGREDIENT,1,1,GENERIC_RAW,3,MEASURED,[],[],43,3.44,4.66,1.19,2.2,3,41,0.63,218,3,1.63
435ecdef-6879-5d02-b845-8be45612a7f1,F1820000009b,1215,"콩나물, 삶은것","콩나물,삶은것",콩나물,콩나물,채소류,삶은것,농진청('23),10.4,INGREDIENT,1,0,,3,MEASURED,[],[],42,3.18,4.32,1.36,2.1,3,42,0.53,122,2,0.53
a4a2027d-524d-575e-b102-48d14602e802,F1820000005a,1217,"콩나물, 가루","콩나물,가루",콩나물,콩나물,채소류,,농진청('05),10.4,INGREDIENT,1,0,,3,PARTIAL,[],[],409,31.7,45.4,11.6,,41,354,9.8,1838,0,0
a2ba18a2-f663-5629-9a70-78e34d7362f7,F183000B140a,1219,"콩잎, 잎, 생것","콩잎,잎,생것",콩잎,콩잎,채소류,생것,농진청('89),10.4,INGREDIENT,1,1,NUTRITION_MEDOID_RAW,1,PARTIAL,[],[],94,21,6.6,0.3,,,33,1.6,,3,16
af750854-872d-5d5f-81db-5ea979652125,F185000B160a,1220,"토란대, 줄기, 생것","토란대,줄기,생것",토란대,토란대,채소류,생것,농진청('16),10.4,INGREDIENT,1,1,NUTRITION_MEDOID_RAW,4,MEASURED,[],[],16,4.25,0.28,0.05,1.3,1,65,0.35,430,10,4.12
dcaf4bce-d01e-5ea1-983c-f406d42308cc,F185000B169c,1221,"토란대, 줄기, 데친것","토란대,줄기,데친것",토란대,토란대,채소류,데친것,농진청('96),10.4,INGREDIENT,1,0,,4,PARTIAL,[],[],20,5.3,0.4,,,1,91,0.1,125,5,0
e4aa8708-9a0d-5597-ae37-81c77dd31482,F185000B161a,1222,"토란대, 줄기, 말린것","토란대,줄기,말린것",토란대,토란대,채소류,말린것,농진청('96),10.4,INGREDIENT,1,0,,4,PARTIAL,[],[],261,65.5,7.4,1.1,,11,1050,8.1,3676,2,0
60ff4889-6ac9-5162-ab68-90c830d1b5e2,F185000B161b,1223,"토란대, 줄기, 말린것, 데친것","토란대,줄기,말린것,데친것",토란대,토란대,채소류,데친것,농진청('96),10.4,INGREDIENT,1,0,,4,PARTIAL,[],[],20,4.9,0.5,0.1,,2,270,1.3,240,0,0
a1c7807d-8bef-5284-a59c-890e67e6cb2b,F1860000000a,1224,"토마토, 생것","토마토,생것",토마토,토마토,채소류,생것,농진청('21),10.4,INGREDIENT,1,1,GENERIC_RAW,14,MEASURED,[],[],19,4.27,0.77,0.19,1,2,10,0.19,235,27,17.22
9216781c-0253-5593-aa6d-c9c1a239f702,F1860000009c,1225,"토마토, 데친것","토마토,데친것",토마토,토마토,채소류,데친것,농진청('21),10.4,INGREDIENT,1,0,,14,MEASURED,[],[],18,4.14,0.67,0.19,0.9,2,9,0.18,234,25,16.86
1d967f0a-12df-54aa-abce-0214cf88afd1,F1860040000a,1226,"토마토, 대저, 생것","토마토,대저,생것",토마토,토마토,채소류,생것,농진청('21),10.4,INGREDIENT,1,0,,14,MEASURED,[],[],23,5.76,0.69,0.13,1.1,8,8,0.22,282,33,16.64
1f891d7b-5fea-504e-8865-e1de04a376f3,F1860040009c,1227,"토마토, 대저, 데친것","토마토,대저,데친것",토마토,토마토,채소류,데친것,농진청('21),10.4,INGREDIENT,1,0,,14,MEASURED,[],[],26,6.46,0.8,0.14,1.2,9,8,0.26,291,34,17.75
e47395e4-730a-5a5e-b1ac-434ecdf60970,F1860010000a,1228,"토마토, 방울토마토, 생것","토마토,방울토마토,생것",토마토,토마토,채소류,생것,농진청('21),10.4,INGREDIENT,1,0,,14,MEASURED,[],[],25,5.87,1,0.18,1.4,5,10,0.34,259,35,24.58
95fcdcd9-9e88-53f1-a2c5-f02b897e505e,F1860020000a,1229,"토마토, 유기재배, 생것","토마토,유기재배,생것",토마토,토마토,채소류,생것,농진청('07),10.4,INGREDIENT,1,0,,14,PARTIAL,[],[],17,3.9,0.9,0.1,,15,5,0.6,304,0,10
1f06be85-8b93-5a90-8a12-acadc4899ca9,F1860030000a,1230,"토마토, 흑토마토, 생것","토마토,흑토마토,생것",토마토,토마토,채소류,생것,농진청('21),10.4,INGREDIENT,1,0,,14,MEASURED,[],[],22,5.33,0.72,0.15,0.9,3,10,0.24,239,42,20.68
55f1bfaf-1fb9-5e2c-acaa-520ef7cf3b5f,F1860030009c,1231,"토마토, 흑토마토, 데친것","토마토,흑토마토,데친것",토마토,토마토,채소류,데친것,농진청('21),10.4,INGREDIENT,1,0,,14,MEASURED,[],[],21,5.17,0.69,0.14,1,3,10,0.24,242,41,21.15
4037036c-97ca-5405-b683-021a5c9deaea,F1870002299a,1232,토마토 음료,토마토 음료,토마토 음료,토마토음료,채소류,,농진청('15),10.4,INGREDIENT,1,0,,1,MEASURED,[],[],40,10.85,0.4,0.05,1,27,4,0.11,97,12,11.32
0f91245d-994e-53bf-91e4-a99b85fada92,F186000000Ra,1233,"토마토, 통조림","토마토,통조림",토마토,토마토,채소류,통조림,JAPAN('20),10.4,INGREDIENT,1,0,,14,MEASURED,[],[],21,4.4,0.9,0.2,1.3,4,9,0.4,240,48,10
7afcf39c-3ad9-58ce-9945-f4d2cfebef84,F1880000009a,1234,"토마토, 통조림, 페이스트","토마토,통조림,페이스트",토마토,토마토,채소류,,농진청('15),10.4,INGREDIENT,1,0,,14,MEASURED,[],[],98,19.68,4.22,0.24,4.7,113,54,1.43,959,94,11.2
c9c93af6-8f80-5cf9-8d0d-35b620b9523e,F189000000Ra,1235,"토마토, 통조림, 퓌레","토마토,통조림,퓌레",토마토,토마토,채소류,,JAPAN('20),10.4,INGREDIENT,1,0,,14,MEASURED,[],[],44,9.9,1.9,0.1,1.8,19,19,0.8,490,53,10
8da7bd8a-8453-545f-af57-1a925d0e584b,F1900000000a,1236,"토스카노(잎브로콜리), 생것","토스카노(잎브로콜리),생것",토스카노(잎브로콜리),토스카노잎브로콜리,채소류,생것,농진청('22),10.4,INGREDIENT,1,1,GENERIC_RAW,1,MEASURED,[],[],29,4.54,3.03,0.67,2.9,53,333,0.61,382,257,79.57
698bbd5b-b7e4-50d0-b972-50dc8453340d,F1910000000a,1237,"파, 생것","파,생것",파,파,채소류,생것,농진청('07),10.4,INGREDIENT,1,1,GENERIC_RAW,5,PARTIAL,[],[],29,6.7,1.2,0.2,,17,25,1,239,1,11
5094b58e-722c-59b0-96fe-73b496efd2c7,F1910010000a,1238,"파, 골파, 생것","파,골파,생것",파,파,채소류,생것,농진청('10),10.4,INGREDIENT,1,0,,5,PARTIAL,[],[],29,6.5,1.5,0.2,,4,83,0.4,237,1,
ebea40fe-c3f3-5ae7-ad3b-96a324ed19bd,F1910030000a,1240,"파, 쪽파, 생것","파,쪽파,생것",파,파,채소류,생것,농진청('23),10.4,INGREDIENT,1,0,,5,MEASURED,[],[],26,5.8,1.69,0.17,2.4,1,60,1.71,303,98,30.08
8beb376c-30be-52ad-8b30-84d5c0cf1e69,F1910040000a,1241,"파, 대파, 생것","파,대파,생것",파,파,채소류,생것,농진청('16),10.4,INGREDIENT,1,0,,5,MEASURED,[],[],23,4.8,1.78,0.15,1.6,0,24,0.82,181,23,3.55
4a7c8bdc-1107-5411-863c-fd1d505157e4,F1920000000a,1242,"파드득나물(삼엽채), 생것","파드득나물(삼엽채),생것",파드득나물(삼엽채),파드득나물삼엽채,채소류,생것,농진청('99),10.4,INGREDIENT,1,1,GENERIC_RAW,1,PARTIAL,[],[],25,5.5,1.8,0.1,,15,81,4.2,705,122,68
e38cfeea-dd2d-5494-aee6-a98a686b2e38,F1930000000a,1243,"파슬리, 생것","파슬리,생것",파슬리,파슬리,채소류,생것,농진청('21),10.4,INGREDIENT,1,1,GENERIC_RAW,2,MEASURED,[],[],20,3.37,2.36,0.26,2.2,10,149,2.8,638,78,33.35
f806452f-2e42-5e6e-be8e-b5097ab63f13,F194000C010a,1244,"파프리카, 노란색, 생것","파프리카,노란색,생것",파프리카,파프리카,채소류,생것,농진청('21),10.4,INGREDIENT,1,1,NUTRITION_MEDOID_RAW,12,MEASURED,[],[],22,5.24,0.77,0.12,1.5,1,6,0.27,199,13,107.9
8012468a-79a7-56de-a267-0c79992bca38,F194000C010b,1245,"파프리카, 노란색, 데친것","파프리카,노란색,데친것",파프리카,파프리카,채소류,데친것,농진청('21),10.4,INGREDIENT,1,0,,12,MEASURED,[],[],21,5.05,0.75,0.12,1.5,1,6,0.34,193,13,100.84
ab2e737f-f51b-5cdd-8647-6855fbb49d09,F194000C020a,1246,"파프리카, 빨간색, 생것","파프리카,빨간색,생것",파프리카,파프리카,채소류,생것,농진청('21),10.4,INGREDIENT,1,0,,12,MEASURED,[],[],23,5.54,0.86,0.15,1.6,0,6,0.34,228,28,109.43
29f3e55b-81a6-5182-9650-067dc5f239e3,F194000C020b,1247,"파프리카, 빨간색, 데친것","파프리카,빨간색,데친것",파프리카,파프리카,채소류,데친것,농진청('21),10.4,INGREDIENT,1,0,,12,MEASURED,[],[],24,5.85,0.83,0.15,1.7,1,7,0.37,210,26,108.01
4022a14f-d266-56a7-926d-a78911b25d20,F194000C040a,1248,"파프리카, 주황색, 생것","파프리카,주황색,생것",파프리카,파프리카,채소류,생것,농진청('21),10.4,INGREDIENT,1,0,,12,MEASURED,[],[],21,4.94,0.99,0.12,1.5,0,6,0.45,242,25,120.07
e4706e65-d608-52cd-8b0a-d7bd571665d0,F194000C040b,1249,"파프리카, 주황색, 데친것","파프리카,주황색,데친것",파프리카,파프리카,채소류,데친것,농진청('21),10.4,INGREDIENT,1,0,,12,MEASURED,[],[],23,5.51,0.97,0.12,1.6,0,6,0.5,233,27,107.14
ac7d7d53-4b23-5072-ab15-fdf6e6cd9b3d,F194002C010a,1250,"미니파프리카, 노란색, 생것","미니파프리카,노란색,생것",미니파프리카,미니파프리카,채소류,생것,농진청('21),10.4,INGREDIENT,1,1,NUTRITION_MEDOID_RAW,3,MEASURED,[],[],37,8.91,1.3,0.21,1.9,2,9,0.51,242,23,168.02
db0f4203-441e-5a71-b915-6ba8af24a217,F194003C020a,1251,"미니파프리카, 빨간색, 생것","미니파프리카,빨간색,생것",미니파프리카,미니파프리카,채소류,생것,농진청('21),10.4,INGREDIENT,1,0,,3,MEASURED,[],[],37,8.91,1.35,0.24,2,2,10,0.38,256,44,172.41
42dce12a-380f-5f07-9502-f942883234e9,F194004C040a,1252,"미니파프리카, 주황색, 생것","미니파프리카,주황색,생것",미니파프리카,미니파프리카,채소류,생것,농진청('21),10.4,INGREDIENT,1,0,,3,MEASURED,[],[],35,8.32,1.47,0.19,1.9,3,9,0.69,240,40,191.02
d04a274a-d167-5b28-bb0d-86e3632b5505,F196000C020a,1253,"피망, 빨간색, 생것","피망,빨간색,생것",피망,피망,채소류,생것,농진청('13),10.4,INGREDIENT,1,1,NUTRITION_MEDOID_RAW,4,MEASURED,[],[],28,6.94,1.17,0.09,2,1,9,0.35,257,77,60.08
ce0cc4bd-1f89-5cc7-818e-9b2dc5255105,F196000C029c,1254,"피망, 빨간색, 데친것","피망,빨간색,데친것",피망,피망,채소류,데친것,농진청('13),10.4,INGREDIENT,1,0,,4,MEASURED,[],[],33,8.18,1.24,0.11,2.2,1,13,0.46,265,111,92.1
99bd50dc-1a88-54e0-8d2b-92d13e000b6a,F196000C050a,1255,"피망, 초록색, 생것","피망,초록색,생것",피망,피망,채소류,생것,농진청('13),10.4,INGREDIENT,1,0,,4,MEASURED,[],[],22,5.36,0.9,0.04,2.7,1,14,0.5,187,17,21.52
658760f4-0d8b-5791-a324-8a250ecf2aad,F196000C059c,1256,"피망, 초록색, 데친것","피망,초록색,데친것",피망,피망,채소류,데친것,농진청('13),10.4,INGREDIENT,1,0,,4,PARTIAL,[],[],23,5.59,0.92,0.06,2.6,2,14,0.4,203,29,
fa93025a-189d-560e-b94f-0bfa66cc1b44,F233000000Ra,1257,"할라페뇨, 통조림","할라페뇨,통조림",할라페뇨,할라페뇨,채소류,통조림,USDA('18),10.4,INGREDIENT,1,1,LOWEST_COMPLEXITY_VARIANT,1,MEASURED,[],[],27,4.74,0.92,0.94,2.6,1671,23,1.88,193,81,10
ecc6ad33-e5de-5914-8361-c205fd3e6b19,F198000B140a,1260,"호박, 잎, 생것","호박,잎,생것",호박,호박,채소류,생것,농진청('15),10.4,INGREDIENT,1,0,,22,MEASURED,[],[],45,8.43,4.83,0.38,5,0,285,2.49,627,421,9.51
d901ed9a-f633-5f6d-9f29-c211a6fdc01e,F198000B149c,1261,"호박, 잎, 데친것","호박,잎,데친것",호박,호박,채소류,데친것,농진청('15),10.4,INGREDIENT,1,0,,22,MEASURED,[],[],32,6.14,3.09,0.34,3.3,2,201,1.32,339,303,0
6680b1ad-faf6-596c-8f4c-b335891e6d39,F198000B149e,1262,"호박, 잎, 찐것","호박,잎,찐것",호박,호박,채소류,찐것,농진청('15),10.4,INGREDIENT,1,0,,22,MEASURED,[],[],49,9.19,4.84,0.49,5.4,3,293,2.62,646,466,0
856ebea7-c0f7-5966-883d-60cd3f98c0ec,F1980020000a,1263,"호박, 국수호박, 생것","호박,국수호박,생것",호박,호박,채소류,생것,농진청('10),10.4,INGREDIENT,1,0,,22,PARTIAL,[],[],18,4.4,0.6,0.1,2,1,19,0.1,330,0,
9c396cdf-31d3-520c-9edb-5d0612ac0a1b,F1980020009c,1264,"호박, 국수호박, 데친것","호박,국수호박,데친것",호박,호박,채소류,데친것,농진청('10),10.4,INGREDIENT,1,0,,22,MEASURED,[],[],16,3.8,0.5,0.1,2.1,1,18,0.2,256,0,0
437163a4-0d2f-5063-ae2e-5a2f1c7cae74,F1980030000a,1265,"호박, 늙은호박, 생것","호박,늙은호박,생것",호박,호박,채소류,생것,농진청('19),10.4,INGREDIENT,1,0,,22,MEASURED,[],[],38,8.49,0.88,0.17,1.8,1,21,0.24,336,71,2.2
e4b23418-f9ad-5ca8-a39a-57327ebb58f0,F1980030009c,1266,"호박, 늙은호박, 데친것","호박,늙은호박,데친것",호박,호박,채소류,데친것,농진청('02),10.4,INGREDIENT,1,0,,22,PARTIAL,[],[],30,6.9,1.7,0.1,,0,7,0.3,494,590,15
8f48327f-0d35-554c-a130-62c754d3adc4,F1980030009b,1267,"호박, 늙은호박, 삶은것","호박,늙은호박,삶은것",호박,호박,채소류,삶은것,농진청('19),10.4,INGREDIENT,1,0,,22,MEASURED,[],[],24,5.23,0.6,0.13,1.4,0,20,0.06,139,138,1.49
3be90c90-5cd0-5022-8de9-9dea04a1caa4,F1980030009e,1268,"호박, 늙은호박, 찐것","호박,늙은호박,찐것",호박,호박,채소류,찐것,농진청('19),10.4,INGREDIENT,1,0,,22,MEASURED,[],[],40,8.88,1.09,0.14,2.3,0,21,0.87,313,107,2.52
27ea0468-a044-50bc-8ce0-7b178b4d4d37,F1990010001a,1269,"호박, 늙은호박, 말린것","호박,늙은호박,말린것",호박,호박,채소류,말린것,농진청('19),10.4,INGREDIENT,1,0,,22,MEASURED,[],[],333,72.33,7.6,2.42,17.6,4,243,1.93,2815,514,26.99
e9b3dbe6-036d-5c0d-b151-43144e9b5ada,F1980040000a,1270,"호박, 단호박, 생것","호박,단호박,생것",호박,호박,채소류,생것,농진청('15),10.4,INGREDIENT,1,0,,22,MEASURED,[],[],57,13.63,1.19,0.65,5,0,12,0.36,419,306,12.13
0f6dee34-9786-5a60-9676-482c78481134,F1980040009c,1271,"호박, 단호박, 데친것","호박,단호박,데친것",호박,호박,채소류,데친것,농진청('02),10.4,INGREDIENT,1,0,,22,PARTIAL,[],[],30,6.9,1.7,0.1,,0,7,0.3,494,590,15
ef11fe2b-b3e8-5626-abbf-647bf0240f8e,F1980040009e,1272,"호박, 단호박, 찐것","호박,단호박,찐것",호박,호박,채소류,찐것,농진청('15),10.4,INGREDIENT,1,0,,22,MEASURED,[],[],66,15.45,1.72,0.84,5.1,0,15,0.43,435,399,25.99
e19b77b0-ac3f-5438-9966-f691c990cc86,F1980050000a,1273,"호박, 애호박, 생것","호박,애호박,생것",호박,호박,채소류,생것,농진청('15),10.4,INGREDIENT,1,0,,22,MEASURED,[],[],22,5.14,1.07,0.09,2.2,0,15,0.23,224,23,3.11
c78ff25f-63aa-5f2a-8d6b-33f80f5c08ed,F1980050009c,1274,"호박, 애호박, 데친것","호박,애호박,데친것",호박,호박,채소류,데친것,농진청('15),10.4,INGREDIENT,1,0,,22,MEASURED,[],[],21,4.88,1.05,0.1,1.7,0,18,0.24,212,27,5.99
e2c43f97-ed15-5b35-87ef-68cf88fb264e,F1980050001a,1275,"호박, 애호박, 말린것","호박,애호박,말린것",호박,호박,채소류,말린것,농진청('15),10.4,INGREDIENT,1,0,,22,MEASURED,[],[],284,67.64,13.75,1.11,19.9,4,267,3.03,3735,274,53.21
30146f72-b0b0-5e71-b490-b37ce5f271c2,F1980050001c,1276,"호박, 애호박, 말린것, 데친것","호박,애호박,말린것,데친것",호박,호박,채소류,데친것,농진청('15),10.4,INGREDIENT,1,0,,22,MEASURED,[],[],31,6.54,2.24,0.26,5.8,3,48,0.56,129,51,2.28
162ac096-493e-5436-bfb9-620d02b87236,F1980060000a,1277,"호박, 쥬키니, 생것","호박,쥬키니,생것",호박,호박,채소류,생것,농진청('20),10.4,INGREDIENT,1,1,NUTRITION_MEDOID_RAW,22,MEASURED,[],[],23,5.54,1.02,0.1,1.8,1,29,0.54,282,36,9.99
49cc3034-c6c5-5f88-9b4c-d15ce6a0082b,F1980060009c,1278,"호박, 쥬키니, 데친것","호박,쥬키니,데친것",호박,호박,채소류,데친것,농진청('10),10.4,INGREDIENT,1,0,,22,PARTIAL,[],[],11,2.4,0.9,0,,2,17,0.3,238,0,0
3af55869-9dfa-5013-852e-752626e70f2d,F198007C050a,1279,"호박, 차요테, 초록색, 생것","호박,차요테,초록색,생것",호박,호박,채소류,생것,농진청('15),10.4,INGREDIENT,1,0,,22,PARTIAL,[],[],21,4.37,0.59,0.46,,0,23,0.22,136,0,6.79
e9749da5-b64d-53eb-a690-9c19b204e18a,F198007C070a,1280,"호박, 차요테, 하얀색, 생것","호박,차요테,하얀색,생것",호박,호박,채소류,생것,농진청('15),10.4,INGREDIENT,1,0,,22,MEASURED,[],[],19,4.27,0.61,0.33,1.7,0,21,0.19,176,0,8.13
27b3fcfc-e356-51c8-864e-ee2d968cf82f,F2150000759a,1281,호박즙,호박즙,호박즙,호박즙,채소류,,농진청('16),10.4,INGREDIENT,1,1,EXACT_BASE_NAME,1,MEASURED,[],[],21,4.73,0.64,0,0.9,0,13,0.13,271,1,0.19
8d28363e-1a64-5b78-9959-f96dc8dfcf60,F2030000000a,1282,"화살나무(홑잎), 순, 생것","화살나무(홑잎),순,생것",화살나무(홑잎),화살나무홑잎,채소류,생것,농진청('15),10.4,INGREDIENT,1,1,NUTRITION_MEDOID_RAW,2,PARTIAL,[],[],96,21.59,4.77,0.84,17.2,1,262,2.95,415,525,
672c39af-931b-5906-870c-e7fbc0984bda,F2030000009c,1283,"화살나무(홑잎), 순, 데친것","화살나무(홑잎),순,데친것",화살나무(홑잎),화살나무홑잎,채소류,데친것,농진청('15),10.4,INGREDIENT,1,0,,2,PARTIAL,[],[],78,17.03,4.03,0.94,13,2,212,2.05,309,381,
64e8159c-9146-53de-924e-d379d1a6c06d,G0010000000a,1284,"검은비늘버섯, 생것","검은비늘버섯,생것",검은비늘버섯,검은비늘버섯,버섯류,생것,농진청('06),10.4,INGREDIENT,1,1,GENERIC_RAW,2,PARTIAL,[],[],13,4.5,1.8,0.1,,3,2,1,215,1,5
d199c130-3f14-5bdf-8f9c-75587c8a6449,G0010000001a,1285,"검은비늘버섯, 말린것","검은비늘버섯,말린것",검은비늘버섯,검은비늘버섯,버섯류,말린것,농진청('88),10.4,INGREDIENT,1,0,,2,PARTIAL,[],[],177,62.1,20.1,2.7,,,20,6.9,,0,0
67b196d9-46aa-5f06-8852-05bc11bf1b57,G0310000000a,1286,"꽃송이버섯, 생것","꽃송이버섯,생것",꽃송이버섯,꽃송이버섯,버섯류,생것,농진청('19),10.4,INGREDIENT,1,1,GENERIC_RAW,4,MEASURED,[],[],19,7.35,1.11,0.39,3.5,1,4,0.18,131,0,0
6a269d96-4d65-58b7-bb9d-86bcc6d2c5da,G0310000009c,1287,"꽃송이버섯, 데친것","꽃송이버섯,데친것",꽃송이버섯,꽃송이버섯,버섯류,데친것,농진청('19),10.4,INGREDIENT,1,0,,4,MEASURED,[],[],22,8.99,0.87,0.49,4,1,2,0.09,62,0,0
eaf8c407-6eb8-5fc4-b2a9-2e288ea98c2d,G0310000001a,1288,"꽃송이버섯, 말린것","꽃송이버섯,말린것",꽃송이버섯,꽃송이버섯,버섯류,말린것,농진청('19),10.4,INGREDIENT,1,0,,4,MEASURED,[],[],182,66.49,15.18,4.14,35.1,12,19,1.91,2301,0,0
d0765a9f-67cf-5259-af26-9e7530e737f7,G0020000000a,1289,"나도팽나무버섯, 생것","나도팽나무버섯,생것",나도팽나무버섯,나도팽나무버섯,버섯류,생것,농진청('08),10.4,INGREDIENT,1,1,GENERIC_RAW,2,PARTIAL,[],[],16,5.7,2.4,0,,14,6,1.2,263,0,47
d27e917c-a434-5f73-8d31-52d9836d41f8,G0020000001a,1290,"나도팽나무버섯, 말린것","나도팽나무버섯,말린것",나도팽나무버섯,나도팽나무버섯,버섯류,말린것,농진청('08),10.4,INGREDIENT,1,0,,2,PARTIAL,[],[],182,66.1,23.6,0.5,,64,25,15.8,2780,0,246
abf14e17-7283-5a73-8463-cd7fdf89cd63,G0030000000a,1291,"노루궁뎅이버섯, 생것","노루궁뎅이버섯,생것",노루궁뎅이버섯,노루궁뎅이버섯,버섯류,생것,농진청('18),10.4,INGREDIENT,1,1,GENERIC_RAW,3,MEASURED,[],[],13,2.89,2.57,0.41,2.5,2,1,0.76,362,0,0
105d8c30-096f-5f15-ac49-bb7f65acfbff,G0030000009c,1292,"노루궁뎅이버섯, 데친것","노루궁뎅이버섯,데친것",노루궁뎅이버섯,노루궁뎅이버섯,버섯류,데친것,농진청('18),10.4,INGREDIENT,1,0,,3,MEASURED,[],[],18,4.68,3.28,0.4,3.4,5,1,0.58,308,0,0
2da0e9b4-c88d-576f-8bfa-bee4d665fbcc,G0030000001a,1293,"노루궁뎅이버섯, 말린것","노루궁뎅이버섯,말린것",노루궁뎅이버섯,노루궁뎅이버섯,버섯류,말린것,농진청('08),10.4,INGREDIENT,1,0,,3,PARTIAL,[],[],179,57.8,24.5,3.2,,57,41,13.4,5512,2,225
461ed13b-5c93-549d-9634-1018eba7d671,G0040000000a,1294,"느타리버섯, 생것","느타리버섯,생것",느타리버섯,느타리버섯,버섯류,생것,농진청('19),10.4,INGREDIENT,1,1,GENERIC_RAW,11,MEASURED,[],[],15,4.7,2.6,0.14,2.9,2,0,0.78,256,0,0.21
729ac846-4310-5656-be87-0526d824b1b5,G0040000009c,1295,"느타리버섯, 데친것","느타리버섯,데친것",느타리버섯,느타리버섯,버섯류,데친것,농진청('19),10.4,INGREDIENT,1,0,,11,MEASURED,[],[],21,6.51,3.26,0.23,3.8,3,2,0.68,220,0,0
4cbd472d-62b4-5985-8231-b2016bcc563d,G0040000001a,1296,"느타리버섯, 말린것","느타리버섯,말린것",느타리버섯,느타리버섯,버섯류,말린것,농진청('18),10.4,INGREDIENT,1,0,,11,MEASURED,[],[],189,60.72,25.1,3.9,57.2,19,0,9.31,2038,0,4.13
c8ac89ca-b243-5d4a-9c6e-bbdf6dccdb1f,G004000000Xa,1297,"느타리버섯, 말린것(자연건조)","느타리버섯,말린것(자연건조)",느타리버섯,느타리버섯,버섯류,,농진청('18),10.4,INGREDIENT,1,0,,11,MEASURED,[],[],182,58.92,25.36,2.98,57.2,19,1,11.73,2017,0,3.33
0f60bab7-b820-5881-8d79-6967e7a28a02,G0040010000a,1298,"느타리버섯, 노랑느타리버섯, 생것","느타리버섯,노랑느타리버섯,생것",느타리버섯,느타리버섯,버섯류,생것,농진청('07),10.4,INGREDIENT,1,0,,11,PARTIAL,[],[],16,5.3,2.5,0.1,,20,7,2.8,275,0,1
68c48535-73fc-574b-becd-c8a33d2cd6b4,G0040020000a,1299,"느타리버섯, 분홍느타리버섯, 생것","느타리버섯,분홍느타리버섯,생것",느타리버섯,느타리버섯,버섯류,생것,농진청('07),10.4,INGREDIENT,1,0,,11,PARTIAL,[],[],24,8.1,4.1,0,,11,4,2,255,0,0
e1228a45-0a0e-5e80-bdd3-d51d02d06179,G0040030000a,1300,"느타리버섯, 여름느타리버섯, 생것","느타리버섯,여름느타리버섯,생것",느타리버섯,느타리버섯,버섯류,생것,농진청('07),10.4,INGREDIENT,1,0,,11,PARTIAL,[],[],21,6,4.4,0.1,,17,5,1.4,346,0,4
23d498dd-9a4d-5193-a99b-a6a48a2d17cb,G0200000000a,1301,"느타리버섯, 율무느타리버섯, 생것","느타리버섯,율무느타리버섯,생것",느타리버섯,느타리버섯,버섯류,생것,농진청('04),10.4,INGREDIENT,1,0,,11,PARTIAL,[],[],21,6.4,3.6,0.3,,3,0,1.3,361,0,0
d9091912-b101-5f4e-a32d-5b160717696d,G0040040000a,1302,"느타리버섯, 참타리버섯, 생것","느타리버섯,참타리버섯,생것",느타리버섯,느타리버섯,버섯류,생것,농진청('06),10.4,INGREDIENT,1,0,,11,PARTIAL,[],[],16,5.3,2.6,0,,5,3,0.9,245,0,4
6b1e117f-0525-5ee4-8f6e-2efd9b5ed63c,G0040040009c,1303,"느타리버섯, 참타리버섯, 데친것","느타리버섯,참타리버섯,데친것",느타리버섯,느타리버섯,버섯류,데친것,농진청('06),10.4,INGREDIENT,1,0,,11,PARTIAL,[],[],20,6.1,3.9,0,,7,3,1,202,0,3
98d76fa8-b844-5e6e-a775-174d91a0cfce,G0040050000a,1304,"느타리버섯, 청느타리버섯, 생것","느타리버섯,청느타리버섯,생것",느타리버섯,느타리버섯,버섯류,생것,농진청('07),10.4,INGREDIENT,1,0,,11,PARTIAL,[],[],18,5.2,3.9,0,,9,2,1.1,308,0,1
8cc67e50-582e-5cc2-b682-d47af43f427c,G0050000000a,1305,"능이버섯(향버섯), 생것","능이버섯(향버섯),생것",능이버섯(향버섯),능이버섯향버섯,버섯류,생것,농진청('11),10.4,INGREDIENT,1,1,GENERIC_RAW,1,PARTIAL,[],[],17,5.9,2.2,0.1,7,12,2,2.1,334,2,
6b3afa93-8f65-5ac2-b4a3-3a1dfd3108e0,G0060010000a,1306,"동충하초, 누에동충하초, 생것","동충하초,누에동충하초,생것",동충하초,동충하초,버섯류,생것,농진청('18),10.4,INGREDIENT,1,1,NUTRITION_MEDOID_RAW,2,PARTIAL,[],[],27,7.07,5.56,0.38,,23,2,0.12,230,0,0
1cf4d551-5bfd-54c4-90d0-9b5ac17c3716,G0060010001a,1307,"동충하초, 누에동충하초, 말린것","동충하초,누에동충하초,말린것",동충하초,동충하초,버섯류,말린것,농진청('00),10.4,INGREDIENT,1,0,,2,PARTIAL,[],[],133,0,60.9,2.4,,1480,2430,24,462,,2
7e21d9c3-a91b-521f-836c-e52466865845,G0070000000a,1308,"만가닥버섯, 생것","만가닥버섯,생것",만가닥버섯,만가닥버섯,버섯류,생것,농진청('19),10.4,INGREDIENT,1,1,GENERIC_RAW,2,MEASURED,[],[],19,6.34,2.5,0.34,3.4,2,1,0.51,348,0,0.36
175dc249-fecd-5799-af7b-c007552729af,G0070000009c,1309,"만가닥버섯, 데친것","만가닥버섯,데친것",만가닥버섯,만가닥버섯,버섯류,데친것,농진청('19),10.4,INGREDIENT,1,0,,2,MEASURED,[],[],19,6.07,2.73,0.35,4.3,2,2,0.38,275,0,0
405a5d5a-1e74-5c63-a199-98cf17ff3889,G0080000000a,1310,"목이버섯, 생것","목이버섯,생것",목이버섯,목이버섯,버섯류,생것,농진청('19),10.4,INGREDIENT,1,1,GENERIC_RAW,6,MEASURED,[],[],13,5.22,0.79,0.19,3.6,10,45,0.28,55,0,0
db717c93-55ab-5cc8-9efd-e31fa3798f7c,G0080000009c,1311,"목이버섯, 데친것","목이버섯,데친것",목이버섯,목이버섯,버섯류,데친것,농진청('19),10.4,INGREDIENT,1,0,,6,MEASURED,[],[],13,4.84,1.15,0.23,3.7,11,37,0.32,65,0,0
9060eeaa-0fab-5f94-b029-5ae8b5cd62a0,G0080000001a,1312,"목이버섯, 말린것","목이버섯,말린것",목이버섯,목이버섯,버섯류,말린것,농진청('19),10.4,INGREDIENT,1,0,,6,MEASURED,[],[],169,69.66,11.88,1.26,43.5,108,694,5.1,1085,0,0
41c8d9e5-b803-5076-8918-5f98daa73918,G008000000Xa,1313,"목이버섯, 말린것(자연건조)","목이버섯,말린것(자연건조)",목이버섯,목이버섯,버섯류,,농진청('19),10.4,INGREDIENT,1,0,,6,MEASURED,[],[],183,72.78,14.1,1.99,53,157,602,7.22,1004,0,0
53802448-567f-5eed-8eaf-9a632bd9edd1,G0080010000a,1314,"목이버섯, 흰백목이, 생것","목이버섯,흰백목이,생것",목이버섯,목이버섯,버섯류,생것,농진청('19),10.4,INGREDIENT,1,0,,6,MEASURED,[],[],28,11.58,1.2,0.55,5.5,7,5,0.04,361,0,0
9e85738e-9c9e-520a-b4e9-6f3a5c31a9fc,G0080010009c,1315,"목이버섯, 흰백목이, 데친것","목이버섯,흰백목이,데친것",목이버섯,목이버섯,버섯류,데친것,농진청('19),10.4,INGREDIENT,1,0,,6,MEASURED,[],[],18,7.01,1.02,0.43,3.4,4,4,0.02,201,0,0
4c2ff438-087f-5142-8050-1c4909bdf607,G0090000000a,1316,"밤버섯, 생것","밤버섯,생것",밤버섯,밤버섯,버섯류,생것,국('77),10.4,INGREDIENT,1,1,GENERIC_RAW,1,PARTIAL,[],[],17,3.5,2.9,0.9,,,41,5.6,,0,2
b3b1bf19-d8a3-569b-990f-36fc5b6b8e93,G0100000000a,1317,"버들송이버섯, 생것","버들송이버섯,생것",버들송이버섯,버들송이버섯,버섯류,생것,농진청('00),10.4,INGREDIENT,1,1,GENERIC_RAW,3,PARTIAL,[],[],20,5.5,4.2,0.1,,7,2,0.9,435,0,17
45a34236-b559-53d1-a9ea-d390f387d956,G0100000641a,1318,"버들송이버섯, 갓, 말린것","버들송이버섯,갓,말린것",버들송이버섯,버들송이버섯,버섯류,말린것,농진청('88),10.4,INGREDIENT,1,0,,3,PARTIAL,[],[],191,61.6,23.3,4.7,,,6,5.2,,0,0
63600348-5927-5d79-8db1-d1bf09b73fff,G010000B161a,1319,"버들송이버섯, 줄기, 말린것","버들송이버섯,줄기,말린것",버들송이버섯,버들송이버섯,버섯류,말린것,농진청('88),10.4,INGREDIENT,1,0,,3,PARTIAL,[],[],183,71.1,14.3,2.7,,,17,4.6,,0,0
2115b7f2-6faf-5c26-802e-471cc91056e9,G0110010641a,1320,"뽕나무버섯, 야생, 갓, 말린것","뽕나무버섯,야생,갓,말린것",뽕나무버섯,뽕나무버섯,버섯류,말린것,농진청('92),10.4,INGREDIENT,1,1,LOWEST_COMPLEXITY_VARIANT,4,PARTIAL,[],[],195,54.4,27.7,6.9,,5,7,1.6,236,0,0
c451b270-fccf-5720-99a1-c7e5a7582c2d,G011001B161a,1321,"뽕나무버섯, 야생, 줄기, 말린것","뽕나무버섯,야생,줄기,말린것",뽕나무버섯,뽕나무버섯,버섯류,말린것,농진청('92),10.4,INGREDIENT,1,0,,4,PARTIAL,[],[],180,72.2,15.8,0.9,,4,11,2.4,292,0,0
88f1a6e8-0bf8-5a74-9b61-e7232c426039,G0110020641a,1322,"뽕나무버섯, 재배, 갓, 말린것","뽕나무버섯,재배,갓,말린것",뽕나무버섯,뽕나무버섯,버섯류,말린것,농진청('92),10.4,INGREDIENT,1,0,,4,PARTIAL,[],[],192,58.6,24.4,5.7,,5,7,1.3,242,0,0
bf44ad99-9e9d-5da3-91e3-eb88183ffd2d,G011002B161a,1323,"뽕나무버섯, 재배, 줄기, 말린것","뽕나무버섯,재배,줄기,말린것",뽕나무버섯,뽕나무버섯,버섯류,말린것,농진청('92),10.4,INGREDIENT,1,0,,4,PARTIAL,[],[],182,76.6,12.8,0.6,,3,12,1.5,242,0,0
2ebf2f76-6780-5ba5-88be-dfe552b0b30a,G0120000001a,1324,"상황버섯, 말린것","상황버섯,말린것",상황버섯,상황버섯,버섯류,말린것,농진청('13),10.4,INGREDIENT,1,1,LOWEST_COMPLEXITY_VARIANT,2,MEASURED,[],[],179,84.58,4.4,0.27,74.4,33,173,1.74,304,3,1.32
12c3d814-f7b0-5f1d-a289-3bdc95b5869c,G012000000Na,1325,"상황버섯, 추출","상황버섯,추출",상황버섯,상황버섯,버섯류,,농진청('19),10.4,INGREDIENT,1,0,,2,MEASURED,[],[],3,0.56,0.07,0.01,0,1,1,0.05,13,0,0
f7de8b1e-04d5-5142-9ac2-c1a815bbe693,G0130000001a,1326,"석이버섯, 말린것","석이버섯,말린것",석이버섯,석이버섯,버섯류,말린것,농진청('15),10.4,INGREDIENT,1,1,LOWEST_COMPLEXITY_VARIANT,1,MEASURED,[],[],165,68.47,11.75,0.96,60.9,6,47,54.6,403,99,0
198c0a47-32c4-537c-a6a8-e1a3e456a0ea,G0140000000a,1327,"송이버섯, 생것","송이버섯,생것",송이버섯,송이버섯,버섯류,생것,농진청('16),10.4,INGREDIENT,1,1,GENERIC_RAW,2,MEASURED,[],[],21,8.12,2.05,0.15,4.6,1,1,1.85,317,0,1.18
f7c4036f-0587-51c5-b71b-ca92c8374dad,G0140000009c,1328,"송이버섯, 데친것","송이버섯,데친것",송이버섯,송이버섯,버섯류,데친것,농진청('16),10.4,INGREDIENT,1,0,,2,MEASURED,[],[],22,8.51,2.15,0.24,5.2,1,1,1.42,305,0,1.8
f5eb36d9-7e59-57ff-962b-df669fbcafdd,G0150000000a,1329,"싸리버섯, 생것","싸리버섯,생것",싸리버섯,싸리버섯,버섯류,생것,국('88),10.4,INGREDIENT,1,1,GENERIC_RAW,2,PARTIAL,[],[],20,5.7,2.8,0.6,,,41,6.2,,0,3
b4d5a6de-bab8-597a-8362-93f5b9c19c83,G0150000001a,1330,"싸리버섯, 말린것","싸리버섯,말린것",싸리버섯,싸리버섯,버섯류,말린것,식약('96),10.4,INGREDIENT,1,0,,2,PARTIAL,[],[],179,58.9,19.9,4.8,,57,18,22.9,2737,0,0
e399d9ed-1795-594a-9168-0c1bc3a25d64,G0160000000a,1331,"아위버섯, 생것","아위버섯,생것",아위버섯,아위버섯,버섯류,생것,농진청('18),10.4,INGREDIENT,1,1,GENERIC_RAW,2,MEASURED,[],[],26,8.56,3.53,0.4,4.6,6,3,0.31,296,0,0
d88dfed7-d399-559c-8575-7fb979eec27f,G0160000009c,1332,"아위버섯, 데친것","아위버섯,데친것",아위버섯,아위버섯,버섯류,데친것,농진청('18),10.4,INGREDIENT,1,0,,2,MEASURED,[],[],27,8.69,3.62,0.43,6,5,3,0.3,263,0,0
1e7805e1-d4fd-5a31-8f87-47cc6a729e26,G0170000000a,1333,"애느타리버섯, 생것","애느타리버섯,생것",애느타리버섯,애느타리버섯,버섯류,생것,농진청('93),10.4,INGREDIENT,1,1,GENERIC_RAW,1,PARTIAL,[],[],16,3.5,4.2,0.1,,7,3,1,262,0,
02d4f424-d40d-50f7-b7df-0e1698a8042c,G0180000000a,1334,"양송이버섯, 생것","양송이버섯,생것",양송이버섯,양송이버섯,버섯류,생것,농진청('19),10.4,INGREDIENT,1,1,GENERIC_RAW,8,MEASURED,[],[],15,3.89,3.12,0.23,2.1,5,2,0.62,382,0,0
9ec657f7-b846-5513-ba15-ff2359e12e31,G0180000009c,1335,"양송이버섯, 데친것","양송이버섯,데친것",양송이버섯,양송이버섯,버섯류,데친것,농진청('19),10.4,INGREDIENT,1,0,,8,MEASURED,[],[],15,3.63,3.15,0.26,2.4,5,2,1.12,351,0,0
1a2d9b8f-4363-5b19-8f93-d593c806f796,G018000000Xa,1336,"양송이버섯, 말린것(자연건조)","양송이버섯,말린것(자연건조)",양송이버섯,양송이버섯,버섯류,,농진청('19),10.4,INGREDIENT,1,0,,8,MEASURED,[],[],166,40.29,34.62,3.52,12.6,72,14,3.72,5305,0,0
031be849-837d-5aa7-abd2-790f3d604210,G0180000005a,1337,"양송이버섯, 가루","양송이버섯,가루",양송이버섯,양송이버섯,버섯류,,농진청('15),10.4,INGREDIENT,1,0,,8,MEASURED,[],[],176,46.45,33.39,3.57,17.8,65,23,33.28,4395,1,0
ec5a0f4b-f670-5d66-b6ce-a03d789a0ad5,G018000000Ra,1338,"양송이버섯, 통조림","양송이버섯,통조림",양송이버섯,양송이버섯,버섯류,통조림,농진청('15),10.4,INGREDIENT,1,0,,8,MEASURED,[],[],17,3.87,3.75,0.41,3.7,377,6,0.63,28,0,2.88
38e1b3ed-308e-52e6-9257-bb85caedd512,G0180010000a,1339,"양송이버섯, 갈색양송이, 생것","양송이버섯,갈색양송이,생것",양송이버섯,양송이버섯,버섯류,생것,농진청('19),10.4,INGREDIENT,1,0,,8,MEASURED,[],[],15,3.24,3.73,0.2,3,5,2,0.33,404,0,0
50355f68-f7a8-56cb-8f2c-deda2977f082,G0180010009c,1340,"양송이버섯, 갈색양송이, 데친것","양송이버섯,갈색양송이,데친것",양송이버섯,양송이버섯,버섯류,데친것,농진청('19),10.4,INGREDIENT,1,0,,8,MEASURED,[],[],14,3.5,2.94,0.31,2.8,4,2,0.15,367,0,0
8656f94a-993b-54a7-8afb-f2d3bd0b4a22,G0190000001a,1341,"영지버섯, 말린것","영지버섯,말린것",영지버섯,영지버섯,버섯류,말린것,농진청('15),10.4,INGREDIENT,1,1,LOWEST_COMPLEXITY_VARIANT,2,MEASURED,[],[],187,81.03,9.41,1.4,77.9,2,128,2.19,263,2,0
6a436cbb-473b-576e-9e08-480456d0ef32,G019000000Na,1342,"영지버섯, 추출","영지버섯,추출",영지버섯,영지버섯,버섯류,,농진청('19),10.4,INGREDIENT,1,0,,2,MEASURED,[],[],0,0.03,0.07,0.01,0,1,0,0.04,4,0,0
6d72446b-06c9-5913-87aa-ad511dbb0fd1,G0210000000a,1343,"잎새버섯, 생것","잎새버섯,생것",잎새버섯,잎새버섯,버섯류,생것,농진청('19),10.4,INGREDIENT,1,1,GENERIC_RAW,2,MEASURED,[],[],13,3.29,2.2,0.5,3.6,1,1,0.41,293,0,0
8efc9e09-eb9c-5ce8-86e3-323b6b238fd4,G0210000009c,1344,"잎새버섯, 데친것","잎새버섯,데친것",잎새버섯,잎새버섯,버섯류,데친것,농진청('19),10.4,INGREDIENT,1,0,,2,MEASURED,[],[],16,4.46,2.26,0.57,4.4,0,1,0.4,279,0,0
6536bd98-1a48-5136-84e5-0196f0cac9a7,G0230000000a,1345,"큰느타리버섯(새송이버섯), 생것","큰느타리버섯(새송이버섯),생것",큰느타리버섯(새송이버섯),큰느타리버섯새송이버섯,버섯류,생것,농진청('23),10.4,INGREDIENT,1,1,GENERIC_RAW,6,MEASURED,[],[],20,6.56,2.91,0.19,3.2,5,1,0.35,299,0,0
64b2bda7-7549-5782-86b5-654788e0cbee,G0230000009c,1346,"큰느타리버섯(새송이버섯), 데친것","큰느타리버섯(새송이버섯),데친것",큰느타리버섯(새송이버섯),큰느타리버섯새송이버섯,버섯류,데친것,농진청('23),10.4,INGREDIENT,1,0,,6,MEASURED,[],[],21,6.64,3.24,0.27,3.6,4,0,0.28,264,0,0
7e585a81-9fcd-5c2c-a238-f5768017f174,G0230000001a,1347,"큰느타리버섯(새송이버섯), 말린것","큰느타리버섯(새송이버섯),말린것",큰느타리버섯(새송이버섯),큰느타리버섯새송이버섯,버섯류,말린것,농진청('19),10.4,INGREDIENT,1,0,,6,MEASURED,[],[],179,59.81,25.05,2.07,32.2,42,3,3.36,2696,0,0
517d380b-7811-522a-b333-62935ec3032b,G023000000Xa,1348,"큰느타리버섯(새송이버섯), 말린것(자연건조)","큰느타리버섯(새송이버섯),말린것(자연건조)",큰느타리버섯(새송이버섯),큰느타리버섯새송이버섯,버섯류,,농진청('19),10.4,INGREDIENT,1,0,,6,MEASURED,[],[],171,54.68,26.23,2.09,31,45,6,3.71,2745,0,0
6a7bf9d1-371f-50d1-86a5-a7a56f1e7c23,G0230000005a,1349,"큰느타리버섯(새송이버섯), 가루","큰느타리버섯(새송이버섯),가루",큰느타리버섯(새송이버섯),큰느타리버섯새송이버섯,버섯류,,농진청('15),10.4,INGREDIENT,1,0,,6,MEASURED,[],[],184,61.4,25.09,2.51,27.6,34,5,2.98,2768,0,0
9f7774f4-bba6-5091-b32e-8d247f3f5430,G0250040000a,1350,"팽이버섯, 생것","팽이버섯,생것",팽이버섯,팽이버섯,버섯류,생것,농진청('23),10.4,INGREDIENT,1,1,GENERIC_RAW,5,MEASURED,[],[],21,7.08,2.48,0.52,3.8,3,1,1.1,364,0,0
9bc36894-4594-554d-9fd3-4146c674230a,G0250040009c,1351,"팽이버섯, 데친것","팽이버섯,데친것",팽이버섯,팽이버섯,버섯류,데친것,농진청('23),10.4,INGREDIENT,1,0,,5,MEASURED,[],[],21,6.71,2.6,0.46,4.1,2,1,0.81,226,0,0
9240dc6d-78cd-5a91-8519-37d2571b7c36,G0250050000a,1355,"팽이버섯, 갈색팽이, 생것","팽이버섯,갈색팽이,생것",팽이버섯,팽이버섯,버섯류,생것,농진청('19),10.4,INGREDIENT,1,0,,5,MEASURED,[],[],21,6.13,3.06,0.6,3.7,5,5,0.47,434,0,0
47a8749b-c85f-5979-abd1-e4a285b9bd45,G0250050009c,1356,"팽이버섯, 갈색팽이, 데친것","팽이버섯,갈색팽이,데친것",팽이버섯,팽이버섯,버섯류,데친것,농진청('19),10.4,INGREDIENT,1,0,,5,MEASURED,[],[],21,6.59,3.01,0.37,4.3,3,4,0.42,367,0,0
78699692-9922-5e2e-b3e9-9cdc8592dba7,G0260000000a,1357,"포타벨라, 생것","포타벨라,생것",포타벨라,포타벨라,버섯류,생것,농진청('09),10.4,INGREDIENT,1,1,GENERIC_RAW,1,PARTIAL,[],[],16,4.6,3.3,0.1,,10,2,1.1,425,0,0
db193952-725e-5859-8157-159c92a47dc1,G027000B010a,1358,"표고버섯, 배지재배, 생것","표고버섯,배지재배,생것",표고버섯,표고버섯,버섯류,생것,농진청('23),10.4,INGREDIENT,1,1,NUTRITION_MEDOID_RAW,19,MEASURED,[],[],22,7.38,2.74,0.38,5,3,4,0.38,278,0,0
ae9f550b-5725-527b-b6a9-60494594587f,G027000B019c,1359,"표고버섯, 배지재배, 데친것","표고버섯,배지재배,데친것",표고버섯,표고버섯,버섯류,데친것,농진청('23),10.4,INGREDIENT,1,0,,19,MEASURED,[],[],20,6.93,2.49,0.34,5.3,2,3,0.33,227,0,0
24cb5f72-7fd3-5fb3-8809-73cad2b7eb0f,G027000B011a,1360,"표고버섯, 배지재배, 말린것","표고버섯,배지재배,말린것",표고버섯,표고버섯,버섯류,말린것,농진청('23),10.4,INGREDIENT,1,0,,19,MEASURED,[],[],180,62.88,21.37,2.49,42.2,12,20,1.92,1885,0,0
bdc1833a-a1c1-5a87-85c3-91992f1bfac2,G027000B01Xa,1361,"표고버섯, 배지재배, 말린것(자연건조)","표고버섯,배지재배,말린것(자연건조)",표고버섯,표고버섯,버섯류,,농진청('19),10.4,INGREDIENT,1,0,,19,MEASURED,[],[],174,58.78,23.56,1.99,39.1,16,33,3.36,2279,0,0
7d5ed269-1e14-502e-9a58-17c833609450,G027000B011b,1362,"표고버섯, 배지재배, 말린것, 삶은것","표고버섯,배지재배,말린것,삶은것",표고버섯,표고버섯,버섯류,삶은것,농진청('23),10.4,INGREDIENT,1,0,,19,MEASURED,[],[],27,9.67,2.9,0.41,7.8,2,3,0.22,140,0,0
d46ed7ab-822d-5eee-8401-23758145cdf8,G0270000640a,1363,"표고버섯, 배지재배, 갓, 생것","표고버섯,배지재배,갓,생것",표고버섯,표고버섯,버섯류,생것,농진청('15),10.4,INGREDIENT,1,0,,19,MEASURED,[],[],26,8.03,4.44,0.32,4.9,2,2,0.37,356,0,0.92
94e8c397-7937-584d-9d60-b9d97722fa2b,G0270000649c,1364,"표고버섯, 배지재배, 갓, 데친것","표고버섯,배지재배,갓,데친것",표고버섯,표고버섯,버섯류,데친것,농진청('15),10.4,INGREDIENT,1,0,,19,MEASURED,[],[],21,4.98,4.71,0.3,4,3,3,0.41,239,0,0.42
1d3fb0e8-7875-5678-961e-f94df2900c54,G0270000641a,1365,"표고버섯, 배지재배, 갓, 말린것","표고버섯,배지재배,갓,말린것",표고버섯,표고버섯,버섯류,말린것,농진청('15),10.4,INGREDIENT,1,0,,19,MEASURED,[],[],183,53.29,31.84,2.93,35,9,7,3.73,2243,2,7.77
17ac555e-7ec4-575b-bd9c-0b87b7ec9775,G0270000641b,1366,"표고버섯, 배지재배, 갓, 말린것, 삶은것","표고버섯,배지재배,갓,말린것,삶은것",표고버섯,표고버섯,버섯류,삶은것,농진청('15),10.4,INGREDIENT,1,0,,19,MEASURED,[],[],24,6.8,4.06,0.43,4.8,2,5,0.39,175,0,0.35
56960b60-b16f-5b30-bded-734719a0c9a3,G0270000700a,1367,"표고버섯, 배지재배, 대, 생것","표고버섯,배지재배,대,생것",표고버섯,표고버섯,버섯류,생것,농진청('15),10.4,INGREDIENT,1,0,,19,MEASURED,[],[],39,14.02,4.59,0.33,8.1,2,6,0.45,390,0,0
bc052fde-007c-5040-b1d9-9c69e7b6a85b,G0270000709c,1368,"표고버섯, 배지재배, 대, 데친것","표고버섯,배지재배,대,데친것",표고버섯,표고버섯,버섯류,데친것,농진청('15),10.4,INGREDIENT,1,0,,19,MEASURED,[],[],32,12.36,3.25,0.24,10.9,3,5,0.34,266,0,0
f26d2d43-14cd-5aa0-8605-ed73a4e781da,G0270000701a,1369,"표고버섯, 배지재배, 대, 말린것","표고버섯,배지재배,대,말린것",표고버섯,표고버섯,버섯류,말린것,농진청('15),10.4,INGREDIENT,1,0,,19,MEASURED,[],[],180,65.35,21.14,1.61,44.4,9,16,2.76,1847,1,0
46d94be7-57d7-5176-ac0f-91f2d5202dbd,G0270000701b,1370,"표고버섯, 배지재배, 대, 말린것, 삶은것","표고버섯,배지재배,대,말린것,삶은것",표고버섯,표고버섯,버섯류,삶은것,농진청('15),10.4,INGREDIENT,1,0,,19,MEASURED,[],[],31,11.8,2.91,0.34,11.6,2,6,0.31,70,0,0
12b4bbd7-6aab-5b27-a058-ef6d47738803,G0270020000a,1371,"표고버섯, 참나무재배, 생것","표고버섯,참나무재배,생것",표고버섯,표고버섯,버섯류,생것,농진청('96),10.4,INGREDIENT,1,0,,19,PARTIAL,[],[],18,6.1,2,0.3,,5,6,0.6,180,0,
6359052c-984a-53c6-967a-fc0df78d3bd7,G0270020009c,1372,"표고버섯, 참나무재배, 데친것","표고버섯,참나무재배,데친것",표고버섯,표고버섯,버섯류,데친것,농진청('96),10.4,INGREDIENT,1,0,,19,PARTIAL,[],[],18,6.3,2.4,0.2,,5,7,0.6,143,0,0
34789e56-9f78-5361-9090-0c37cadef13d,G0270020001a,1373,"표고버섯, 참나무재배, 말린것","표고버섯,참나무재배,말린것",표고버섯,표고버섯,버섯류,말린것,농진청('96),10.4,INGREDIENT,1,0,,19,PARTIAL,[],[],178,63.7,18.1,3.1,,25,19,3.3,2140,0,0
cd88927d-c151-5f2a-bd80-c5b2a68f29dd,G0270000001b,1374,"표고버섯, 참나무재배, 말린것, 삶은것","표고버섯,참나무재배,말린것,삶은것",표고버섯,표고버섯,버섯류,삶은것,농진청('96),10.4,INGREDIENT,1,0,,19,PARTIAL,[],[],35,13,3,0.7,,6,5,0.6,246,0,0
8a1024ce-882b-50bf-9ac2-21a3fb3526b3,G0270000005a,1375,"표고버섯, 가루","표고버섯,가루",표고버섯,표고버섯,버섯류,,농진청('15),10.4,INGREDIENT,1,0,,19,MEASURED,[],[],186,68.25,18.84,2.54,37.8,20,31,5.18,2137,2,0.93
06829dfe-62c5-50a0-9caa-45f5b94c0ff1,G0280000000a,1376,"풀버섯, 생것","풀버섯,생것",풀버섯,풀버섯,버섯류,생것,농진청('09),10.4,INGREDIENT,1,1,GENERIC_RAW,1,PARTIAL,[],[],15,4.6,2.7,0.1,,4,4,1.7,434,0,8
0ceddaf8-b107-5ca1-b6ca-62c79ee85819,H0010010000a,1378,"감, 단감, 생것","감,단감,생것",감,감,과일류,생것,농진청('23),10.4,INGREDIENT,1,0,,15,MEASURED,[],[],57,15.13,0.38,0.12,1.9,1,8,0.08,157,6,28.84
bd2bb5cb-98aa-5df2-b92b-92a4346b70d0,H0020010009a,1379,"감, 단감, 잼","감,단감,잼",감,감,과일류,,농진청('02),10.4,INGREDIENT,1,0,,15,PARTIAL,[],[],225,55.7,0.3,0.1,,13,5,0.7,123,,10
113b142d-f6c4-5786-8198-afc3f8a60618,H0010020000a,1380,"감, 떫은감, 연시, 갑주백목(대봉), 생것","감,떫은감,연시,갑주백목(대봉),생것",감,감,과일류,생것,농진청('23),10.4,INGREDIENT,1,0,,15,MEASURED,[],[],68,18.19,0.56,0.05,3,1,5,0.15,171,27,13.92
50c5c758-2f68-516d-b34a-0d60b807efa5,H0010040000a,1383,"감, 떫은감, 연시, 생것","감,떫은감,연시,생것",감,감,과일류,생것,농진청('23),10.4,INGREDIENT,1,0,,15,MEASURED,[],[],69,18.41,0.54,0.08,2.8,1,6,0.13,178,24,17.52
41d3971a-46b8-50e8-bd7b-450985616109,H0010040007a,1384,"감, 떫은감, 연시, 냉동","감,떫은감,연시,냉동",감,감,과일류,냉동,농진청('16),10.4,INGREDIENT,1,0,,15,MEASURED,[],[],66,17.86,0.47,0.04,2.2,1,21,0.13,182,22,15.07
15f763b8-09c3-51e8-a743-b4f84de9387f,H0050000001a,1385,"감, 떫은감, 감말랭이","감,떫은감,감말랭이",감,감,과일류,,농진청('22),10.4,INGREDIENT,1,0,,15,MEASURED,[],[],236,63.57,1.83,0.12,10.4,2,21,0.66,622,33,15.22
98a7dcec-7f6b-5e21-96f9-4cb81dda38a4,H0060000001a,1386,"감, 떫은감, 곶감, 반건시","감,떫은감,곶감,반건시",감,감,과일류,,농진청('15),10.4,INGREDIENT,1,0,,15,MEASURED,[],[],219,58.93,1.76,0.07,9.7,1,18,0.68,567,19,2.52
2fd079f3-7160-562a-ba7b-ef2223b1a32e,H0040000009a,1387,감 주스,감 주스,감 주스,감주스,과일류,,농진청('23),10.4,INGREDIENT,1,0,,1,MEASURED,[],[],51,13.9,0.2,0.08,1.4,2,2,0.07,99,5,5.27
41d396d5-ea5d-5920-a0df-357b192a77df,H1200010000a,1388,"구기자, 열매, 재래종, 생것","구기자,열매,재래종,생것",구기자,구기자,과일류,생것,농진청('15),10.4,INGREDIENT,1,0,,3,MEASURED,[],[],69,10.23,4.5,2.04,5.8,1,5,0.83,601,8,31.82
3310e536-d8ab-54dc-80d5-d3b1b3b2cc93,H0070000000a,1389,"구아바, 생것","구아바,생것",구아바,구아바,과일류,생것,JAPAN('20),10.4,INGREDIENT,1,1,GENERIC_RAW,2,MEASURED,[],[],33,9.9,0.6,0.1,5.1,3,8,0.1,240,48,220
246d9dc6-2697-5403-a496-6770ce31661e,H0080000729a,1390,"구아바, 넥타, 과육 20%","구아바,넥타,과육 20%",구아바,구아바,과일류,,JAPAN('20),10.4,INGREDIENT,1,0,,2,MEASURED,[],[],49,12.3,0.1,0.1,0.8,4,3,0.2,49,2,19
3dd0a302-524e-5508-aae1-01cca6bcdb30,H0090000739a,1391,"구아바 주스, 과즙 음료(10%)","구아바 주스,과즙 음료(10%)",구아바 주스,구아바주스,과일류,,JAPAN('20),10.4,INGREDIENT,1,0,,1,MEASURED,[],[],50,12.3,0.1,0.1,0.2,7,3,0.1,28,1,9
65106c87-cdcb-54c8-b25f-5b24e97f3d07,H1170000000a,1392,"구스베리, 생것","구스베리,생것",구스베리,구스베리,과일류,생것,JAPAN('20),10.4,INGREDIENT,1,1,GENERIC_RAW,1,MEASURED,[],[],51,13.2,1,0.1,2.5,1,14,1.3,200,10,22
e325aba4-b726-59d0-80d6-e69076d92b08,H0100140000a,1393,"귤, 만감류, 레드향, 생것","귤,만감류,레드향,생것",귤,귤,과일류,생것,농진청('19),10.4,INGREDIENT,1,0,,16,MEASURED,[],[],48,12.39,0.59,0.12,1.3,1,11,0.06,134,2,47.89
9724d939-46df-5a5e-a25c-5690425374be,H0100160000a,1394,"귤, 만감류, 신예감, 생것","귤,만감류,신예감,생것",귤,귤,과일류,생것,농진청('19),10.4,INGREDIENT,1,0,,16,MEASURED,[],[],34,8.2,0.29,0.41,0.9,1,10,0.11,124,1,33
0ad99801-9d7c-5ccd-9622-f6410d27b76f,H0100060000a,1395,"귤, 만감류, 천혜향, 생것","귤,만감류,천혜향,생것",귤,귤,과일류,생것,농진청('19),10.4,INGREDIENT,1,0,,16,MEASURED,[],[],41,10.56,0.82,0.08,1.1,1,13,0.13,149,17,59.91
9ab75056-e695-5116-87bb-0cb327ff5dbb,H0100010000a,1396,"귤, 만감류, 한라봉, 생것","귤,만감류,한라봉,생것",귤,귤,과일류,생것,농진청('19),10.4,INGREDIENT,1,0,,16,MEASURED,[],[],50,12.8,0.99,0.11,1.5,1,11,0.11,154,3,52.94
81d3d617-75e9-54b1-883a-4e81df777eff,H0100150000a,1397,"귤, 만감류, 황금향, 생것","귤,만감류,황금향,생것",귤,귤,과일류,생것,농진청('19),10.4,INGREDIENT,1,0,,16,MEASURED,[],[],40,10.3,0.4,0.13,1.1,1,9,0.12,134,1,37.26
39516f0c-eb9f-5ad8-9386-c725cac475e1,H0100020000a,1398,"귤, 온주밀감, 생것","귤,온주밀감,생것",귤,귤,과일류,생것,농진청('19),10.4,INGREDIENT,1,0,,16,MEASURED,[],[],39,10.04,0.53,0.1,1.6,2,13,0.12,101,4,30.69
d639d8f1-293b-5db1-88c1-ce7fb26ff80a,H0100070000a,1399,"귤, 온주밀감, 궁천조생, 노지, 생것","귤,온주밀감,궁천조생,노지,생것",귤,귤,과일류,생것,농진청('19),10.4,INGREDIENT,1,1,NUTRITION_MEDOID_RAW,16,MEASURED,[],[],39,10.16,0.29,0.16,1.3,1,11,0.1,115,5,33.55
e8901ea1-e68c-57b0-abc8-7d7e1c2bc4a1,H0100080000a,1400,"귤, 온주밀감, 궁천조생, 하우스, 생것","귤,온주밀감,궁천조생,하우스,생것",귤,귤,과일류,생것,농진청('18),10.4,INGREDIENT,1,0,,16,MEASURED,[],[],42,10.78,0.69,0.09,1.4,2,16,0.17,96,4,31.72
379e94d7-b941-5f34-aae4-d271db05c460,H0100090000a,1401,"귤, 온주밀감, 유라조생, 하우스, 생것","귤,온주밀감,유라조생,하우스,생것",귤,귤,과일류,생것,농진청('18),10.4,INGREDIENT,1,0,,16,MEASURED,[],[],39,10.17,0.55,0.08,1.3,2,12,0.05,101,3,32.65
318b2e25-c1b1-5704-8194-11f8c3277496,H0100100000a,1402,"귤, 온주밀감, 일남1호, 생것","귤,온주밀감,일남1호,생것",귤,귤,과일류,생것,농진청('18),10.4,INGREDIENT,1,0,,16,MEASURED,[],[],33,8.48,0.49,0.08,1.1,1,10,0.07,93,3,25.79
ea749499-1059-5e9c-8f8d-2b272f58d012,H0100110000a,1403,"귤, 온주밀감, 하례조생, 노지, 생것","귤,온주밀감,하례조생,노지,생것",귤,귤,과일류,생것,농진청('19),10.4,INGREDIENT,1,0,,16,MEASURED,[],[],37,9.74,0.4,0.08,1.2,1,11,0.06,114,5,34.75
6802458b-aa23-5012-8cc4-726227c5e527,H0100120000a,1404,"귤, 온주밀감, 하례조생, 하우스, 생것","귤,온주밀감,하례조생,하우스,생것",귤,귤,과일류,생것,농진청('18),10.4,INGREDIENT,1,0,,16,MEASURED,[],[],44,11.18,0.71,0.14,1.5,3,20,0.29,110,5,27.27
25ed8d30-df71-5153-b0a0-f4b9e5b4d01b,H0100130000a,1405,"귤, 온주밀감, 흥진조생, 생것","귤,온주밀감,흥진조생,생것",귤,귤,과일류,생것,농진청('19),10.4,INGREDIENT,1,0,,16,MEASURED,[],[],40,10.41,0.48,0.14,1.4,2,10,0.08,95,6,30.71
eefa1ac9-e0db-5e4c-8d89-0f242a82e4cb,H0100030000a,1406,"귤, 임온주, 생것","귤,임온주,생것",귤,귤,과일류,생것,농진청('03),10.4,INGREDIENT,1,0,,16,PARTIAL,[],[],43,10.8,1,0.1,,15,9,0.6,120,0,48
daa6cbcc-7a37-5401-96dd-f82c5342b379,H0130000759a,1407,귤 주스,귤 주스,귤 주스,귤주스,과일류,,농진청('20),10.4,INGREDIENT,1,0,,1,MEASURED,[],[],37,9.58,0.46,0.08,0.6,1,7,0.18,117,4,2.53
0eda5f22-f9d8-5b7d-b53b-4feecf298c11,H0120000009a,1408,"귤, 잼","귤,잼",귤,귤,과일류,,농진청('22),10.4,INGREDIENT,1,0,,16,MEASURED,[],[],289,71.51,0.62,0.08,0.9,1,15,0.13,119,7,5.68
021e1b25-c603-526b-b8f5-cef33f17f942,H010000E03Ra,1409,"귤, 통조림","귤,통조림",귤,귤,과일류,통조림,농진청('22),10.4,INGREDIENT,1,0,,16,MEASURED,[],[],58,13.61,0.52,0.17,0.5,1,16,0.15,83,8,13.37
15f4ff65-f7d8-567a-a0d8-a104d9548258,H0140000000a,1410,"금귤, 생것","금귤,생것",금귤,금귤,과일류,생것,농진청('14),10.4,INGREDIENT,1,1,GENERIC_RAW,1,MEASURED,[],[],73,18.77,1.19,0.13,3.2,5,37,0.33,226,3,28.89
21d5a267-cf59-54a2-9f87-289d13255e59,H114000B130a,1411,"꾸지뽕, 열매, 생것","꾸지뽕,열매,생것",꾸지뽕,꾸지뽕,과일류,생것,농진청('16),10.4,INGREDIENT,1,0,,5,MEASURED,[],[],74,13.81,1.74,2.16,3.5,1,36,0.21,365,24,19.79
3f753843-6ca9-5a6d-a3bf-847606b9d0b1,H0150000000a,1412,"다래, 생것","다래,생것",다래,다래,과일류,생것,농진청('24),10.4,INGREDIENT,1,1,GENERIC_RAW,1,MEASURED,[],[],60,13.32,0.94,1.07,3,1,42,0.26,292,13,96.89
69ba47c8-1443-5930-ae7c-ebf986783aac,H0160000000a,1413,"대추, 생것","대추,생것",대추,대추,과일류,생것,농진청('14),10.4,INGREDIENT,1,1,GENERIC_RAW,2,MEASURED,[],[],105,27.56,1.45,0.1,3,1,14,0.28,310,2,85.99
91a37d09-bc23-5a98-bfd0-e1cced86c7d3,H0160000001a,1414,"대추, 말린것","대추,말린것",대추,대추,과일류,말린것,농진청('14),10.4,INGREDIENT,1,0,,2,MEASURED,[],[],276,72.57,3.73,0.25,9.5,2,39,0.75,805,4,18.79
204d541b-5c1f-5982-8acf-cb2b0fdad379,H0170000001a,1415,"대추야자, 말린것","대추야자,말린것",대추야자,대추야자,과일류,말린것,농진청('22),10.4,INGREDIENT,1,1,LOWEST_COMPLEXITY_VARIANT,1,MEASURED,[],[],277,74.44,2.36,0.18,7.1,4,54,0.9,578,7,0
54f169c0-79ae-50f3-9c03-4a82eb0aadf1,H0180000000a,1416,"두리안, 생것","두리안,생것",두리안,두리안,과일류,생것,JAPAN('20),10.4,INGREDIENT,1,1,GENERIC_RAW,1,MEASURED,"[""sodium_mg""]",[],140,27.1,2.3,3.3,2.1,0,5,0.3,510,3,31
3d1052f7-b87d-5170-9492-62afe8f540d7,H0190010000a,1417,"딸기, 생것","딸기,생것",딸기,딸기,과일류,생것,농진청('23),10.4,INGREDIENT,1,1,GENERIC_RAW,6,MEASURED,[],[],33,8.15,0.75,0.14,1.5,1,12,0.23,179,1,62.95
0a426999-148b-5f12-aa31-da795d6dedd5,H0190020000a,1418,"딸기, 설향, 생것","딸기,설향,생것",딸기,딸기,과일류,생것,농진청('23),10.4,INGREDIENT,1,0,,6,MEASURED,[],[],34,8.33,0.74,0.14,1.5,1,14,0.25,164,1,65.74
f8726dcd-e19b-5c7b-bd96-e0d8ba83b4aa,H0190010001a,1420,"딸기, 말린것","딸기,말린것",딸기,딸기,과일류,말린것,농진청('22),10.4,INGREDIENT,1,0,,6,MEASURED,[],[],306,75.48,6.97,1.29,13.8,14,257,8.91,2039,1,302.22
e67310b6-90eb-5ec8-b944-61cbae742c32,H0210000009a,1421,"딸기, 잼","딸기,잼",딸기,딸기,과일류,,농진청('20),10.4,INGREDIENT,1,0,,6,MEASURED,[],[],285,70.45,0.51,0.09,0.5,3,12,0.15,113,0,11.24
4e571358-dc35-5a39-b724-332a81608ef1,H0220000000a,1422,"라임, 생것","라임,생것",라임,라임,과일류,생것,USDA('18),10.4,INGREDIENT,1,1,GENERIC_RAW,1,MEASURED,[],[],30,10.54,0.7,0.2,2.8,2,33,0.6,102,3,29.1
2e090e00-ee42-57ab-aecb-daf86ee69b67,H0230000759a,1423,"라임 주스, 천연과즙","라임 주스,천연과즙",라임 주스,라임주스,과일류,,USDA('18),10.4,INGREDIENT,1,0,,2,MEASURED,[],[],25,8.42,0.42,0.07,0.4,2,14,0.09,117,3,30
4d3b8000-c6c7-5f8c-b529-0046226633ec,H023000000Qa,1424,"라임 주스, 캔","라임 주스,캔",라임 주스,라임주스,과일류,,USDA('18),10.4,INGREDIENT,1,0,,2,MEASURED,[],[],21,6.69,0.25,0.23,0.4,16,12,0.23,75,1,6.4
b4169ff3-229d-5c77-a713-49e41a8c015d,H1150000000a,1425,"라즈베리, 생것","라즈베리,생것",라즈베리,라즈베리,과일류,생것,USDA('18),10.4,INGREDIENT,1,1,GENERIC_RAW,2,MEASURED,[],[],52,11.94,1.2,0.65,6.5,1,25,0.69,151,1,26.2
8227491a-ddd5-5998-8900-30633dbb164c,H1150000007a,1426,"라즈베리, 냉동","라즈베리,냉동",라즈베리,라즈베리,과일류,냉동,USDA('18),10.4,INGREDIENT,1,0,,2,MEASURED,[],[],56,12.55,1.15,0.81,4.3,4,24,0.76,184,1,17.6
17ed529a-93c8-53ad-bcfb-1307c9b1a484,H123000E01Ra,1427,"람부탄, 통조림","람부탄,통조림",람부탄,람부탄,과일류,통조림,농진청('24),10.4,INGREDIENT,1,1,LOWEST_COMPLEXITY_VARIANT,1,MEASURED,[],[],88,20.92,0.58,0.19,0.9,6,20,0.18,39,0,9.23
d9ce7724-e0fc-5ac9-8727-ea0b29bf0e2b,H0240000000a,1428,"레몬, 생것","레몬,생것",레몬,레몬,과일류,생것,농진청('14),10.4,INGREDIENT,1,1,GENERIC_RAW,2,MEASURED,[],[],36,9.27,0.71,0.08,1.1,2,32,0.1,122,0,52.07
df90ad10-68f9-5e5a-8b9d-006ff4383094,H0250000009a,1429,레몬 착즙,레몬 착즙,레몬 착즙,레몬착즙,과일류,,농진청('23),10.4,INGREDIENT,1,1,EXACT_BASE_NAME,1,MEASURED,[],[],18,6.07,0.45,0.05,0.5,2,8,0.04,156,0,34.4
8d902b4b-6eb9-58ac-b7a1-cb31ee9da0a0,H0260000000a,1430,"롱안, 생것","롱안,생것",롱안,롱안,과일류,생것,USDA('18),10.4,INGREDIENT,1,1,GENERIC_RAW,2,PARTIAL,[],[],60,15.14,1.31,0.1,1.1,0,1,0.13,266,,84
a371aacc-5a49-545a-8f8f-df83acbb8314,H0260000001a,1431,"롱안, 말린것","롱안,말린것",롱안,롱안,과일류,말린것,USDA('18),10.4,INGREDIENT,1,0,,2,PARTIAL,[],[],286,74,4.9,0.4,,48,45,5.4,658,0,28
3f4b12e2-5e3f-57a0-a7d8-424f32550fd7,H0270000000a,1432,"리치, 생것","리치,생것",리치,리치,과일류,생것,JAPAN('20),10.4,INGREDIENT,1,1,GENERIC_RAW,3,QUALIFIED,"[""sodium_mg""]","[""vitamin_a_mcg_rae""]",61,16.4,1,0.1,0.9,0,2,0.2,170,0,36
0fc6e58c-96f8-56dc-8eef-d767fdd5fd9e,H0270000007a,1433,"리치, 냉동","리치,냉동",리치,리치,과일류,냉동,농진청('15),10.4,INGREDIENT,1,0,,3,MEASURED,[],[],56,14.52,0.85,0.08,0.9,2,3,0.18,151,0,7.88
41e02a1f-ac4d-535d-9c3e-3db272e4313f,H1250000000a,1434,"마가목 열매, 생것","마가목 열매,생것",마가목 열매,마가목열매,과일류,생것,농진청('87),10.4,INGREDIENT,1,1,GENERIC_RAW,1,PARTIAL,[],[],115,25.5,1.3,0.8,,,2,0.1,,0,2
cf97e106-b894-5fd6-a25c-afc4ec4f676b,H0280000000a,1435,"망고, 생것","망고,생것",망고,망고,과일류,생것,농진청('20),10.4,INGREDIENT,1,1,GENERIC_RAW,3,MEASURED,[],[],59,15.36,0.73,0.12,1.5,0,7,0.24,142,47,21.62
79e916ef-ccb2-5ebd-8fa8-1dec3e6085f8,H108000E019a,1436,망고 음료,망고 음료,망고 음료,망고음료,과일류,,농진청('16),10.4,INGREDIENT,1,0,,1,MEASURED,[],[],28,7.71,0.04,0.01,0,9,4,0.02,11,11,13.77
fe8aad0b-8d8c-51f5-bca4-836b62e3add7,H0280010000a,1437,"망고, 애플망고, 생것","망고,애플망고,생것",망고,망고,과일류,생것,농진청('20),10.4,INGREDIENT,1,0,,3,MEASURED,[],[],52,13.27,0.65,0.2,1.5,0,9,0.17,156,23,32.41
6c0c692a-0d4e-5cc2-a8af-8368c0710a03,H1160000000a,1438,"망고스틴, 생것","망고스틴,생것",망고스틴,망고스틴,과일류,생것,JAPAN('20),10.4,INGREDIENT,1,1,GENERIC_RAW,1,QUALIFIED,[],"[""vitamin_a_mcg_rae""]",71,17.5,0.6,0.2,1.4,1,6,0.1,100,0,3
65bf1ec1-bd31-5fbc-ba46-05b11c151e81,H0290000000a,1439,"매실, 생것","매실,생것",매실,매실,과일류,생것,농진청('08),10.4,INGREDIENT,1,1,GENERIC_RAW,4,PARTIAL,[],[],41,7.8,1.1,1.1,,3,28,3.7,301,1,11
2302627d-3fc1-564c-90e1-f9af6f309415,H0290030000a,1440,"매실, 남고, 생것","매실,남고,생것",매실,매실,과일류,생것,농진청('19),10.4,INGREDIENT,1,0,,4,MEASURED,[],[],26,6.24,0.94,0.77,2.3,2,9,0.19,239,39,4.91
2c16c101-1fd9-5a6e-aeaa-388efdd4fa6a,H0290010000a,1441,"매실, 선암매, 생것","매실,선암매,생것",매실,매실,과일류,생것,농진청('10),10.4,INGREDIENT,1,0,,4,PARTIAL,[],[],39,8,1.2,0.7,,1,13,0.7,341,20,6
bb0f8489-f1b7-5ba7-b7fc-ea589541a2eb,H0290020000a,1442,"매실, 천매, 생것","매실,천매,생것",매실,매실,과일류,생것,농진청('08),10.4,INGREDIENT,1,0,,4,PARTIAL,[],[],37,8.1,0.7,0.6,,2,8,0.6,225,22,5
98397b56-1b35-5c08-af52-3ed50757264a,H030000000Ha,1443,매실청,매실청,매실청,매실청,과일류,,농진청('20),10.4,INGREDIENT,1,1,EXACT_BASE_NAME,1,MEASURED,[],[],213,52.72,0.23,0.18,0.3,1,4,0.11,104,0,0.2
6f5f25e1-6400-5167-b9c5-a543aff17467,H031000000Ha,1444,"매실 절임, 당절임, 고형물","매실 절임,당절임,고형물",매실 절임,매실절임,과일류,,농진청('20),10.4,INGREDIENT,1,1,LOWEST_COMPLEXITY_VARIANT,2,MEASURED,[],[],216,51.08,1.86,0.52,7.9,1,19,0.48,159,57,0
293c9255-cdd4-5607-9add-20b35c29e4f2,H031000000Ia,1445,"매실 절임, 염절임, 고형물","매실 절임,염절임,고형물",매실 절임,매실절임,과일류,,JAPAN('20),10.4,INGREDIENT,1,0,,2,MEASURED,[],[],29,8.6,0.9,0.7,3.3,7200,33,1.1,220,0,0
c9a57528-335e-5fac-bbdf-bc5798ee58a1,H032000B220a,1446,"머루, 생것, 껍질과 씨 포함","머루,생것,껍질과 씨 포함",머루,머루,과일류,,농진청('18),10.4,INGREDIENT,1,0,,4,MEASURED,[],[],79,18.32,1.51,0.94,2.5,0,60,0.53,286,7,3.57
7ae777a9-9d34-5f91-9be8-12467b41e5fc,H0320010000a,1447,"머루, 개량머루, 생것, 껍질과 씨 포함","머루,개량머루,생것,껍질과 씨 포함",머루,머루,과일류,,농진청('18),10.4,INGREDIENT,1,0,,4,MEASURED,[],[],83,17.27,1.6,1.83,2,1,51,0.65,299,8,5.31
53366bad-687b-5223-8527-5fd4219ca04d,H0320030000a,1448,"머루, 머스켓베일리에이, 생것","머루,머스켓베일리에이,생것",머루,머루,과일류,생것,농진청('18),10.4,INGREDIENT,1,1,NUTRITION_MEDOID_RAW,4,MEASURED,[],[],76,18.96,0.34,0.75,1.6,0,4,0.17,189,1,2.03
9cd4447a-106a-5918-9b0f-7f227512b38e,H032004B220a,1449,"머루, 왕머루, 생것, 껍질과 씨 포함","머루,왕머루,생것,껍질과 씨 포함",머루,머루,과일류,,농진청('18),10.4,INGREDIENT,1,0,,4,MEASURED,[],[],87,19.67,1.58,1.27,2.7,0,89,0.42,378,6,2.96
69e7a53a-11ea-5ae7-968f-2d8b21cc2bb0,H0340010000a,1451,"멜론, 감로, 생것","멜론,감로,생것",멜론,멜론,과일류,생것,농진청('22),10.4,INGREDIENT,1,1,NUTRITION_MEDOID_RAW,2,MEASURED,[],[],36,9.59,0.27,0.08,1,25,10,0.17,213,3,10.26
a0a00ea9-01e1-5858-86d4-7d222f87567a,H0340020000a,1452,"멜론, 머스크, 생것","멜론,머스크,생것",멜론,멜론,과일류,생것,농진청('16),10.4,INGREDIENT,1,0,,2,MEASURED,[],[],37,9.12,1.2,0.04,1.2,10,7,0.34,330,2,8.77
cf245e8c-91f9-57d2-a95f-7d67d3a4027a,H0350000000a,1454,"모과, 생것","모과,생것",모과,모과,과일류,생것,식약('96),10.4,INGREDIENT,1,1,GENERIC_RAW,1,PARTIAL,[],[],78,20,0.7,0.4,,2,21,0.5,247,1,81
2486bcd9-d8ee-5188-bd4c-3759514d3bac,H0360010000a,1456,"무화과, 승정도후인, 생것","무화과,승정도후인,생것",무화과,무화과,과일류,생것,농진청('19),10.4,INGREDIENT,1,1,NUTRITION_MEDOID_RAW,5,MEASURED,[],[],47,12.12,0.79,0.15,1.3,0,41,0.33,176,2,1.12
4623454f-549c-5a6d-8b41-8678689bfaab,H0360020000a,1457,"무화과, 봉래시, 생것","무화과,봉래시,생것",무화과,무화과,과일류,생것,농진청('14),10.4,INGREDIENT,1,0,,5,MEASURED,[],[],45,11.6,0.76,0.11,1.4,0,36,0.31,177,2,2.93
4a77a001-8c87-5b17-b9aa-4678101e28dd,H0360000001a,1458,"무화과, 수입산, 말린것","무화과,수입산,말린것",무화과,무화과,과일류,말린것,농진청('14),10.4,INGREDIENT,1,0,,5,MEASURED,[],[],319,77.22,4.75,3.01,20.8,14,458,2.02,925,4,2.3
d67be4a6-7356-520d-9655-c61484f275f5,H0360010001a,1459,"무화과, 승정도후인, 말린것","무화과,승정도후인,말린것",무화과,무화과,과일류,말린것,농진청('09),10.4,INGREDIENT,1,0,,5,PARTIAL,[],[],254,63.6,5.1,0.9,,9,265,1.3,1225,1,0
ac8afdce-b717-59e8-9735-5b25a4134fae,H036000000Ra,1460,"무화과, 통조림","무화과,통조림",무화과,무화과,과일류,통조림,JAPAN('20),10.4,INGREDIENT,1,0,,5,MEASURED,[],[],78,19.4,0.5,0.1,1.2,8,30,0.1,110,0,0
dac1d12c-e211-530e-abeb-3d0417a10c44,H0370000000a,1461,"바나나, 생것","바나나,생것",바나나,바나나,과일류,생것,농진청('20),10.4,INGREDIENT,1,1,GENERIC_RAW,2,MEASURED,[],[],77,20,1.11,0.2,2.2,0,6,0.25,355,2,6.6
59a0d886-2be1-5def-b510-84bacb44db85,H0370000001j,1463,"바나나칩, 튀긴것","바나나칩,튀긴것",바나나칩,바나나칩,과일류,튀긴것,농진청('14),10.4,INGREDIENT,1,1,LOWEST_COMPLEXITY_VARIANT,1,MEASURED,[],[],516,69.28,2.07,25.67,7.9,1,19,0.5,534,22,10.49
4b3335fe-9f2b-59ec-9ac8-65079afc9af9,H0380000000a,1464,"배, 생것","배,생것",배,배,과일류,생것,농진청('14),10.4,INGREDIENT,1,1,GENERIC_RAW,5,MEASURED,[],[],45,12.24,0.29,0.04,1.1,0,2,0.06,124,0,2.65
79c2531d-afa0-5706-b858-dc75540fced0,H0380010000a,1465,"배, 돌배, 생것","배,돌배,생것",배,배,과일류,생것,농진청('23),10.4,INGREDIENT,1,0,,5,MEASURED,[],[],45,11.61,0.3,0.22,1.8,0,5,0.11,152,0,2.74
2c7a1ab7-802b-5aca-af3d-6dd0e0b43d15,H0380090000a,1467,"배, 만풍, 생것","배,만풍,생것",배,배,과일류,생것,농진청('14),10.4,INGREDIENT,1,0,,5,MEASURED,[],[],44,11.98,0.26,0.04,1.2,0,1,0.07,107,0,3.02
5cb4971b-d4ec-56a1-8672-1bd54a262187,H0380040000a,1469,"배, 신고, 생것","배,신고,생것",배,배,과일류,생것,농진청('14),10.4,INGREDIENT,1,0,,5,MEASURED,[],[],46,12.4,0.3,0.04,1.3,0,1,0.05,128,0,2.76
c2e54e2b-89a9-5951-a0c7-d21b80fb71c7,H0380100000a,1470,"배, 원황, 생것","배,원황,생것",배,배,과일류,생것,농진청('14),10.4,INGREDIENT,1,0,,5,MEASURED,[],[],46,12.34,0.29,0.04,0.8,0,2,0.07,138,0,2.16
bb98002f-6898-5adf-adc5-9de3bb2f6e6e,H0390000009a,1473,배즙,배즙,배즙,배즙,과일류,,농진청('20),10.4,INGREDIENT,1,1,EXACT_BASE_NAME,1,MEASURED,[],[],38,10.33,0.23,0,0,2,2,0.06,63,0,0
432fe572-0e39-5b13-a37b-32c52ae19dba,H1070000619a,1474,"배 음료, 캔","배 음료,캔",배 음료,배음료,과일류,,농진청('16),10.4,INGREDIENT,1,0,,1,MEASURED,[],[],42,11.76,0,0,1,0,0,0,13,0,15.01
13d79235-38de-580f-8bc6-3e421e912d3b,H0960000000a,1475,"백향과(패션프루트), 생것, 씨 포함","백향과(패션프루트),생것,씨 포함",백향과(패션프루트),백향과패션프루트,과일류,,농진청('13),10.4,INGREDIENT,1,1,LOWEST_COMPLEXITY_VARIANT,1,MEASURED,[],[],100,22.58,1.68,1.55,6.5,1,5,0.65,248,58,24.29
acac91d0-67d1-58be-8064-3d7bd374afac,H0970000759a,1476,"백향과(패션프루트) 주스, 천연과즙","백향과(패션프루트) 주스,천연과즙",백향과(패션프루트) 주스,백향과패션프루트주스,과일류,,JAPAN('20),10.4,INGREDIENT,1,0,,3,MEASURED,[],[],67,16.2,0.8,0.4,0,5,4,0.6,280,92,16
5c44fff6-eaab-5715-bde5-dd607382c016,H0970000849a,1477,"백향과(패션프루트) 주스, 황색과육","백향과(패션프루트) 주스,황색과육",백향과(패션프루트) 주스,백향과패션프루트주스,과일류,,USDA('18),10.4,INGREDIENT,1,0,,3,MEASURED,[],[],60,14.45,0.67,0.18,0.2,6,4,0.36,278,44,18.2
bd4d0e0f-1460-54dd-a59d-22c2f52d5287,H0970000879a,1478,"백향과(패션프루트) 주스, 자색과육","백향과(패션프루트) 주스,자색과육",백향과(패션프루트) 주스,백향과패션프루트주스,과일류,,USDA('18),10.4,INGREDIENT,1,0,,3,MEASURED,[],[],51,13.6,0.39,0.05,0.2,6,4,0.24,278,35,29.8
91f9b58f-819f-50eb-a02e-20c4a66086e4,H0410000000a,1479,"버찌, 생것","버찌,생것",버찌,버찌,과일류,생것,농진청('10),10.4,INGREDIENT,1,1,GENERIC_RAW,1,PARTIAL,[],[],60,14.9,1.7,0.1,,1,22,1,350,2,10
e4104418-d1c7-5012-9386-bd4770de3d9e,H1260000001a,1483,"보리밥 열매, 말린것","보리밥 열매,말린것",보리밥 열매,보리밥열매,과일류,말린것,농진청('86),10.4,INGREDIENT,1,0,,1,PARTIAL,[],[],354,68.5,18.5,1.3,,,3,0.5,,2,0
eb68dc38-ab33-5823-8f4c-9dec4fed5eb3,H0420000000a,1484,"복분자, 생것","복분자,생것",복분자,복분자,과일류,생것,농진청('22),10.4,INGREDIENT,1,1,GENERIC_RAW,1,MEASURED,[],[],63,14.66,1.32,0.72,7,2,50,1,208,1,3.94
1e907645-62f2-5598-8ddb-c1f2c9156f04,H0430020000a,1486,"복숭아, 백도, 생것","복숭아,백도,생것",복숭아,복숭아,과일류,생것,농진청('15),10.4,INGREDIENT,1,1,NUTRITION_MEDOID_RAW,12,MEASURED,[],[],49,13.1,0.59,0.04,2.6,0,4,0.11,216,0,2.1
2e6b2590-47ff-5ca0-8d4a-c30958f15cea,H043003000Ra,1487,"복숭아, 백도, 통조림","복숭아,백도,통조림",복숭아,복숭아,과일류,통조림,농진청('15),10.4,INGREDIENT,1,0,,12,MEASURED,[],[],66,16.04,0.28,0.03,2.1,2,7,0.08,51,0,0.98
c8623cf2-d209-5d90-b7ee-24e82991c76a,H043002251Ra,1488,"복숭아, 백도, 통조림, 고형물","복숭아,백도,통조림,고형물",복숭아,복숭아,과일류,,농진청('15),10.4,INGREDIENT,1,0,,12,MEASURED,[],[],68,16.51,0.38,0.05,3.1,2,9,0.11,54,1,0.95
a3b1deef-b559-5101-9133-0619a86283e5,H043002252Ra,1489,"복숭아, 백도, 통조림, 액즙","복숭아,백도,통조림,액즙",복숭아,복숭아,과일류,,농진청('15),10.4,INGREDIENT,1,0,,12,MEASURED,[],[],63,15.59,0.19,0,1.3,3,6,0.06,47,0,1.02
842c4999-b74c-54d5-aa98-067febd8bfc2,H0430070000a,1490,"복숭아, 천도, 생것","복숭아,천도,생것",복숭아,복숭아,과일류,생것,농진청('23),10.4,INGREDIENT,1,0,,12,MEASURED,[],[],39,9.44,0.79,0.24,1.8,2,7,0.23,220,5,5.79
fbdb47e7-67b6-5fa4-a978-56dc1998b746,H0430090000a,1491,"복숭아, 천중도, 생것","복숭아,천중도,생것",복숭아,복숭아,과일류,생것,농진청('16),10.4,INGREDIENT,1,0,,12,PARTIAL,[],[],49,11.18,0.74,0.79,,0,1,0.19,238,0,4.66
1e544ff3-bc75-52ef-90ac-4d187b2b1b19,H0430080000a,1492,"복숭아, 황도, 생것","복숭아,황도,생것",복숭아,복숭아,과일류,생것,농진청('15),10.4,INGREDIENT,1,0,,12,MEASURED,[],[],49,13.03,0.4,0.04,4.3,2,5,0.09,188,9,1.67
43f173f6-c526-5746-af2c-3c88f9b861a0,H043008000Ra,1493,"복숭아, 황도, 통조림","복숭아,황도,통조림",복숭아,복숭아,과일류,통조림,농진청('15),10.4,INGREDIENT,1,0,,12,MEASURED,[],[],81,19.95,0.31,0.03,2.5,3,5,0.1,48,3,10.8
d711ba51-3f68-5f1c-8984-6fb91bef624e,H043008251Ra,1494,"복숭아, 황도, 통조림, 고형물","복숭아,황도,통조림,고형물",복숭아,복숭아,과일류,,농진청('15),10.4,INGREDIENT,1,0,,12,MEASURED,[],[],83,20.29,0.44,0.05,3.8,3,6,0.14,49,6,10.83
3d2ae76f-509f-5e6b-9100-ad83f64b20d3,H043008252Ra,1495,"복숭아, 황도, 통조림, 액즙","복숭아,황도,통조림,액즙",복숭아,복숭아,과일류,,농진청('15),10.4,INGREDIENT,1,0,,12,MEASURED,[],[],79,19.62,0.19,0,1.4,2,5,0.07,46,0,10.77
4ced9b17-6b8e-5229-ba66-8ce2fc8897a4,H0440000009a,1497,"복숭아, 넥타","복숭아,넥타",복숭아,복숭아,과일류,,농진청('15),10.4,INGREDIENT,1,0,,12,MEASURED,[],[],54,13.07,0.29,0.03,0.5,4,9,0.15,77,7,15.45
7c0d017b-65c0-5cf6-8845-2e0292d30f62,H0450000009a,1498,"복숭아, 잼","복숭아,잼",복숭아,복숭아,과일류,,농진청('15),10.4,INGREDIENT,1,0,,12,MEASURED,[],[],211,52.01,0.66,0.03,1.8,8,8,0.14,155,15,0
dcdf3d6d-1aba-5360-a3b5-836c95c0f72a,H0460000000a,1499,"블랙베리, 생것","블랙베리,생것",블랙베리,블랙베리,과일류,생것,농진청('21),10.4,INGREDIENT,1,1,GENERIC_RAW,2,MEASURED,[],[],46,9.61,1.34,0.81,4.2,1,29,0.66,141,15,8.07
27d5780b-35a6-578d-aa54-78eade13df45,H1180000000a,1500,"블랙커런트, 생것","블랙커런트,생것",블랙커런트,블랙커런트,과일류,생것,USDA('18),10.4,INGREDIENT,1,1,GENERIC_RAW,1,PARTIAL,[],[],63,15.38,1.4,0.41,,2,55,1.54,322,0,181
defc7950-bef6-5ccd-9883-0c679d2da23d,H0470000000a,1501,"블루베리, 생것","블루베리,생것",블루베리,블루베리,과일류,생것,농진청('20),10.4,INGREDIENT,1,1,GENERIC_RAW,5,MEASURED,[],[],43,11.11,0.5,0.12,2.4,0,9,0.23,70,2,6.9
2e1c679d-d179-50ad-9f5b-969e3f32f610,H0470000001a,1502,"블루베리, 말린것","블루베리,말린것",블루베리,블루베리,과일류,말린것,농진청('16),10.4,INGREDIENT,1,0,,5,MEASURED,[],[],325,83.57,4.45,1.11,18.8,3,35,3.04,585,12,0.33
62418a96-b5b1-5aa4-add2-2c82502ad3c9,H0470000007a,1503,"블루베리, 냉동","블루베리,냉동",블루베리,블루베리,과일류,냉동,농진청('15),10.4,INGREDIENT,1,0,,5,MEASURED,[],[],41,10.07,0.81,0.26,2.7,6,7,0.28,75,4,3.83
302f94fd-4187-5e99-a443-5ac0f9c5d0c3,H0480000009a,1504,"블루베리, 잼","블루베리,잼",블루베리,블루베리,과일류,,농진청('15),10.4,INGREDIENT,1,0,,5,MEASURED,[],[],283,70.22,0.21,0.11,2.9,13,7,0.07,23,0,0
bbc99807-3e64-5847-8b07-4e38c2063bbb,H047000000Ra,1505,"블루베리, 통조림","블루베리,통조림",블루베리,블루베리,과일류,통조림,USDA('18),10.4,INGREDIENT,1,0,,5,MEASURED,[],[],88,22.06,0.65,0.33,1.6,3,5,0.33,40,2,1.1
d9f713bf-fcb1-5121-9a48-24f11268b338,H0490000000a,1506,"비파, 생것","비파,생것",비파,비파,과일류,생것,농진청('16),10.4,INGREDIENT,1,1,GENERIC_RAW,2,PARTIAL,[],[],45,11.95,0.29,0.2,,0,15,0.05,167,11,7.49
34abbdc1-6dc4-52ea-97e5-07e2523e5989,H049000000Ra,1507,"비파, 통조림","비파,통조림",비파,비파,과일류,통조림,JAPAN('20),10.4,INGREDIENT,1,0,,2,MEASURED,"[""vitamin_c_mg""]",[],80,19.8,0.3,0.1,0.6,2,22,0.1,60,27,0
52a4d0cc-6ba9-5411-b39e-2b634686fbae,H0500000000a,1508,"사과, 생것","사과,생것",사과,사과,과일류,생것,농진청('20),10.4,INGREDIENT,1,1,GENERIC_RAW,10,MEASURED,[],[],52,13.96,0.26,0.07,1.8,0,3,0.11,116,1,2.03
8e001b87-6147-5299-aeed-c46f8671f6ed,H0500020000a,1509,"사과, 부사, 생것","사과,부사,생것",사과,사과,과일류,생것,농진청('16),10.4,INGREDIENT,1,0,,10,MEASURED,[],[],53,14.28,0.2,0.07,1.7,0,4,0.1,107,1,1.41
f9e5d58b-9b7e-59ba-8491-24753fa0bd56,H0500070000a,1510,"사과, 홍옥, 생것","사과,홍옥,생것",사과,사과,과일류,생것,농진청('16),10.4,INGREDIENT,1,0,,10,MEASURED,[],[],58,15.16,0.21,0.04,1.3,0,3,0.12,115,1,1.23
5118ec8d-a8d4-5384-b00e-ca1a66331122,H050003B020a,1511,"사과, 아오리, 생것","사과,아오리,생것",사과,사과,과일류,생것,농진청('13),10.4,INGREDIENT,1,0,,10,PARTIAL,[],[],52,14.16,0.27,0.04,2,0,2,0.12,108,1,
591e291e-cceb-5427-b95b-8e12150f6ba7,H050003B030a,1512,"사과, 아오리, 생것, 껍질 포함","사과,아오리,생것,껍질 포함",사과,사과,과일류,,농진청('13),10.4,INGREDIENT,1,0,,10,PARTIAL,[],[],49,13.36,0.3,0.03,1.7999999999999998,0,2,0.11,105,3,
a5bed226-2312-578e-9985-ddaff90d7dab,H0520000009a,1515,"사과, 잼","사과,잼",사과,사과,과일류,,농진청('19),10.4,INGREDIENT,1,0,,10,MEASURED,[],[],249,61.9,0.18,0.09,1.4,7,7,0,27,0,51.04
088fe036-d572-56e7-8ea1-4c25571a75a2,H050000000Ra,1516,"사과, 통조림","사과,통조림",사과,사과,과일류,통조림,농진청('24),10.4,INGREDIENT,1,0,,10,MEASURED,[],[],112,27.45,0.22,0.11,0.5,0,2,0.19,53,2,4.25
9257cebe-d578-53aa-959c-2c745f185aa0,H053000000Qa,1517,사과 음료,사과 음료,사과 음료,사과음료,과일류,,농진청('16),10.4,INGREDIENT,1,0,,1,MEASURED,[],[],38,9.36,0.03,0,0.1,15,2,0.01,8,0,21.2
99f610d1-00a6-5a67-b7e8-e1f40e2c8d9d,H0530000749a,1518,사과 주스,사과 주스,사과 주스,사과주스,과일류,,농진청('18),10.4,INGREDIENT,1,0,,1,MEASURED,[],[],42,11.45,0.17,0.01,0.7,3,2,0,106,0,44.01
d2383cf8-e565-593f-ae46-d16b9f088423,H0540000000a,1519,"산딸기, 생것","산딸기,생것",산딸기,산딸기,과일류,생것,농진청('15),10.4,INGREDIENT,1,1,GENERIC_RAW,1,MEASURED,[],[],55,13.55,1.35,0.22,6.9,0,29,0.34,154,4,9.84
7b70ba28-99cb-5a45-bcab-e49d7c80d7f1,H055000B130a,1520,"산수유, 열매, 생것","산수유,열매,생것",산수유,산수유,과일류,생것,농진청('15),10.4,INGREDIENT,1,1,NUTRITION_MEDOID_RAW,2,MEASURED,[],[],112,23.83,0.87,2.82,7.1,3,63,0.35,621,2,72.15
a5ff31bd-54ca-59c6-9b03-a39f6bfb6e99,H0550000590a,1521,"산수유, 과육, 말린것","산수유,과육,말린것",산수유,산수유,과일류,말린것,농진청('05),10.4,INGREDIENT,1,0,,2,PARTIAL,[],[],292,76.6,3.6,0.5,,7,209,6.2,2345,0,45
cc31a571-cfee-52a3-b34a-6591ce6096c3,H0560000000a,1522,"살구, 생것","살구,생것",살구,살구,과일류,생것,농진청('24),10.4,INGREDIENT,1,1,GENERIC_RAW,4,MEASURED,[],[],41,10.25,1.07,0.09,1.8,1,11,0.33,249,170,5.9
eac10c07-a6dd-54e9-aaa2-ed5d7c0fbbdd,H0560000001a,1523,"살구, 말린것","살구,말린것",살구,살구,과일류,말린것,농진청('19),10.4,INGREDIENT,1,0,,4,MEASURED,[],[],258,68.32,2.97,0.24,9.4,2,80,3.02,1236,139,0
dc422993-c462-5e85-8d0a-cb1532325343,H056000000Ra,1524,"살구, 통조림","살구,통조림",살구,살구,과일류,통조림,USDA('18),10.4,INGREDIENT,1,0,,4,MEASURED,[],[],48,12.34,0.63,0.04,1.6,4,12,0.3,165,84,4.9
60f7695a-ffe2-5c5e-80a0-6ed45ddb51c3,H0580000009a,1526,"살구, 잼","살구,잼",살구,살구,과일류,,농진청('15),10.4,INGREDIENT,1,0,,4,MEASURED,[],[],304,75.36,0.46,0.03,2.8,4,6,0.21,60,28,23.11
d607e407-82ca-5199-8bc3-94394caa0328,H0590000000a,1527,"석류, 생것","석류,생것",석류,석류,과일류,생것,농진청('15),10.4,INGREDIENT,1,1,GENERIC_RAW,1,MEASURED,[],[],77,20.71,0.29,0.2,5.8,1,6,0.26,242,0,7.08
99393994-e1e0-5e6f-85d5-fb75d26fcdfc,H0600000000a,1528,"소귀나무 열매, 생것","소귀나무 열매,생것",소귀나무 열매,소귀나무열매,과일류,생것,농진청('95),10.4,INGREDIENT,1,1,GENERIC_RAW,1,PARTIAL,[],[],24,4.6,0.8,0.6,,23,3,0.9,47,1,7
f2a06599-8066-5eba-ab79-c304733430eb,H0610030000a,1529,"수박, 적육질, 생것","수박,적육질,생것",수박,수박,과일류,생것,농진청('21),10.4,INGREDIENT,1,1,NUTRITION_MEDOID_RAW,2,MEASURED,[],[],30,7.59,0.76,0.06,0.2,1,6,0.18,109,61,8.64
fd31936e-af9a-5ee9-9ff8-6c853ca6524b,H0610040000a,1530,"수박, 황육질, 생것","수박,황육질,생것",수박,수박,과일류,생것,농진청('14),10.4,INGREDIENT,1,0,,2,MEASURED,[],[],36,9.21,0.65,0.07,0.3,1,4,0.2,116,8,9.78
2a29359f-d246-55c4-a80a-272078834902,H1190010000a,1531,"미니수박, 적육질, 생것","미니수박,적육질,생것",미니수박,미니수박,과일류,생것,농진청('16),10.4,INGREDIENT,1,1,NUTRITION_MEDOID_RAW,1,MEASURED,[],[],39,9.82,0.95,0.08,0.3,1,8,0.18,121,73,10.67
c147a841-70cc-58c1-8382-6569ff0f40ce,H0620000000a,1532,"산자나무 열매(씨벅톤), 생것","산자나무 열매(씨벅톤),생것",산자나무 열매(씨벅톤),산자나무열매씨벅톤,과일류,생것,농진청('96),10.4,INGREDIENT,1,1,GENERIC_RAW,1,PARTIAL,[],[],70,9.7,1,3.8,,20,6,2.8,239,0,91
7240d6ce-5fb8-509e-984d-70d333d5849a,H0630000000a,1533,"아떼모야, 생것","아떼모야,생것",아떼모야,아떼모야,과일류,생것,농진청('09),10.4,INGREDIENT,1,1,GENERIC_RAW,1,PARTIAL,[],[],73,19,1.2,0.1,,2,11,0.2,308,0,10
9ccd7099-7985-5117-a9a8-186792a8fae0,H1100010000a,1534,"아로니아, 네로, 생것","아로니아,네로,생것",아로니아,아로니아,과일류,생것,농진청('15),10.4,INGREDIENT,1,1,NUTRITION_MEDOID_RAW,2,MEASURED,[],[],60,15.41,0.82,0.21,7.1,0,33,0.37,185,59,2.63
93a3eddf-9a36-5c20-9332-9088e2c60d02,H1100020007a,1535,"아로니아, 바이킹, 냉동","아로니아,바이킹,냉동",아로니아,아로니아,과일류,냉동,농진청('15),10.4,INGREDIENT,1,0,,2,MEASURED,[],[],68,17.45,1.08,0.23,8.9,0,45,0.56,232,99,3.38
f261ae94-e3cd-56ea-974c-ab8c6e69d357,H0640000000a,1536,"아보카도, 생것","아보카도,생것",아보카도,아보카도,과일류,생것,USDA('18),10.4,INGREDIENT,1,1,GENERIC_RAW,1,MEASURED,[],[],160,8.53,2,14.66,6.7,7,12,0.55,485,5,10
3ecb164b-1e18-5826-927d-c2a650d11084,H0650010000a,1537,"아세로라, 감미종, 생것","아세로라,감미종,생것",아세로라,아세로라,과일류,생것,JAPAN('20),10.4,INGREDIENT,1,1,NUTRITION_MEDOID_RAW,1,MEASURED,[],[],36,9,0.7,0.1,1.9,7,11,0.5,130,31,800
3b50665b-26d4-53e4-9e31-23f0330a1cad,H1240000739a,1538,"아세로라 주스, 과즙 음료(10%)","아세로라 주스,과즙 음료(10%)",아세로라 주스,아세로라주스,과일류,,JAPAN('20),10.4,INGREDIENT,1,0,,1,MEASURED,[],[],42,10.5,0.1,0,0.2,1,1,0.1,13,3,120
6fe2276d-7d02-5033-8be8-4edfde2536b2,H0660000000a,1539,"앵두, 생것","앵두,생것",앵두,앵두,과일류,생것,농진청('08),10.4,INGREDIENT,1,1,GENERIC_RAW,1,PARTIAL,[],[],61,15.2,1.1,0.3,,10,23,0.5,268,0,17
59a0d1f1-7123-5912-9369-c660ddaaf5f4,H0670000000a,1540,"엘더베리, 생것","엘더베리,생것",엘더베리,엘더베리,과일류,생것,USDA('18),10.4,INGREDIENT,1,1,GENERIC_RAW,1,MEASURED,[],[],73,18.4,0.66,0.5,7,6,38,1.6,280,0,36
277654ba-a45b-598b-bf1a-c8be89954498,H0680000009a,1541,"오디, 생것","오디,생것",오디,오디,과일류,생것,농진청('22),10.4,INGREDIENT,1,1,GENERIC_RAW,1,MEASURED,[],[],50,12.05,0.88,0.47,1,2,49,0.44,225,3,16.22
c76b978a-4949-5b73-8899-3027a519a7ac,H0690000000a,1543,"오렌지, 생것","오렌지,생것",오렌지,오렌지,과일류,생것,농진청('20),10.4,INGREDIENT,1,1,GENERIC_RAW,3,MEASURED,[],[],47,11.86,1.15,0.11,1.3,2,44,0.17,152,3,55.9
be1ea063-84c4-5da8-a30d-56c8c60e8155,H0690020000a,1544,"오렌지, 발렌시아, 생것","오렌지,발렌시아,생것",오렌지,오렌지,과일류,생것,농진청('20),10.4,INGREDIENT,1,0,,3,MEASURED,[],[],48,11.91,1.37,0.05,0.6,2,51,0.2,166,5,61.29
22ee2505-2981-58d3-bdcb-e1cdfe9c62ce,H0710000009a,1545,오렌지 마멀레이드,오렌지 마멀레이드,오렌지 마멀레이드,오렌지마멀레이드,과일류,,농진청('21),10.4,INGREDIENT,1,1,EXACT_BASE_NAME,1,MEASURED,[],[],219,54.13,0.35,0.07,1.3,12,24,0.08,54,1,8.12
c7b00300-2a5f-559a-8585-cf2eee9c8b63,H0720000009a,1546,오렌지 주스,오렌지 주스,오렌지 주스,오렌지주스,과일류,,농진청('15),10.4,INGREDIENT,1,0,,1,MEASURED,[],[],36,9.49,0.58,0.04,0.2,2,22,0.07,155,1,51.44
b0c7ca3d-b836-5ff8-9556-856df29e6bf6,H072000000Qa,1547,"오렌지 음료, 캔","오렌지 음료,캔",오렌지 음료,오렌지음료,과일류,,농진청('16),10.4,INGREDIENT,1,0,,1,MEASURED,[],[],41,11.4,0.06,0.01,0,10,2,0.01,14,12,15.65
005a2a9f-9acc-5577-87d8-062d73224e5a,H1220000000a,1548,"오렴자(카람볼라), 생것","오렴자(카람볼라),생것",오렴자(카람볼라),오렴자카람볼라,과일류,생것,JAPAN('20),10.4,INGREDIENT,1,1,GENERIC_RAW,1,MEASURED,[],[],30,7.5,0.7,0.1,1.8,1,5,0.2,140,5,12
671e599e-3f90-5d12-b879-24e95bd33fa7,H0730000000a,1549,"오미자, 생것","오미자,생것",오미자,오미자,과일류,생것,농진청('15),10.4,INGREDIENT,1,1,GENERIC_RAW,3,MEASURED,[],[],81,14.21,1.92,2.81,6,1,15,0.41,316,0,13.83
b9a01867-0f93-5574-89e2-0cbe3f1c2409,H0730000001a,1550,"오미자, 말린것","오미자,말린것",오미자,오미자,과일류,말린것,농진청('24),10.4,INGREDIENT,1,0,,3,MEASURED,[],[],356,62.06,8.5,12.42,30.4,2,53,1.81,1372,1,0
a38b5256-de08-518f-8b46-7f57f933f856,H074000000Ha,1551,오미자청,오미자청,오미자청,오미자청,과일류,,농진청('18),10.4,INGREDIENT,1,1,EXACT_BASE_NAME,1,PARTIAL,[],[],226,55.87,0.14,0.26,,0,2,0.03,60,0,1.84
3620c0d0-4c9d-5d25-83a7-45c818cd593c,H076000C059a,1552,"올리브 절임, 미숙, 초록색","올리브 절임,미숙,초록색",올리브 절임,올리브절임,과일류,,농진청('16),10.4,INGREDIENT,1,0,,2,PARTIAL,[],[],137,5.34,1.09,12.36,,1625,151,0.77,44,21,0.25
0b808e3b-59d3-548b-8ab7-9f34b4593c7f,H0760000799a,1553,"올리브 절임, 완숙, 검은색","올리브 절임,완숙,검은색",올리브 절임,올리브절임,과일류,,JAPAN('20),10.4,INGREDIENT,1,1,LOWEST_COMPLEXITY_VARIANT,2,MEASURED,"[""vitamin_c_mg""]",[],121,3.4,0.8,12.3,2.5,640,68,0.8,10,0,0
efe51c35-66d2-583c-bfd6-b7afdfc49002,H0770010000a,1554,"용과, 백육종, 생것","용과,백육종,생것",용과,용과,과일류,생것,농진청('24),10.4,INGREDIENT,1,1,NUTRITION_MEDOID_RAW,2,MEASURED,[],[],57,13.14,1.01,0.71,1.4,0,6,0.3,269,0,3.84
5c20f0f2-1d43-5be3-b055-b6763ffb9919,H0770020000a,1555,"용과, 적육종, 생것","용과,적육종,생것",용과,용과,과일류,생것,농진청('24),10.4,INGREDIENT,1,0,,2,MEASURED,[],[],51,11.69,1.02,0.65,1.5,0,3,0.28,296,0,9.25
d68e9a6b-e691-507f-add9-1b544406e551,H078000B010a,1557,"유자, 전체, 생것","유자,전체,생것",유자,유자,과일류,생것,농진청('15),10.4,INGREDIENT,1,1,GENERIC_RAW_VARIANT,3,MEASURED,[],[],49,12.59,0.93,0.09,3.7,3,36,0.16,187,1,95.03
052486c1-1942-51c0-a56e-cf5c0a32a42d,H0780000590a,1558,"유자, 과육, 생것","유자,과육,생것",유자,유자,과일류,생것,농진청('15),10.4,INGREDIENT,1,0,,3,MEASURED,[],[],41,10.32,0.87,0.06,0.6,2,32,0.15,234,0,50.77
9b4f020f-8d99-57bf-b7ed-7fe69d73b2c3,H078000B050a,1559,"유자, 껍질, 생것","유자,껍질,생것",유자,유자,과일류,생것,농진청('15),10.4,INGREDIENT,1,0,,3,MEASURED,[],[],55,14.22,1.02,0.09,6.6,3,35,0.16,150,1,104.74
a88b6ae1-d11e-5393-afbc-a2883b648f0e,H0810000000a,1560,"으름, 생것","으름,생것",으름,으름,과일류,생것,농진청('87),10.4,INGREDIENT,1,1,GENERIC_RAW,1,PARTIAL,[],[],158,11.9,2,12.9,,,6,3.4,,3,31
4cd0aa0e-8fc6-5123-a2ed-1c5584f90cc6,H0820000000a,1561,"자두, 생것","자두,생것",자두,자두,과일류,생것,농진청('03),10.4,INGREDIENT,1,1,GENERIC_RAW,5,PARTIAL,[],[],26,5.3,0.5,0.6,,1,3,0.2,164,,5
927aa21a-b97b-5661-b9d5-0761357736cc,H0820010000a,1562,"자두, 대석, 생것","자두,대석,생것",자두,자두,과일류,생것,농진청('07),10.4,INGREDIENT,1,0,,5,PARTIAL,[],[],32,8.4,0.6,,0.5,11,6,0.4,135,2,7
13fc55f9-8ea4-523c-a60c-aac7b5a45a48,H0820040000a,1563,"자두, 포모사, 생것","자두,포모사,생것",자두,자두,과일류,생것,농진청('21),10.4,INGREDIENT,1,0,,5,MEASURED,[],[],43,11.08,0.62,0.06,2,0,5,0.18,185,7,3.8
e2493d7a-4385-51d4-a696-3dbf8348b796,H0820000001a,1564,"자두, 말린것, 프룬","자두,말린것,프룬",자두,자두,과일류,,농진청('22),10.4,INGREDIENT,1,0,,5,MEASURED,[],[],235,62.04,2.45,0.44,6.9,2,48,0.8,771,32,0.59
f9eec024-0806-5d9a-af05-73abca95e323,H0840000000a,1565,"자몽, 생것","자몽,생것",자몽,자몽,과일류,생것,농진청('16),10.4,INGREDIENT,1,1,GENERIC_RAW,1,MEASURED,[],[],32,7.93,0.84,0.05,1.2,1,31,0.12,164,46,31.75
045c9a54-1cdf-5738-b465-7aa392cada66,H1210000000a,1568,"잭프루트, 생것","잭프루트,생것",잭프루트,잭프루트,과일류,생것,USDA('18),10.4,INGREDIENT,1,1,GENERIC_RAW,2,MEASURED,[],[],95,23.25,1.72,0.64,1.5,2,24,0.23,448,5,13.7
8f06414e-b39e-595d-b188-c284b3715f87,H121000E01Ra,1569,"잭프루트, 통조림","잭프루트,통조림",잭프루트,잭프루트,과일류,통조림,USDA('18),10.4,INGREDIENT,1,0,,2,MEASURED,[],[],92,23.94,0.36,0.14,0.9,11,44,0.29,96,0,0.5
1481e017-bde6-55d4-bf7a-072e694ef21a,H086000B200a,1570,"참외, 생것, 씨 제거","참외,생것,씨 제거",참외,참외,과일류,,농진청('23),10.4,INGREDIENT,1,0,,2,MEASURED,[],[],40,10.49,0.59,0.04,1.1,2,5,0.16,388,0,27.88
72845bee-bde2-5736-9f89-90f79576e788,H086000B040a,1571,"참외, 생것, 씨 포함","참외,생것,씨 포함",참외,참외,과일류,,농진청('23),10.4,INGREDIENT,1,1,LOWEST_COMPLEXITY_VARIANT,2,MEASURED,[],[],43,10.15,1,0.4,1.6,2,6,0.25,394,0,22
6e8325ee-0b0a-5dd7-bfd0-a7207323d66b,H1110000000a,1573,"체리, 생것","체리,생것",체리,체리,과일류,생것,농진청('20),10.4,INGREDIENT,1,1,GENERIC_RAW,3,MEASURED,[],[],57,14.35,1.36,0.15,2.3,1,11,0.63,231,9,11.79
4ec4e8df-65b4-599b-b591-7d0852ebe7e0,H112000251Ra,1574,"체리, 통조림, 고형물, 빨간색","체리,통조림,고형물,빨간색",체리,체리,과일류,,농진청('22),10.4,INGREDIENT,1,0,,3,MEASURED,[],[],128,31.48,0.29,0.05,1.4,6,68,0.2,2,2,0
8b418d88-73c2-5319-bc95-6d885cbc9bab,H0880000000a,1576,"크랜베리, 생것","크랜베리,생것",크랜베리,크랜베리,과일류,생것,USDA('18),10.4,INGREDIENT,1,1,GENERIC_RAW,2,MEASURED,[],[],46,11.97,0.46,0.13,3.6,2,8,0.23,80,3,14
fc4029d4-4161-5047-8932-09f4c4869842,H0880000001a,1577,"크랜베리, 말린것, 가당","크랜베리,말린것,가당",크랜베리,크랜베리,과일류,,농진청('16),10.4,INGREDIENT,1,0,,2,MEASURED,[],[],314,85.73,0.25,0.58,5.6,2,8,0.27,56,2,0.73
71e12c26-8f1f-5acc-b853-3ebfdab63157,H0880000009a,1578,크랜베리 주스,크랜베리 주스,크랜베리 주스,크랜베리주스,과일류,,USDA('18),10.4,INGREDIENT,1,0,,2,MEASURED,[],[],46,12.2,0.39,0.13,0.1,2,8,0.25,77,2,9.3
97302592-4616-589c-8aa6-4cf8049a7608,H0890000869a,1579,"크랜베리 주스, 칵테일","크랜베리 주스,칵테일",크랜베리 주스,크랜베리주스,과일류,,USDA('18),10.4,INGREDIENT,1,0,,2,MEASURED,[],[],54,13.52,0,0.1,0,2,3,0.1,14,0,42.3
1d42bf92-88dd-59ce-86b3-c4b5927ccc49,H0900010000a,1580,"키위, 골드, 생것","키위,골드,생것",키위,키위,과일류,생것,농진청('21),10.4,INGREDIENT,1,1,NUTRITION_MEDOID_RAW,2,MEASURED,[],[],55,14.04,0.75,0.27,2.1,1,19,0.58,262,4,122.62
0c559857-27f2-50fd-8759-85fbe4b79be1,H0900020000a,1581,"키위, 그린, 생것","키위,그린,생것",키위,키위,과일류,생것,농진청('21),10.4,INGREDIENT,1,0,,2,MEASURED,[],[],61,14.55,0.91,0.68,2.6,2,27,0.4,289,7,81.4
305fe9df-5d90-5608-abb1-29ee768d0a3e,H1090002449a,1582,키위 주스,키위 주스,키위 주스,키위주스,과일류,,농진청('15),10.4,INGREDIENT,1,0,,1,MEASURED,[],[],180,49.68,0.25,0,2,154,9,0.02,27,0,53.62
234bac6d-13c3-5043-a740-4394a6f6d959,H0910000000a,1583,"탱자, 생것","탱자,생것",탱자,탱자,과일류,생것,농진청('92),10.4,INGREDIENT,1,1,GENERIC_RAW,1,PARTIAL,[],[],84,18.5,1.3,1.5,,2,9,0.1,27,1,132
5c83e7b0-eb45-5cfb-ae01-6aef18f55cc8,H0920000000a,1584,"파인애플, 생것","파인애플,생것",파인애플,파인애플,과일류,생것,농진청('23),10.4,INGREDIENT,1,1,GENERIC_RAW,6,MEASURED,[],[],53,14.05,0.48,0.06,1.3,0,13,0.14,113,5,40.5
9b4b7748-8bcb-5e61-adeb-b2aefb130d7d,H092000251Ra,1585,"파인애플, 통조림, 고형물","파인애플,통조림,고형물",파인애플,파인애플,과일류,,농진청('14),10.4,INGREDIENT,1,0,,6,MEASURED,[],[],78,19.18,0.31,0.04,1.7,1,8,0.17,74,0,7.91
2cbf830c-0dbb-5e01-9c7e-e16e5a5339b5,H092000252Ra,1586,"파인애플, 통조림, 액즙","파인애플,통조림,액즙",파인애플,파인애플,과일류,,농진청('14),10.4,INGREDIENT,1,0,,6,MEASURED,[],[],76,18.81,0.13,0,0,1,6,0.15,73,0,8.92
532ecba6-0890-5e96-85b6-bcfbae9adfc2,H0930000009a,1587,"파인애플, 넥타","파인애플,넥타",파인애플,파인애플,과일류,,농진청('09),10.4,INGREDIENT,1,0,,6,PARTIAL,[],[],71,17.4,0.3,0,,2,4,1,63,0,17
138e3d4b-821c-59fb-aa08-ed8453a3f921,H0940000749a,1588,파인애플 주스,파인애플 주스,파인애플 주스,파인애플주스,과일류,,농진청('14),10.4,INGREDIENT,1,0,,1,MEASURED,[],[],43,11.52,0.39,0.03,0,2,16,0.13,156,1,19.6
ae0835d0-9563-53fd-a064-d14dc90ea81a,H0950000580a,1590,"파파야, 미숙, 생것","파파야,미숙,생것",파파야,파파야,과일류,생것,농진청('13),10.4,INGREDIENT,1,1,NUTRITION_MEDOID_RAW,2,MEASURED,[],[],23,5.95,0.45,0.05,2.5,5,17,0.15,154,1,15.07
f526e15d-8eab-5b82-84d6-597e9f39191a,H0950002540a,1591,"파파야, 완숙, 생것","파파야,완숙,생것",파파야,파파야,과일류,생것,농진청('13),10.4,INGREDIENT,1,0,,2,MEASURED,[],[],40,10.24,0.7,0.08,1.9,9,16,0.26,220,17,63.48
0565b500-85d0-50fb-b738-61a84cf2eef6,H0980010000a,1592,"포도, 거봉, 생것","포도,거봉,생것",포도,포도,과일류,생것,농진청('24),10.4,INGREDIENT,1,0,,31,MEASURED,[],[],57,15.3,0.42,0.1,1,1,4,0.18,166,2,3.93
0313d38a-724b-5c65-aab5-9a4c0d409f41,H098001B030a,1593,"포도, 거봉, 생것, 껍질 포함","포도,거봉,생것,껍질 포함",포도,포도,과일류,,농진청('24),10.4,INGREDIENT,1,0,,31,MEASURED,[],[],59,15.54,0.59,0.11,1.5,1,7,0.2,191,5,5.81
776f2ac4-85d9-5625-b4b7-b9a96ff08b1b,H098010B030a,1594,"포도, 나르샤, 생것, 껍질 포함","포도,나르샤,생것,껍질 포함",포도,포도,과일류,,농진청('18),10.4,INGREDIENT,1,0,,31,MEASURED,[],[],58,15.18,0.55,0.22,1.9,1,14,0.3,322,5,4.22
3773e6c8-281a-5f6f-9240-b57cba10b16e,H0980030000a,1595,"포도, 델라웨어, 생것","포도,델라웨어,생것",포도,포도,과일류,생것,농진청('10),10.4,INGREDIENT,1,0,,31,PARTIAL,[],[],67,17.9,0.6,0.1,4.2,0,9,0.3,143,0,
23b10b3c-7849-5594-a420-feb30f010bb0,H0980110000a,1596,"포도, 두누리, 생것","포도,두누리,생것",포도,포도,과일류,생것,농진청('18),10.4,INGREDIENT,1,0,,31,MEASURED,[],[],57,14.82,0.44,0.25,2.5,0,4,0.13,174,4,2.56
36e9c546-370b-5d58-97e1-15a6fadad13e,H098012B030a,1597,"포도, 레드글로브, 생것, 껍질 포함","포도,레드글로브,생것,껍질 포함",포도,포도,과일류,,농진청('18),10.4,INGREDIENT,1,0,,31,MEASURED,[],[],57,14.91,0.4,0.24,1.4,6,6,0.17,146,1,1.24
1b5cd887-48ae-524f-a08b-cea8497c8244,H0980040000a,1598,"포도, 마스캇함브르그, 생것","포도,마스캇함브르그,생것",포도,포도,과일류,생것,농진청('10),10.4,INGREDIENT,1,0,,31,PARTIAL,[],[],66,17.3,0.5,0.2,,1,5,0.2,217,0,0
b5dac44c-0e20-59f9-a6f8-460f9de946af,H0980130000a,1599,"포도, 새마루, 생것","포도,새마루,생것",포도,포도,과일류,생것,농진청('18),10.4,INGREDIENT,1,0,,31,MEASURED,[],[],54,14.28,0.46,0.15,2.2,1,3,0.14,209,3,4.13
ef9a6a6e-e368-5e3b-ac56-74b50b099087,H0980250000a,1600,"포도, 샤이니스타, 생것","포도,샤이니스타,생것",포도,포도,과일류,생것,농진청('18),10.4,INGREDIENT,1,0,,31,MEASURED,[],[],76,20.2,0.49,0.22,2.6,0,11,0.23,243,7,4.39
8dbbbd60-a1a0-5841-bde6-cf7631f3a696,H098009B030a,1601,"포도, 샤인머스캣, 생것, 껍질 포함","포도,샤인머스캣,생것,껍질 포함",포도,포도,과일류,,농진청('18),10.4,INGREDIENT,1,0,,31,MEASURED,[],[],66,17.66,0.38,0.1,2.4,1,9,0.14,205,3,3.24
c6918c7e-f0d9-593b-b882-0280eab48ee7,H0980140000a,1603,"포도, 수옥, 생것","포도,수옥,생것",포도,포도,과일류,생것,농진청('18),10.4,INGREDIENT,1,0,,31,MEASURED,[],[],69,18.5,0.2,0.18,2.4,1,5,0.1,200,2,6.84
163ff71c-3e17-5835-a770-ca22cfc478b2,H098015B030a,1604,"포도, 스텔라, 생것, 껍질 포함","포도,스텔라,생것,껍질 포함",포도,포도,과일류,,농진청('18),10.4,INGREDIENT,1,0,,31,MEASURED,[],[],50,12.75,0.7,0.16,2,1,8,0.23,233,1,2.22
f9d5e871-6d4d-5e04-8423-3a9e93f11e5e,H0980160000a,1605,"포도, 진옥, 생것","포도,진옥,생것",포도,포도,과일류,생것,농진청('18),10.4,INGREDIENT,1,0,,31,MEASURED,[],[],52,13.88,0.45,0.08,1.4,1,4,0.13,196,2,2.41
41cf9aba-9901-5a05-88b4-f502a6538da0,H0980260000a,1606,"포도, 청수, 생것","포도,청수,생것",포도,포도,과일류,생것,농진청('18),10.4,INGREDIENT,1,0,,31,MEASURED,[],[],65,17.48,0.33,0.07,1.7,0,10,0.21,128,1,2.94
5d56d4da-09a0-5909-ba18-eccee5610ca0,H0980070000a,1607,"포도, 캠벨얼리, 생것","포도,캠벨얼리,생것",포도,포도,과일류,생것,농진청('18),10.4,INGREDIENT,1,0,,31,MEASURED,[],[],57,15.08,0.5,0.1,1.4,1,3,0.11,180,2,2.42
40156d3a-ba17-574d-a63f-7833790416ad,H098007B030a,1608,"포도, 캠벨얼리, 생것, 껍질 포함","포도,캠벨얼리,생것,껍질 포함",포도,포도,과일류,,농진청('13),10.4,INGREDIENT,1,0,,31,MEASURED,[],[],51,13.59,0.61,0.05,1.1,1,5,0.21,235,6,2.42
6d1ac7bb-84af-5ab5-8db2-e1adbb597cc2,H098007B220a,1609,"포도, 캠벨얼리, 생것, 껍질과 씨 포함","포도,캠벨얼리,생것,껍질과 씨 포함",포도,포도,과일류,,농진청('13),10.4,INGREDIENT,1,0,,31,MEASURED,[],[],58,15.01,0.71,0.13,2.2,1,9,0.17,224,6,2.42
e03bfbba-de18-5358-9e37-735883cc924b,H0980170000a,1610,"포도, 탄금추, 생것","포도,탄금추,생것",포도,포도,과일류,생것,농진청('18),10.4,INGREDIENT,1,0,,31,MEASURED,[],[],50,13.13,0.35,0.15,2.1,1,4,0.13,161,2,3.67
4504796c-9afc-5df1-bce7-b324723d921e,H0980180000a,1611,"포도, 탐나라, 생것","포도,탐나라,생것",포도,포도,과일류,생것,농진청('18),10.4,INGREDIENT,1,0,,31,MEASURED,[],[],49,13.14,0.4,0.06,2.3,0,4,0.14,154,2,2.03
a1c1ed00-f65c-5fd5-9129-2b0a0b40b01c,H0980190000a,1612,"포도, 홍단, 생것","포도,홍단,생것",포도,포도,과일류,생것,농진청('18),10.4,INGREDIENT,1,0,,31,MEASURED,[],[],59,15.75,0.37,0.13,1.8,1,6,0.11,173,1,2.6
ab593ca9-79ad-5a7d-94f5-ff1f93209953,H0980200000a,1613,"포도, 홍아람, 생것","포도,홍아람,생것",포도,포도,과일류,생것,농진청('18),10.4,INGREDIENT,1,1,NUTRITION_MEDOID_RAW,31,MEASURED,[],[],57,15.4,0.39,0.09,2.3,1,4,0.14,171,3,3.24
b356cbdf-da53-52bb-8269-89e80aec4ee5,H0980210000a,1614,"포도, 홍이슬, 생것","포도,홍이슬,생것",포도,포도,과일류,생것,농진청('18),10.4,INGREDIENT,1,0,,31,MEASURED,[],[],53,14.16,0.31,0.06,2.3,0,11,0.18,162,2,4.32
7e7c9333-57e8-5a59-bb35-09a4ccf64d50,H098022B030a,1615,"포도, 홍주씨들레스, 생것, 껍질 포함","포도,홍주씨들레스,생것,껍질 포함",포도,포도,과일류,,농진청('18),10.4,INGREDIENT,1,0,,31,MEASURED,[],[],68,18.11,0.29,0.17,1.9,0,17,0.12,192,1,4.77
0dbd26c2-b492-5d9e-b1a9-137b5431e07a,H0980230000a,1616,"포도, 흑구슬, 생것","포도,흑구슬,생것",포도,포도,과일류,생것,농진청('18),10.4,INGREDIENT,1,0,,31,MEASURED,[],[],62,15.68,0.27,0.6,2.9,1,4,0.13,206,3,3.64
45ed29cc-ef1d-5c6b-b73d-310957e614f9,H0980240000a,1617,"포도, 흑보석, 생것","포도,흑보석,생것",포도,포도,과일류,생것,농진청('18),10.4,INGREDIENT,1,0,,31,MEASURED,[],[],52,13.9,0.3,0.15,2.2,1,6,0.1,163,3,4.39
9b6e7f52-28e1-5d4f-b33f-4a2c26bc27c1,H0980080000a,1618,"포도, 힘로드시드레스, 생것","포도,힘로드시드레스,생것",포도,포도,과일류,생것,농진청('13),10.4,INGREDIENT,1,0,,31,PARTIAL,[],[],47,12.63,0.41,0.03,0.6,0,4,0.07,79,2,
f56a1f15-43bb-5a6f-858c-05ff1d57eafa,H098008B030a,1619,"포도, 힘로드시드레스, 생것, 껍질 포함","포도,힘로드시드레스,생것,껍질 포함",포도,포도,과일류,,농진청('13),10.4,INGREDIENT,1,0,,31,PARTIAL,[],[],45,12.1,0.42,0.03,0.5,1,7,0.13,143,4,
e211347e-d692-5490-8a15-0949cddbb6cc,H0980000001a,1620,"포도, 건포도","포도,건포도",포도,포도,과일류,,농진청('13),10.4,INGREDIENT,1,0,,31,MEASURED,[],[],297,78.89,2.64,0.53,4.5,27,72,1.44,682,0,0.23
c10b68d6-a967-5378-8196-15a03105084c,H0990000009a,1621,"포도, 넥타","포도,넥타",포도,포도,과일류,,농진청('09),10.4,INGREDIENT,1,0,,31,PARTIAL,[],[],66,16.2,0.2,0,,5,5,0.8,5,1,30
2cf9d6f4-a8c4-5f44-b94e-3e3f81ab1c4d,H1010000009a,1622,"포도, 잼","포도,잼",포도,포도,과일류,,농진청('13),10.4,INGREDIENT,1,0,,31,MEASURED,[],[],292,72.6,0.28,0.03,1.4,6,10,0.34,78,4,11.51
19b8f4c1-c745-54f0-a000-843ea64c2508,H098000000Ra,1623,"포도, 통조림","포도,통조림",포도,포도,과일류,통조림,농진청('13),10.4,INGREDIENT,1,0,,31,MEASURED,[],[],69,17.12,0.14,0.02,0.8,25,2,0.08,24,2,0
1da1317d-6105-58d3-9fa6-7348783022ac,H1020000009a,1624,포도 주스,포도 주스,포도 주스,포도주스,과일류,,농진청('16),10.4,INGREDIENT,1,0,,1,MEASURED,[],[],49,13.49,0.23,0,0,6,12,0.19,60,1,0
febce272-1d1f-5abc-95e8-ad6afbe1e058,H1060000759a,1625,포도즙,포도즙,포도즙,포도즙,과일류,,농진청('14),10.4,INGREDIENT,1,1,EXACT_BASE_NAME,1,MEASURED,[],[],48,12.62,0.66,0.01,0,1,7,0.07,131,1,0.15
af362b5c-4f1f-5a28-b691-8a5a6c27666e,H1130000000a,1626,"플럼코트, 생것","플럼코트,생것",플럼코트,플럼코트,과일류,생것,농진청('16),10.4,INGREDIENT,1,1,GENERIC_RAW,1,MEASURED,[],[],47,9.97,0.61,1.05,1.9,0,4,0.11,186,78,4.58
a2b02687-bae3-5129-a30d-a682a20e7671,H103000000Ra,1627,"프루트샐러드, 통조림","프루트샐러드,통조림",프루트샐러드,프루트샐러드,과일류,통조림,식약('96),10.4,INGREDIENT,1,1,LOWEST_COMPLEXITY_VARIANT,1,PARTIAL,[],[],82,19.3,0.2,0.4,,3,7,1,56,9,9
3833ce59-9880-55b4-89c8-0e40dcf66307,H104000000Ra,1628,"프루트칵테일, 통조림","프루트칵테일,통조림",프루트칵테일,프루트칵테일,과일류,통조림,농진청('13),10.4,INGREDIENT,1,1,LOWEST_COMPLEXITY_VARIANT,1,MEASURED,[],[],75,18.52,0.19,0.03,1.2,1,6,0.31,66,3,15.88
69da22b5-6678-540b-90ff-8609689d9c11,H105000000Ra,1629,"프루트펀치, 통조림","프루트펀치,통조림",프루트펀치,프루트펀치,과일류,통조림,USDA('18),10.4,INGREDIENT,1,1,LOWEST_COMPLEXITY_VARIANT,1,MEASURED,[],[],48,11.97,0,0,0,10,8,0.09,25,0,0.4
c8fdef7a-6a27-5c44-99db-9a57d42d4f0a,I003000D150a,1631,"거위고기, 살코기, 생것","거위고기,살코기,생것",거위고기,거위고기,육류 및 그 제품,생것,USDA('18),10.4,INGREDIENT,1,1,GENERIC_RAW_VARIANT,2,MEASURED,[],[],161,0,22.75,7.13,0,87,13,2.57,420,12,7.2
c2f50453-81e1-55f1-811c-1b26d987c92a,I003000D159f,1632,"거위고기, 살코기, 구운것","거위고기,살코기,구운것",거위고기,거위고기,육류 및 그 제품,구운것,USDA('18),10.4,INGREDIENT,1,0,,2,MEASURED,[],[],238,0,28.97,12.67,0,76,14,2.87,388,12,0
cdaaf9ed-cfcb-59da-992e-325e2d1caa57,I004000D330a,1633,"거위 부산물, 간, 생것","거위 부산물,간,생것",거위 부산물,거위부산물,육류 및 그 제품,생것,USDA('18),10.4,INGREDIENT,1,1,NUTRITION_MEDOID_RAW,1,MEASURED,[],[],133,6.32,16.37,4.28,0,140,43,30.53,230,9309,4.5
fe70d784-7756-56c7-aaf0-9b85445d01fc,I0050000000a,1634,"고래고기, 생것","고래고기,생것",고래고기,고래고기,육류 및 그 제품,생것,USDA('18),10.4,INGREDIENT,1,1,GENERIC_RAW,2,MEASURED,[],[],111,0,26.5,0.5,0,78,7,25.9,283,102,0
dbee1429-ccdf-5146-b3db-49df03f3d035,I0050000947a,1637,"고래고기, 붉은살, 냉동","고래고기,붉은살,냉동",고래고기,고래고기,육류 및 그 제품,냉동,식약('96),10.4,INGREDIENT,1,0,,2,PARTIAL,[],[],132,0,23.5,3.5,,58,7,2.8,295,8,0
fcef4bd7-076a-534a-9fe5-7c5294586f35,I0070010000a,1641,"꿩고기, 수꿩, 생것","꿩고기,수꿩,생것",꿩고기,꿩고기,육류 및 그 제품,생것,농진청('90),10.4,INGREDIENT,1,1,NUTRITION_MEDOID_RAW,2,PARTIAL,[],[],124,0,27.5,0.8,,70,6,1.3,469,0,0
30a809d4-7a86-5c22-9a00-102e9409296e,I0070020000a,1642,"꿩고기, 암꿩, 생것","꿩고기,암꿩,생것",꿩고기,꿩고기,육류 및 그 제품,생것,농진청('90),10.4,INGREDIENT,1,0,,2,PARTIAL,[],[],120,0,27.2,0.6,,,6,1.5,,0,0
43c80150-ad7e-5196-97af-6a05d2425729,I008000D150a,1643,"닭고기, 살코기, 생것","닭고기,살코기,생것",닭고기,닭고기,육류 및 그 제품,생것,농진청('97),10.4,INGREDIENT,1,1,GENERIC_RAW_VARIANT,32,PARTIAL,[],[],115,0.1,24,1.4,,58,11,1.1,327,47,0
1d571284-5a43-5662-8500-1ee65d7e4a65,I008000D159b,1644,"닭고기, 살코기, 삶은것","닭고기,살코기,삶은것",닭고기,닭고기,육류 및 그 제품,삶은것,농진청('97),10.4,INGREDIENT,1,0,,32,PARTIAL,[],[],142,0.1,27.8,2.6,,62,9,1,213,44,0
4f357641-180c-5314-904b-cf79fe590733,I0080000009f,1645,"닭고기, 구운것","닭고기,구운것",닭고기,닭고기,육류 및 그 제품,구운것,식약('96),10.4,INGREDIENT,1,0,,32,PARTIAL,[],[],247,2.8,27.8,12.6,,189,15,1.1,196,24,0
e2e4fa27-c646-57de-ad77-4e7f0b48d557,I008000D159k,1646,"닭고기, 살코기, 튀긴것(튀김옷)","닭고기,살코기,튀긴것(튀김옷)",닭고기,닭고기,육류 및 그 제품,튀긴것(튀김옷),USDA('18),10.4,INGREDIENT,1,0,,32,MEASURED,[],[],289,9.42,22.54,17.35,0.3,292,21,1.37,185,28,0
cf2cf764-128f-5120-949d-4ccba326df27,I008000B019j,1647,"닭고기, 전체, 튀긴것","닭고기,전체,튀긴것",닭고기,닭고기,육류 및 그 제품,튀긴것,식약('96),10.4,INGREDIENT,1,0,,32,PARTIAL,[],[],274,6.1,23.9,17.1,,377,25,1.6,247,39,0
6cb48cb2-8450-57ba-82d8-31175f85adb4,I008000D020a,1648,"닭고기, 가슴, 생것","닭고기,가슴,생것",닭고기,닭고기,육류 및 그 제품,생것,농진청('15),10.4,INGREDIENT,1,0,,32,MEASURED,[],[],106,0,22.97,0.97,0,45,4,0.28,371,10,0
052af6c9-c24b-5f77-8ee0-79e1c630bc04,I008000D029b,1649,"닭고기, 가슴, 삶은것","닭고기,가슴,삶은것",닭고기,닭고기,육류 및 그 제품,삶은것,농진청('15),10.4,INGREDIENT,1,0,,32,MEASURED,[],[],127,0,28.09,0.93,0,40,4,0.34,324,8,0
195b4903-b6a4-5fc9-9625-f8622685fa09,I008000D029g,1650,"닭고기, 가슴, 구운것(팬)","닭고기,가슴,구운것(팬)",닭고기,닭고기,육류 및 그 제품,구운것(팬),농진청('15),10.4,INGREDIENT,1,0,,32,MEASURED,[],[],164,0,35.47,1.48,0,61,7,0.54,450,11,0
13dfa018-ca4a-5a1e-aa38-8ba12db2db91,I008000D029k,1651,"닭고기, 가슴, 튀긴것(튀김옷)","닭고기,가슴,튀긴것(튀김옷)",닭고기,닭고기,육류 및 그 제품,튀긴것(튀김옷),농진청('01),10.4,INGREDIENT,1,0,,32,PARTIAL,[],[],252,20.2,21,9.7,,60,6,1.5,324,49,0
884ef740-d096-52c6-b59e-afdce582c910,I008000D050a,1652,"닭고기, 날개, 생것","닭고기,날개,생것",닭고기,닭고기,육류 및 그 제품,생것,농진청('15),10.4,INGREDIENT,1,0,,32,MEASURED,[],[],178,0,18.78,10.53,0,74,17,0.56,195,45,0
8af5a11f-cdc2-516b-aa58-fe788f20d346,I008000D059b,1653,"닭고기, 날개, 삶은것","닭고기,날개,삶은것",닭고기,닭고기,육류 및 그 제품,삶은것,농진청('15),10.4,INGREDIENT,1,0,,32,MEASURED,[],[],233,0,25.1,13.54,0,62,33,0.72,155,41,0
eeb040de-1652-5300-99bc-97e42c12b4a6,I008000D059i,1654,"닭고기, 날개, 구운것(오븐)","닭고기,날개,구운것(오븐)",닭고기,닭고기,육류 및 그 제품,구운것(오븐),농진청('15),10.4,INGREDIENT,1,0,,32,MEASURED,[],[],244,0,26.36,14.08,0,97,32,0.78,246,39,0
cb2d6ac2-1d6f-5799-86af-8f9096067f4f,I008000D059k,1655,"닭고기, 날개, 튀긴것(튀김옷)","닭고기,날개,튀긴것(튀김옷)",닭고기,닭고기,육류 및 그 제품,튀긴것(튀김옷),USDA('18),10.4,INGREDIENT,1,0,,32,MEASURED,[],[],324,10.94,19.87,21.81,0.3,320,20,1.29,138,34,0
4c3c7071-208b-5835-adb7-74346a79338c,I008000D060a,1656,"닭고기, 다리(넓적다리), 생것","닭고기,다리(넓적다리),생것",닭고기,닭고기,육류 및 그 제품,생것,농진청('15),10.4,INGREDIENT,1,0,,32,MEASURED,[],[],190,0,18.59,11.83,0,62,9,0.54,251,41,0
3ca8bb89-5ee5-51c3-b0e9-eb8c584b307d,I008000D069b,1657,"닭고기, 다리(넓적다리), 삶은것","닭고기,다리(넓적다리),삶은것",닭고기,닭고기,육류 및 그 제품,삶은것,농진청('15),10.4,INGREDIENT,1,0,,32,MEASURED,[],[],230,0,25.14,13.18,0,50,8,0.82,200,31,0
9d08ca26-81cb-5d85-bb0b-2e68fb22a283,I008000D069g,1658,"닭고기, 다리(넓적다리), 구운것(팬)","닭고기,다리(넓적다리),구운것(팬)",닭고기,닭고기,육류 및 그 제품,구운것(팬),농진청('15),10.4,INGREDIENT,1,0,,32,MEASURED,[],[],238,0,26.33,13.53,0,88,7,0.88,375,29,0
cd15fb24-a942-53cc-9659-571e2d752e24,I008000D069k,1659,"닭고기, 다리(넓적다리), 튀긴것(튀김옷)","닭고기,다리(넓적다리),튀긴것(튀김옷)",닭고기,닭고기,육류 및 그 제품,튀긴것(튀김옷),USDA('18),10.4,INGREDIENT,1,0,,32,MEASURED,[],[],277,9.08,21.61,16.53,0.3,288,18,1.45,192,29,0
f8d52a03-acbb-56a9-851e-835aa14b5fb3,I008000F080a,1660,"닭고기, 다리(아랫다리), 생것","닭고기,다리(아랫다리),생것",닭고기,닭고기,육류 및 그 제품,생것,농진청('15),10.4,INGREDIENT,1,0,,32,MEASURED,[],[],154,0,19.41,7.67,0,84,9,0.62,234,28,0
e27a70f0-f234-5a18-8c81-4f4eb16eaaad,I008000F089b,1661,"닭고기, 다리(아랫다리), 삶은것","닭고기,다리(아랫다리),삶은것",닭고기,닭고기,육류 및 그 제품,삶은것,농진청('15),10.4,INGREDIENT,1,0,,32,MEASURED,[],[],189,0,24.34,9.17,0,76,16,0.75,214,25,0
ae971f71-83e9-59c5-8b4e-4d9db29248ca,I008000F089i,1662,"닭고기, 다리(아랫다리), 구운것(오븐)","닭고기,다리(아랫다리),구운것(오븐)",닭고기,닭고기,육류 및 그 제품,구운것(오븐),농진청('15),10.4,INGREDIENT,1,0,,32,MEASURED,[],[],215,0,28.88,9.92,0,116,17,0.98,304,29,0
f4e41759-2566-5af5-8d40-81407efbb94d,I008000F089k,1663,"닭고기, 다리(아랫다리), 튀긴것(튀김옷)","닭고기,다리(아랫다리),튀긴것(튀김옷)",닭고기,닭고기,육류 및 그 제품,튀긴것(튀김옷),USDA('18),10.4,INGREDIENT,1,0,,32,MEASURED,[],[],268,8.28,21.95,15.75,0.3,269,17,1.35,186,26,0
ac066801-1f3f-50bf-81eb-012abe41ae34,I008000D120a,1664,"닭고기, 목, 생것","닭고기,목,생것",닭고기,닭고기,육류 및 그 제품,생것,농진청('15),10.4,INGREDIENT,1,0,,32,MEASURED,[],[],342,0,15.05,29.58,0,59,26,0.84,147,73,0
0e215245-9e38-5125-a8a1-476f4016b6c9,I008000D129k,1665,"닭고기, 목, 튀긴것(튀김옷)","닭고기,목,튀긴것(튀김옷)",닭고기,닭고기,육류 및 그 제품,튀긴것(튀김옷),USDA('18),10.4,INGREDIENT,1,0,,32,PARTIAL,[],[],330,8.7,19.82,23.52,,276,31,2.15,151,51,0
493f1aa7-b5d7-5a8b-a4c0-2b4aad42e92d,I0080010000a,1666,"닭고기, 성계, 생것","닭고기,성계,생것",닭고기,닭고기,육류 및 그 제품,생것,농진청('99),10.4,INGREDIENT,1,0,,32,PARTIAL,[],[],180,0.1,19,10.6,,66,10,0.9,59,50,0
fe5d2627-3abb-524b-93c4-3605caef2502,I0080020009b,1667,"닭고기, 영계, 삶은것","닭고기,영계,삶은것",닭고기,닭고기,육류 및 그 제품,삶은것,농진청('01),10.4,INGREDIENT,1,0,,32,PARTIAL,[],[],251,0,26.1,15,,74,5,1.2,232,65,0
a88a451c-bc02-5b51-a0c2-935d669d079d,I0080030000a,1668,"닭고기, 오골계, 생것","닭고기,오골계,생것",닭고기,닭고기,육류 및 그 제품,생것,식약('96),10.4,INGREDIENT,1,0,,32,PARTIAL,[],[],138,0.1,19,6.1,,80,22,1.2,245,16,0
6740b17c-d57b-543e-80e0-f65db7289588,I0080040000a,1669,"닭고기, 토종, 생것","닭고기,토종,생것",닭고기,닭고기,육류 및 그 제품,생것,농진청('99),10.4,INGREDIENT,1,0,,32,PARTIAL,[],[],118,0.2,22,2.6,,63,11,1,59,21,0
f96a1784-e205-5203-98fc-05ef1c3cf1fc,I008004D159a,1670,"닭고기, 토종, 살코기","닭고기,토종,살코기",닭고기,닭고기,육류 및 그 제품,,농진청('11),10.4,INGREDIENT,1,0,,32,PARTIAL,[],[],108,2.8,20,1.3,,73,10,0.7,298,0,0
0c5112f3-f1df-5776-b772-63c01056236c,I008004B059a,1671,"닭고기, 토종, 껍질","닭고기,토종,껍질",닭고기,닭고기,육류 및 그 제품,,축산연('02),10.4,INGREDIENT,1,0,,32,PARTIAL,[],[],351,0,12.6,31.6,,58,9,0.5,131,,
11a7f14f-6831-50a3-a782-b061ee27d159,I008004D019a,1672,"닭고기, 토종, 가슴","닭고기,토종,가슴",닭고기,닭고기,육류 및 그 제품,,축산연('02),10.4,INGREDIENT,1,0,,32,PARTIAL,[],[],106,0.5,23.1,0.7,,54,8,0.5,286,,
df7b1874-de81-5b58-991f-8943436d3d8b,I008004D059a,1673,"닭고기, 토종, 날개","닭고기,토종,날개",닭고기,닭고기,육류 및 그 제품,,축산연('02),10.4,INGREDIENT,1,0,,32,PARTIAL,[],[],122,0.8,20.4,3.5,,51,7,0.5,303,,
958fbe0d-a344-5447-b360-c63e40b2ee59,I008004D089a,1674,"닭고기, 토종, 다리","닭고기,토종,다리",닭고기,닭고기,육류 및 그 제품,,축산연('02),10.4,INGREDIENT,1,0,,32,PARTIAL,[],[],130,0.9,18.9,4.9,,72,10,0.6,230,,
bb5ff877-13c8-54c2-85cc-19cda9496966,I009000D330a,1675,"닭 부산물, 간, 생것","닭 부산물,간,생것",닭 부산물,닭부산물,육류 및 그 제품,생것,농진청('19),10.4,INGREDIENT,1,0,,11,MEASURED,[],[],125,2.25,15.63,5.32,0,68,5,9.14,288,10238,23.45
401a7bdb-b197-5363-b8ae-e24dcad94746,I009000D339b,1676,"닭 부산물, 간, 삶은것","닭 부산물,간,삶은것",닭 부산물,닭부산물,육류 및 그 제품,삶은것,농진청('19),10.4,INGREDIENT,1,0,,11,MEASURED,[],[],165,1,22.45,7.04,0,33,9,11.3,152,13453,10.55
1f0e33de-22fd-5735-ad68-81355db9c6d5,I009000D410a,1677,"닭 부산물, 모래주머니, 생것","닭 부산물,모래주머니,생것",닭 부산물,닭부산물,육류 및 그 제품,생것,농진청('15),10.4,INGREDIENT,1,1,NUTRITION_MEDOID_RAW,11,MEASURED,[],[],84,0,16.87,1.41,0,42,10,1.68,175,17,0
1a93830b-5e27-5e2c-ba46-35507f07d565,I009000D419i,1678,"닭 부산물, 모래주머니, 구운것(오븐)","닭 부산물,모래주머니,구운것(오븐)",닭 부산물,닭부산물,육류 및 그 제품,구운것(오븐),농진청('15),10.4,INGREDIENT,1,0,,11,MEASURED,[],[],132,0,26.78,2,0,57,12,2.71,225,2,0
2070e7da-9c14-59ff-978d-fb6a5b89fbaf,I009000D470a,1679,"닭 부산물, 심장, 생것","닭 부산물,심장,생것",닭 부산물,닭부산물,육류 및 그 제품,생것,농진청('20),10.4,INGREDIENT,1,0,,11,MEASURED,[],[],149,0,13.98,9.61,0,86,13,2.49,209,8,2.71
8797ef45-7b57-59a5-b15b-d964b12a1577,I009000D479b,1680,"닭 부산물, 심장, 삶은것","닭 부산물,심장,삶은것",닭 부산물,닭부산물,육류 및 그 제품,삶은것,농진청('20),10.4,INGREDIENT,1,0,,11,MEASURED,[],[],178,0,23.25,8.54,0,55,17,6.42,138,8,1.52
c962a65f-4a17-560d-9bbd-dc69f8e18ad3,I009000F129b,1681,"닭 부산물, 닭발, 삶은것","닭 부산물,닭발,삶은것",닭 부산물,닭부산물,육류 및 그 제품,삶은것,농진청('20),10.4,INGREDIENT,1,0,,11,MEASURED,[],[],191,0,16.94,12.75,0,30,53,0.47,16,13,0
26b7efd3-3cb4-5886-bd19-326f171f60b5,I0110000009a,1682,닭 육수,닭 육수,닭 육수,닭육수,육류 및 그 제품,,농진청('00),10.4,INGREDIENT,1,1,EXACT_BASE_NAME,1,PARTIAL,[],[],12,0,1.3,0.7,,13,17,0.3,71,10,0
98e294d9-e8af-5d6a-b0c4-21c1975e45c7,I0100000009a,1683,닭뼈 육수,닭뼈 육수,닭뼈 육수,닭뼈육수,육류 및 그 제품,,JAPAN('20),10.4,INGREDIENT,1,1,EXACT_BASE_NAME,1,QUALIFIED,"[""carbohydrate_g""]","[""fiber_g""]",7,0,0.9,0.4,0,40,1,0.1,60,1,0.1
cca060e5-fae8-5663-b4a8-2b51cf39f993,I0120000009a,1684,닭꼬치,닭꼬치,닭꼬치,닭꼬치,육류 및 그 제품,,식약('11),10.4,INGREDIENT,1,1,EXACT_BASE_NAME,1,MEASURED,[],[],252,19.1,16.5,12.2,3,410,25,10.9,218,27,0
ebf93184-8e69-5958-90a1-92146150b3d1,I014000D150a,1685,"돼지고기, 살코기, 생것","돼지고기,살코기,생것",돼지고기,돼지고기,육류 및 그 제품,생것,대푯값,10.4,INGREDIENT,1,1,GENERIC_RAW_VARIANT,45,MEASURED,[],[],203,0,19.45,12.84,0,50,6,0.6,318,7,0.82
d21647e4-dbd1-5aaf-8cd1-5c7f751f4851,I014000D030a,1686,"돼지고기, 갈비, 생것","돼지고기,갈비,생것",돼지고기,돼지고기,육류 및 그 제품,생것,농진청('14),10.4,INGREDIENT,1,0,,45,MEASURED,[],[],236,0,17.77,17.06,0,64,9,0.73,287,4,0.87
4cdabc59-7623-5bae-be6d-927e9ba06bb7,I014000D039b,1687,"돼지고기, 갈비, 삶은것","돼지고기,갈비,삶은것",돼지고기,돼지고기,육류 및 그 제품,삶은것,농진청('14),10.4,INGREDIENT,1,0,,45,MEASURED,[],[],296,0,26.51,19.54,0,45,13,1.09,166,0,0.7
3c7ec63d-51b1-5765-8ed4-ece776e3dc1f,I014000D039g,1688,"돼지고기, 갈비, 구운것(팬)","돼지고기,갈비,구운것(팬)",돼지고기,돼지고기,육류 및 그 제품,구운것(팬),농진청('14),10.4,INGREDIENT,1,0,,45,MEASURED,[],[],270,0,24.83,17.59,0,79,9,0.94,360,0,0
a97b7727-423a-50f3-9e7a-3eb5f88c7278,I014000D100a,1689,"돼지고기, 뒷다리, 생것","돼지고기,뒷다리,생것",돼지고기,돼지고기,육류 및 그 제품,생것,농진청('16),10.4,INGREDIENT,1,0,,45,MEASURED,[],[],135,0,20.88,4.97,0,48,5,0.68,339,2,1.1
5a3e9fce-f733-5257-80df-87c0ecf45f80,I014000D109b,1690,"돼지고기, 뒷다리, 삶은것","돼지고기,뒷다리,삶은것",돼지고기,돼지고기,육류 및 그 제품,삶은것,농진청('14),10.4,INGREDIENT,1,0,,45,MEASURED,[],[],211,0,30.63,8.7,0,42,7,1.01,271,2,0.41
f045d12e-9c6c-56c7-8eb0-dda1c053076a,I014000D109g,1691,"돼지고기, 뒷다리, 구운것(팬)","돼지고기,뒷다리,구운것(팬)",돼지고기,돼지고기,육류 및 그 제품,구운것(팬),농진청('14),10.4,INGREDIENT,1,0,,45,MEASURED,[],[],212,0,30.21,8.93,0,63,7,0.96,450,9,1.35
cd9aab06-00f9-579e-9f16-38352ac3e87d,I014000D630a,1692,"돼지고기, 뒷다리(도가니살), 생것","돼지고기,뒷다리(도가니살),생것",돼지고기,돼지고기,육류 및 그 제품,생것,농진청('16),10.4,INGREDIENT,1,0,,45,MEASURED,[],[],130,0,21.29,4.23,0,46,4,0.65,348,2,1.07
b1c56e12-1a2b-58cf-89c6-3b65faf5981d,I014000D640a,1693,"돼지고기, 뒷다리(뒷사태살), 생것","돼지고기,뒷다리(뒷사태살),생것",돼지고기,돼지고기,육류 및 그 제품,생것,농진청('16),10.4,INGREDIENT,1,0,,45,MEASURED,[],[],135,0,20.51,5.11,0,48,5,1,315,5,1.48
71b83e13-5293-53f2-9a48-7731a09a8ee9,I014000D650a,1694,"돼지고기, 뒷다리(보섭살), 생것","돼지고기,뒷다리(보섭살),생것",돼지고기,돼지고기,육류 및 그 제품,생것,농진청('16),10.4,INGREDIENT,1,0,,45,MEASURED,[],[],138,0,21.13,5.14,0,45,5,0.73,344,2,1.06
6c89417d-1cf5-50bd-89e6-3f906cf985b8,I014000D660a,1695,"돼지고기, 뒷다리(볼기살), 생것","돼지고기,뒷다리(볼기살),생것",돼지고기,돼지고기,육류 및 그 제품,생것,농진청('16),10.4,INGREDIENT,1,0,,45,MEASURED,[],[],133,0,20.79,4.81,0,51,5,0.61,349,2,0.94
8b955d03-5c69-5721-b126-a82e5fa0c074,I014000D670a,1696,"돼지고기, 뒷다리(설깃살), 생것","돼지고기,뒷다리(설깃살),생것",돼지고기,돼지고기,육류 및 그 제품,생것,농진청('16),10.4,INGREDIENT,1,0,,45,MEASURED,[],[],139,0,20.9,5.39,0,49,4,0.52,334,2,1
1caece6f-b476-56b7-b2e4-d4ee51eb8bb0,I014000D680a,1697,"돼지고기, 뒷다리(홍두깨살), 생것","돼지고기,뒷다리(홍두깨살),생것",돼지고기,돼지고기,육류 및 그 제품,생것,농진청('16),10.4,INGREDIENT,1,0,,45,MEASURED,[],[],136,0,20.03,5.44,0,43,4,0.87,337,5,1.48
d91df7d6-3cb0-5d06-a197-c9998af089f5,I014000D110a,1698,"돼지고기, 등심, 생것","돼지고기,등심,생것",돼지고기,돼지고기,육류 및 그 제품,생것,농진청('16),10.4,INGREDIENT,1,0,,45,MEASURED,[],[],142,0,23.33,4.58,0,42,4,0.43,370,3,0.75
4c13edc2-5ec0-5253-b4ce-d7e2053d7e04,I014000D119b,1699,"돼지고기, 등심, 삶은것","돼지고기,등심,삶은것",돼지고기,돼지고기,육류 및 그 제품,삶은것,농진청('14),10.4,INGREDIENT,1,0,,45,MEASURED,[],[],204,0,35.08,5.94,0,28,7,0.63,233,0,0.71
e763f166-41f7-582f-a481-4bc655234108,I014000D119g,1700,"돼지고기, 등심, 구운것(팬)","돼지고기,등심,구운것(팬)",돼지고기,돼지고기,육류 및 그 제품,구운것(팬),농진청('14),10.4,INGREDIENT,1,0,,45,MEASURED,[],[],184,0,32.06,5.18,0,49,6,0.54,412,0,1.16
86f2341c-ce32-5688-8003-f8c19077cc2d,I014000F100a,1701,"돼지고기, 등심(등심살), 생것","돼지고기,등심(등심살),생것",돼지고기,돼지고기,육류 및 그 제품,생것,농진청('14),10.4,INGREDIENT,1,0,,45,MEASURED,[],[],135,0,24.03,3.6,0,39,4,0.38,354,1,0.52
4e4c0960-332a-5376-8dec-d4542f7e9213,I014000D690a,1702,"돼지고기, 등심(등심덧살), 생것","돼지고기,등심(등심덧살),생것",돼지고기,돼지고기,육류 및 그 제품,생것,농진청('16),10.4,INGREDIENT,1,0,,45,MEASURED,[],[],203,0,17.51,13.74,0,52,7,0.73,300,9,1.7
fb429e0b-012e-5b6b-928c-f0010517e0b7,I014000D700a,1703,"돼지고기, 등심(알등심살), 생것","돼지고기,등심(알등심살),생것",돼지고기,돼지고기,육류 및 그 제품,생것,농진청('16),10.4,INGREDIENT,1,0,,45,MEASURED,[],[],145,0,22.9,5.13,0,45,5,0.46,395,6,0.96
2f66e88d-63bc-5c8a-85c9-cd981188aaba,I014000D130a,1704,"돼지고기, 목심, 생것","돼지고기,목심,생것",돼지고기,돼지고기,육류 및 그 제품,생것,농진청('14),10.4,INGREDIENT,1,0,,45,MEASURED,[],[],227,0,17.21,16.36,0,51,8,0.73,301,16,0
0e7d3360-464c-56cd-8d63-dedbfb541a27,I014000D139b,1705,"돼지고기, 목심, 삶은것","돼지고기,목심,삶은것",돼지고기,돼지고기,육류 및 그 제품,삶은것,농진청('14),10.4,INGREDIENT,1,0,,45,MEASURED,[],[],282,0,25.43,18.56,0,42,10,1.15,248,0,0.53
792442b3-9d5f-5e3c-aeee-df140d9e1d42,I014000D139g,1706,"돼지고기, 목심, 구운것(팬)","돼지고기,목심,구운것(팬)",돼지고기,돼지고기,육류 및 그 제품,구운것(팬),농진청('14),10.4,INGREDIENT,1,0,,45,MEASURED,[],[],264,0,24.06,17.23,0,65,7,1.06,436,3,0.9
f69419fc-0ec0-5059-9ca7-f44a0295e6d6,I014000D140a,1707,"돼지고기, 사태, 생것","돼지고기,사태,생것",돼지고기,돼지고기,육류 및 그 제품,생것,농진청('14),10.4,INGREDIENT,1,0,,45,MEASURED,[],[],156,0,19.78,7.72,0,71,10,0.83,289,7,0.38
5ffb8f43-f487-5393-b93a-79c7fc9de6d9,I014000D149b,1708,"돼지고기, 사태, 삶은것","돼지고기,사태,삶은것",돼지고기,돼지고기,육류 및 그 제품,삶은것,농진청('14),10.4,INGREDIENT,1,0,,45,MEASURED,[],[],203,0,29.14,8.46,0,54,14,1.21,244,0,0.48
8652d863-0b8c-5c1b-8af9-55c12fd3c4bb,I014000D149g,1709,"돼지고기, 사태, 구운것(팬)","돼지고기,사태,구운것(팬)",돼지고기,돼지고기,육류 및 그 제품,구운것(팬),농진청('14),10.4,INGREDIENT,1,0,,45,MEASURED,[],[],212,0,28.47,9.74,0,99,8,1.2,412,4,0.89
36b0cea1-41b6-5e3e-9b1e-7f9f2d51a2d6,I014000F110a,1710,"돼지고기, 삼겹살, 생것","돼지고기,삼겹살,생것",돼지고기,돼지고기,육류 및 그 제품,생것,농진청('16),10.4,INGREDIENT,1,0,,45,MEASURED,[],[],372,0,13.9,33.31,0,56,8,0.49,239,18,0.59
3579e54c-49d5-5819-af59-b085fa3ce057,I014000D169b,1711,"돼지고기, 삼겹살, 삶은것","돼지고기,삼겹살,삶은것",돼지고기,돼지고기,육류 및 그 제품,삶은것,농진청('14),10.4,INGREDIENT,1,0,,45,MEASURED,[],[],427,0,19.58,36.64,0,40,7,0.58,173,10,0.32
e4528dfd-9db6-5a54-b5f0-2418ed156604,I014000D169g,1712,"돼지고기, 삼겹살, 구운것(팬)","돼지고기,삼겹살,구운것(팬)",돼지고기,돼지고기,육류 및 그 제품,구운것(팬),농진청('14),10.4,INGREDIENT,1,0,,45,MEASURED,[],[],484,0,22.78,41.2,0,80,14,0.68,381,37,0.62
b0f62c14-9892-5095-82da-c6353983e31b,I014000D730a,1713,"돼지고기, 삼겹살(갈매기살), 생것","돼지고기,삼겹살(갈매기살),생것",돼지고기,돼지고기,육류 및 그 제품,생것,농진청('16),10.4,INGREDIENT,1,0,,45,MEASURED,[],[],190,0,17.92,12.16,0,56,6,1.58,307,9,1.95
d28f90ec-9073-5dcb-bef6-f32e5c79c839,I014000D740a,1714,"돼지고기, 삼겹살(등갈비), 생것","돼지고기,삼겹살(등갈비),생것",돼지고기,돼지고기,육류 및 그 제품,생것,농진청('16),10.4,INGREDIENT,1,0,,45,MEASURED,[],[],237,0,17.88,17.19,0,52,18,0.71,297,11,1.63
e3955b96-3a09-5b37-aa50-9ece4291ee9b,I014000D160a,1715,"돼지고기, 삼겹살(삼겹살), 생것","돼지고기,삼겹살(삼겹살),생것",돼지고기,돼지고기,육류 및 그 제품,생것,농진청('14),10.4,INGREDIENT,1,0,,45,MEASURED,[],[],392,0,13.27,35.7,0,55,6,0.42,231,19,0.44
f088cf12-c326-56e6-9f91-efb1ba21b72d,I014000D760a,1716,"돼지고기, 삼겹살(오돌삼겹), 생것","돼지고기,삼겹살(오돌삼겹),생것",돼지고기,돼지고기,육류 및 그 제품,생것,농진청('16),10.4,INGREDIENT,1,0,,45,MEASURED,[],[],325,0,17.12,26.89,0,102,24,0.68,241,13,1.52
7d9de92b-c328-577e-b12e-163cfb4af1f3,I014000D750a,1717,"돼지고기, 삼겹살(토시살), 생것","돼지고기,삼겹살(토시살),생것",돼지고기,돼지고기,육류 및 그 제품,생것,농진청('16),10.4,INGREDIENT,1,0,,45,MEASURED,[],[],141,0,20.46,5.82,0,59,7,1.82,323,3,0.1
15cf1cf6-cb15-5551-808b-22f4433f7220,I014000D200a,1718,"돼지고기, 안심, 생것","돼지고기,안심,생것",돼지고기,돼지고기,육류 및 그 제품,생것,농진청('14),10.4,INGREDIENT,1,0,,45,MEASURED,[],[],123,0,22.21,3.15,0,46,3,0.78,373,3,0.26
e293af08-5c8c-550f-8674-dd632851a21a,I014000D209b,1719,"돼지고기, 안심, 삶은것","돼지고기,안심,삶은것",돼지고기,돼지고기,육류 및 그 제품,삶은것,농진청('14),10.4,INGREDIENT,1,0,,45,MEASURED,[],[],177,0,32.32,4.31,0,37,5,1.33,289,0,0.31
bb035b33-2612-50e5-878d-ca2cd20a41c1,I014000D209g,1720,"돼지고기, 안심, 구운것(팬)","돼지고기,안심,구운것(팬)",돼지고기,돼지고기,육류 및 그 제품,구운것(팬),농진청('14),10.4,INGREDIENT,1,0,,45,MEASURED,[],[],172,0,30.23,4.76,0,57,5,1.03,479,0,0.63
a610b324-b454-59a8-9b3a-6c0eaf8660d3,I014000D210a,1721,"돼지고기, 앞다리, 생것","돼지고기,앞다리,생것",돼지고기,돼지고기,육류 및 그 제품,생것,농진청('16),10.4,INGREDIENT,1,0,,45,MEASURED,[],[],159,0,20.21,7.87,0,51,5,0.76,326,4,1.27
5282af57-8127-5b7a-afdc-e4306afb76e7,I014000D220a,1722,"돼지고기, 앞다리(꾸리살), 생것","돼지고기,앞다리(꾸리살),생것",돼지고기,돼지고기,육류 및 그 제품,생것,농진청('16),10.4,INGREDIENT,1,0,,45,MEASURED,[],[],135,0,18.83,5.91,0,48,5,0.92,328,5,1.47
15d27c7f-193c-57b4-931e-506075b0743b,I014000D710a,1723,"돼지고기, 앞다리(부채살), 생것","돼지고기,앞다리(부채살),생것",돼지고기,돼지고기,육류 및 그 제품,생것,농진청('16),10.4,INGREDIENT,1,0,,45,MEASURED,[],[],152,0,20.09,7.18,0,54,7,0.83,330,6,1.64
df6bfb52-5ffb-5401-9afe-99d90d41ad2f,I014000D770a,1724,"돼지고기, 앞다리(앞다리살), 생것","돼지고기,앞다리(앞다리살),생것",돼지고기,돼지고기,육류 및 그 제품,생것,농진청('16),10.4,INGREDIENT,1,0,,45,MEASURED,[],[],161,0,20.56,7.92,0,50,5,0.69,327,4,1.08
c9869999-4b66-5cdd-b102-36bd2ff53c67,I014000D720a,1725,"돼지고기, 앞다리(앞사태살), 생것","돼지고기,앞다리(앞사태살),생것",돼지고기,돼지고기,육류 및 그 제품,생것,농진청('16),10.4,INGREDIENT,1,0,,45,MEASURED,[],[],132,0,20.82,4.68,0,62,6,0.99,318,4,1.59
270d4d86-7de6-53de-a992-a70de3c14c6a,I014000D790a,1726,"돼지고기, 앞다리(주걱살), 생것","돼지고기,앞다리(주걱살),생것",돼지고기,돼지고기,육류 및 그 제품,생것,농진청('16),10.4,INGREDIENT,1,0,,45,MEASURED,[],[],144,0,20.49,6.13,0,41,4,0.68,371,5,1.27
d0c09a28-44df-5e0d-a558-578013fdcabe,I014000D780a,1727,"돼지고기, 앞다리(항정살), 생것","돼지고기,앞다리(항정살),생것",돼지고기,돼지고기,육류 및 그 제품,생것,농진청('16),10.4,INGREDIENT,1,0,,45,MEASURED,[],[],307,0,17.98,24.52,0,50,4,0.39,282,10,1.29
80ba9afa-ddda-5251-9cca-987b7e8bdc35,I015000D330a,1728,"돼지 부산물, 간, 생것","돼지 부산물,간,생것",돼지 부산물,돼지부산물,육류 및 그 제품,생것,USDA('18),10.4,INGREDIENT,1,0,,23,MEASURED,[],[],134,2.47,21.39,3.65,0,87,9,23.3,273,6502,25.3
2f05a34f-de59-5fd3-be5f-dda29e90f528,I015000D339b,1729,"돼지 부산물, 간, 삶은것","돼지 부산물,간,삶은것",돼지 부산물,돼지부산물,육류 및 그 제품,삶은것,농진청('22),10.4,INGREDIENT,1,0,,23,MEASURED,[],[],173,2.41,28.06,4.8,0,52,8,19.4,198,5075,9.3
b3be0234-7a20-56ac-aff1-a15eb5461555,I015000D380a,1730,"돼지 부산물, 대장, 생것","돼지 부산물,대장,생것",돼지 부산물,돼지부산물,육류 및 그 제품,생것,축과원('11),10.4,INGREDIENT,1,0,,23,PARTIAL,[],[],227,0,8.7,20.2,,21,20,1.2,40,0,
f1af0a46-8059-578a-896d-9ac3b49557a8,I015000D389b,1731,"돼지 부산물, 대장, 삶은것","돼지 부산물,대장,삶은것",돼지 부산물,돼지부산물,육류 및 그 제품,삶은것,JAPAN('20),10.4,INGREDIENT,1,0,,23,QUALIFIED,[],"[""fiber_g""]",166,0,11.7,13.8,0,21,15,1.6,27,8,0
8be479ea-a2a4-57c2-86ec-840156c85b6f,I015000D390a,1732,"돼지 부산물, 맹장, 생것","돼지 부산물,맹장,생것",돼지 부산물,돼지부산물,육류 및 그 제품,생것,축과원('11),10.4,INGREDIENT,1,0,,23,PARTIAL,[],[],371,0,10.8,34.6,,54,16,0.2,127,,
724a22f7-2871-5c9c-ab7e-9e4684ce9ef8,I015000D420a,1734,"돼지 부산물, 비장, 생것","돼지 부산물,비장,생것",돼지 부산물,돼지부산물,육류 및 그 제품,생것,축과원('11),10.4,INGREDIENT,1,0,,23,PARTIAL,[],[],85,0,18,1,,92,7,22.4,340,,
01ea41b2-18a1-5ec1-bf15-1ed9aa7b5b5c,I015000D450a,1735,"돼지 부산물, 소창(곱창), 생것","돼지 부산물,소창(곱창),생것",돼지 부산물,돼지부산물,육류 및 그 제품,생것,USDA('18),10.4,INGREDIENT,1,0,,23,MEASURED,[],[],182,0,7.64,16.61,0,24,16,1.02,18,0,1.1
c035bf1c-b719-5d8b-80a3-cefaac498c2b,I015000D459b,1736,"돼지 부산물, 소창(곱창), 삶은것","돼지 부산물,소창(곱창),삶은것",돼지 부산물,돼지부산물,육류 및 그 제품,삶은것,농진청('22),10.4,INGREDIENT,1,0,,23,MEASURED,[],[],217,0,15.48,16.12,0,32,11,1.46,43,12,0.09
40f818d6-e442-5492-8f22-ea018cbb7dbf,I015000D460a,1737,"돼지 부산물, 신장, 생것","돼지 부산물,신장,생것",돼지 부산물,돼지부산물,육류 및 그 제품,생것,국('77),10.4,INGREDIENT,1,0,,23,PARTIAL,[],[],110,1.2,16.7,3.7,,114,76,4.5,196,,0
9ebd7b96-70ba-5b3e-a4a8-da0701d70ff5,I015000D469b,1738,"돼지 부산물, 신장, 삶은것","돼지 부산물,신장,삶은것",돼지 부산물,돼지부산물,육류 및 그 제품,삶은것,USDA('18),10.4,INGREDIENT,1,0,,23,MEASURED,[],[],151,0,25.4,4.7,0,80,13,5.29,143,78,10.6
90520238-823b-5089-94c6-e94d60a18311,I015000D470a,1739,"돼지 부산물, 심장(염통), 생것","돼지 부산물,심장(염통),생것",돼지 부산물,돼지부산물,육류 및 그 제품,생것,USDA('18),10.4,INGREDIENT,1,1,NUTRITION_MEDOID_RAW,23,MEASURED,[],[],118,1.33,17.27,4.36,0,56,5,4.68,294,8,5.3
acfd7ac7-0051-5d66-b622-e045a0f3f4b0,I015000D479b,1740,"돼지 부산물, 심장(염통), 삶은것","돼지 부산물,심장(염통),삶은것",돼지 부산물,돼지부산물,육류 및 그 제품,삶은것,농진청('22),10.4,INGREDIENT,1,0,,23,MEASURED,[],[],174,0,25.58,7.04,0,58,9,6.02,155,7,0.57
3534e4a8-c6a5-598e-9fbf-ad47ed3891b7,I015000D490a,1741,"돼지 부산물, 위(오소리감투), 생것","돼지 부산물,위(오소리감투),생것",돼지 부산물,돼지부산물,육류 및 그 제품,생것,축과원('11),10.4,INGREDIENT,1,0,,23,PARTIAL,[],[],112,0,17.3,4.1,,121,12,1.2,178,,
9b6668a8-5341-53ca-b3d9-eccd78bad749,I015000D499b,1742,"돼지 부산물, 위(오소리감투), 삶은것","돼지 부산물,위(오소리감투),삶은것",돼지 부산물,돼지부산물,육류 및 그 제품,삶은것,농진청('22),10.4,INGREDIENT,1,0,,23,MEASURED,[],[],175,0,22.36,8.62,0,53,14,1.68,112,4,1.1
8b3a4e13-daaa-575e-9a2c-3bddde244653,I015000D500a,1743,"돼지 부산물, 자궁, 생것","돼지 부산물,자궁,생것",돼지 부산물,돼지부산물,육류 및 그 제품,생것,축과원('11),10.4,INGREDIENT,1,0,,23,PARTIAL,[],[],73,0,15.4,0.8,,195,12,0.3,131,,
b2dafe01-07bb-5cbc-b32c-0f912a5b6d36,I015000D510a,1744,"돼지 부산물, 족발, 생것","돼지 부산물,족발,생것",돼지 부산물,돼지부산물,육류 및 그 제품,생것,USDA('18),10.4,INGREDIENT,1,0,,23,MEASURED,[],[],212,0,23.16,12.59,0,132,70,0.58,63,0,0
f4dc9b8f-84c0-5a87-bb58-af41ac12bf2b,I015000D519b,1745,"돼지 부산물, 족발, 삶은것","돼지 부산물,족발,삶은것",돼지 부산물,돼지부산물,육류 및 그 제품,삶은것,USDA('18),10.4,INGREDIENT,1,0,,23,MEASURED,[],[],238,0,21.94,16.05,0,73,0,0.98,33,0,0
1c401808-70d5-5891-864f-3674850a500e,I015000D51Db,1746,"돼지 부산물, 족발, 조미, 삶은것","돼지 부산물,족발,조미,삶은것",돼지 부산물,돼지부산물,육류 및 그 제품,삶은것,농진청('17),10.4,INGREDIENT,1,0,,23,MEASURED,[],[],220,0,28.91,11.65,0,332,13,0.92,201,10,0
04db5ed9-c876-571c-ac7a-0b7b3d8043a9,I015000D530a,1747,"돼지 부산물, 직장, 생것","돼지 부산물,직장,생것",돼지 부산물,돼지부산물,육류 및 그 제품,생것,축과원('11),10.4,INGREDIENT,1,0,,23,PARTIAL,[],[],344,0,9.9,32.1,,73,12,0.1,100,,
ddc07f4d-e202-5ce6-86f9-88cca2ed161e,I015000D550a,1748,"돼지 부산물, 췌장, 생것","돼지 부산물,췌장,생것",돼지 부산물,돼지부산물,육류 및 그 제품,생것,축과원('11),10.4,INGREDIENT,1,0,,23,PARTIAL,[],[],154,0,20.7,7.1,,85,22,3.8,308,,
6d36a4b5-2b0d-5341-9d3b-941c0f6b68e8,I015000D570a,1749,"돼지 부산물, 허파, 생것","돼지 부산물,허파,생것",돼지 부산물,돼지부산물,육류 및 그 제품,생것,USDA('18),10.4,INGREDIENT,1,0,,23,MEASURED,[],[],85,0,14.08,2.72,0,153,7,18.9,303,0,12.3
c81014f4-c6d4-5a7d-97fa-3c6cb993ccf0,I015000D579b,1750,"돼지 부산물, 허파, 삶은것","돼지 부산물,허파,삶은것",돼지 부산물,돼지부산물,육류 및 그 제품,삶은것,농진청('22),10.4,INGREDIENT,1,0,,23,MEASURED,[],[],92,0,15.56,2.78,0,72,11,7.76,117,0,4.45
52cc42d0-d63d-595f-9a42-0b5dcc6e0a8e,I0210000009a,1751,베이컨,베이컨,베이컨,베이컨,육류 및 그 제품,,농진청('21),10.4,INGREDIENT,1,1,EXACT_BASE_NAME,3,MEASURED,[],[],266,1.2,16.58,21.6,0,662,6,0.54,222,3,45.89
99950151-acb6-5518-af78-f4e531151835,I0210000009f,1752,"베이컨, 구운것(팬)","베이컨,구운것(팬)",베이컨,베이컨,육류 및 그 제품,구운것(팬),농진청('21),10.4,INGREDIENT,1,0,,3,MEASURED,[],[],381,3.02,32.28,26.67,0,1495,14,1.14,528,2,51.5
6806357a-c598-5c6a-9fab-4130a2d2484a,I0160000001a,1753,"소시지, 말린것","소시지,말린것",소시지,소시지,육류 및 그 제품,말린것,JAPAN('20),10.4,INGREDIENT,1,1,LOWEST_COMPLEXITY_VARIANT,6,QUALIFIED,[],"[""fiber_g""]",467,2.6,26.7,42,0,1700,27,2.6,430,3,3
4beae109-3b23-585b-b2fc-b5af342af69f,I0160010009a,1754,"소시지, 리용소시지","소시지,리용소시지",소시지,소시지,육류 및 그 제품,,JAPAN('20),10.4,INGREDIENT,1,0,,6,QUALIFIED,[],"[""fiber_g""]",188,3.7,14.9,13.1,0,910,13,1,200,4,43
534d76dd-d2d7-51ca-bd97-6b4bf8aa2c56,I0160020009a,1755,"소시지, 볼로냐소시지","소시지,볼로냐소시지",소시지,소시지,육류 및 그 제품,,JAPAN('20),10.4,INGREDIENT,1,0,,6,QUALIFIED,[],"[""fiber_g""]",242,2.9,12.5,21,0,830,9,1,180,5,10
abe11d9f-aebb-5a90-93a9-a738379c95bf,I0160030009a,1756,"소시지, 위너(비엔나)소시지","소시지,위너(비엔나)소시지",소시지,소시지,육류 및 그 제품,,농진청('16),10.4,INGREDIENT,1,0,,6,MEASURED,[],[],251,9.36,15.27,16.91,0.1,732,30,0.74,368,1,34.1
eb23f7da-075b-5535-8f45-b2cc4006b744,I0160040009a,1757,"소시지, 이탈리안소시지","소시지,이탈리안소시지",소시지,소시지,육류 및 그 제품,,USDA('18),10.4,INGREDIENT,1,0,,6,MEASURED,[],[],290,2.97,13.9,24.26,0,563,12,1.77,211,0,0
fac04248-bab7-5abb-b8ee-4d21b0d3ae47,I0160050009a,1758,"소시지, 프랑크푸르트소시지","소시지,프랑크푸르트소시지",소시지,소시지,육류 및 그 제품,,농진청('17),10.4,INGREDIENT,1,0,,6,MEASURED,[],[],241,5.9,14.41,17.7,0.1,795,9,0.47,232,5,45.28
01b48dfd-caf4-56ce-9e34-4b7436fb71bf,I0170010009a,1759,"햄, 등심햄","햄,등심햄",햄,햄,육류 및 그 제품,,농진청('17),10.4,INGREDIENT,1,0,,13,MEASURED,[],[],121,1.97,20.66,3.34,0,759,8,0.36,280,1,28.09
9bd497f4-d39c-552f-aaa5-a646a64a3ee0,I0170020009a,1760,"햄, 통조림, 돼지고기와 닭고기 함유","햄,통조림,돼지고기와 닭고기 함유",햄,햄,육류 및 그 제품,,농진청('16),10.4,INGREDIENT,1,0,,13,MEASURED,[],[],197,7.92,15.43,11.53,0,778,7,0.69,214,5,22.89
336b4cfa-c301-58f6-8c0a-d3a31a5c83fe,I0170080009a,1762,"햄, 프레스햄","햄,프레스햄",햄,햄,육류 및 그 제품,,농진청('20),10.4,INGREDIENT,1,0,,13,MEASURED,[],[],234,2.77,15.11,18.02,0,628,26,0.63,339,7,32.19
68a06163-66d8-5031-8787-03ae1464dcc6,I0170080009c,1763,"햄, 프레스햄, 데친것","햄,프레스햄,데친것",햄,햄,육류 및 그 제품,데친것,농진청('20),10.4,INGREDIENT,1,0,,13,MEASURED,[],[],234,3.91,15.92,17.23,0,668,9,0.73,211,3,29.12
6a015579-5642-5a7c-8c88-5d33615a6577,I0170080009g,1764,"햄, 프레스햄, 구운것(팬)","햄,프레스햄,구운것(팬)",햄,햄,육류 및 그 제품,구운것(팬),농진청('19),10.4,INGREDIENT,1,0,,13,MEASURED,[],[],249,3.78,16.2,18.77,0,758,19,0.71,319,5,31.94
3254327b-6adc-520a-9ce8-932be7d59b5b,I0170060009a,1765,"햄, 슬라이스햄","햄,슬라이스햄",햄,햄,육류 및 그 제품,,농진청('19),10.4,INGREDIENT,1,0,,13,MEASURED,[],[],193,2.3,17.01,12.82,0,703,27,0.77,368,7,41.48
5359c642-ab1a-527e-8a8f-8abbfbdb5ddd,I0170060009c,1766,"햄, 슬라이스햄, 데친것","햄,슬라이스햄,데친것",햄,햄,육류 및 그 제품,데친것,농진청('19),10.4,INGREDIENT,1,1,LOWEST_COMPLEXITY_VARIANT,13,MEASURED,[],[],203,3.94,17.26,13.14,0,525,29,0.89,274,7,32.22
8453c906-e8c6-563e-baa7-8810dbecba2d,I0170060009g,1767,"햄, 슬라이스햄, 구운것(팬)","햄,슬라이스햄,구운것(팬)",햄,햄,육류 및 그 제품,구운것(팬),농진청('19),10.4,INGREDIENT,1,0,,13,MEASURED,[],[],234,4.05,19.7,15.43,0,806,33,0.93,429,5,39.38
3b91cf37-56c1-51bb-bb64-3ab289cd6628,I0190000000a,1768,"돼지불고기, 생것","돼지불고기,생것",돼지불고기,돼지불고기,육류 및 그 제품,생것,식약('96),10.4,INGREDIENT,1,1,GENERIC_RAW,1,PARTIAL,[],[],128,2.4,14.1,6.9,,330,16,1,253,5,3
a53a5300-fe45-5884-bf80-322eef1a0d8c,I0220010009e,1769,"순대, 선지 비율 낮은것","순대,선지 비율 낮은것",순대,순대,육류 및 그 제품,,농진청('19),10.4,INGREDIENT,1,1,LOWEST_COMPLEXITY_VARIANT,2,MEASURED,[],[],178,32.28,3.18,3.96,0.5,506,19,2.56,44,1,0.12
0f8380bc-1343-57fc-be79-81fd26e0e590,I0220020009e,1770,"순대, 선지 비율 높은것","순대,선지 비율 높은것",순대,순대,육류 및 그 제품,,농진청('19),10.4,INGREDIENT,1,0,,2,MEASURED,[],[],150,11.65,9.22,7.37,0.8,386,31,9.7,194,1,4.12
9c8bf794-09cf-5251-99cd-d6d730c50a9a,I0180000007a,1771,"포크커틀릿, 냉동","포크커틀릿,냉동",포크커틀릿,포크커틀릿,육류 및 그 제품,냉동,식약('96),10.4,INGREDIENT,1,1,LOWEST_COMPLEXITY_VARIANT,2,PARTIAL,[],[],285,21,9.4,18.2,,345,23,1.2,172,5,0
3746def2-be0d-5c18-b6cc-875e1759d51e,I0180000007j,1772,"포크커틀릿, 냉동, 튀긴것(빵가루)","포크커틀릿,냉동,튀긴것(빵가루)",포크커틀릿,포크커틀릿,육류 및 그 제품,튀긴것(빵가루),축과원('11),10.4,INGREDIENT,1,0,,2,PARTIAL,[],[],365,21.2,16.6,23.7,,166,15,0.3,256,9,0
1b7ea09e-778e-53f8-be64-baa589d36666,I0450000000a,1773,"말고기, 살코기, 생것","말고기,살코기,생것",말고기,말고기,육류 및 그 제품,생것,JAPAN('20),10.4,INGREDIENT,1,1,GENERIC_RAW_VARIANT,1,QUALIFIED,[],"[""fiber_g""]",102,0.3,20.1,2.5,0,50,11,4.3,300,9,1
22acd061-b5fb-55f6-9abc-6ec37c382c2b,I0230000000a,1774,"메추리고기, 생것","메추리고기,생것",메추리고기,메추리고기,육류 및 그 제품,생것,JAPAN('20),10.4,INGREDIENT,1,1,GENERIC_RAW,1,QUALIFIED,"[""vitamin_c_mg""]","[""fiber_g""]",194,0.1,20.5,12.9,0,35,15,2.9,280,45,0
1d91c0b8-e062-5026-94c6-f305aa6e5cd5,I0240000000a,1775,"멧돼지고기, 생것","멧돼지고기,생것",멧돼지고기,멧돼지고기,육류 및 그 제품,생것,JAPAN('20),10.4,INGREDIENT,1,1,GENERIC_RAW,2,QUALIFIED,[],"[""fiber_g""]",249,0.5,18.8,19.8,0,45,4,2.5,270,4,1
875e0616-c7d3-5ebd-9f49-1a6b69b67951,I024000D210a,1776,"멧돼지고기, 앞다리, 생것","멧돼지고기,앞다리,생것",멧돼지고기,멧돼지고기,육류 및 그 제품,생것,농진청('96),10.4,INGREDIENT,1,0,,2,PARTIAL,[],[],191,0,21.5,10.7,,55,11,2.1,304,2,0
2ea6283f-175a-5f8a-83a2-b0be31ab0520,I027001D039i,1777,"소고기, 수입산, 갈비, 구운것(오븐)","소고기,수입산,갈비,구운것(오븐)",소고기,소고기,육류 및 그 제품,구운것(오븐),USDA('18),10.4,INGREDIENT,1,0,,205,MEASURED,[],[],400,0,22.57,33.7,0,65,11,2.17,304,0,0
b79cc6a2-9d89-5ad4-a923-708b74611486,I027001D130a,1778,"소고기, 수입산, 목심(목심살), 생것","소고기,수입산,목심(목심살),생것",소고기,소고기,육류 및 그 제품,생것,USDA('18),10.4,INGREDIENT,1,0,,205,MEASURED,[],[],268,0.97,16.98,21.31,0,67,10,2.01,267,0,0
947b985c-1057-5ce4-94d0-c8257c93ec9b,I027001D139b,1779,"소고기, 수입산, 목심(목심살), 삶은것","소고기,수입산,목심(목심살),삶은것",소고기,소고기,육류 및 그 제품,삶은것,USDA('18),10.4,INGREDIENT,1,0,,205,MEASURED,[],[],359,0,26.37,27.26,0,64,13,3.08,230,0,0
b57d9918-18a9-5b41-9538-e4fdf276df4d,I027001D149d,1780,"소고기, 수입산, 사태, 끓인것","소고기,수입산,사태,끓인것",소고기,소고기,육류 및 그 제품,,USDA('18),10.4,INGREDIENT,1,0,,205,MEASURED,[],[],201,0,33.68,6.36,0,64,32,3.86,447,0,0
5b734ac8-9d17-5bca-9c48-c7434a7ef6fb,I027001D179h,1781,"소고기, 수입산, 설도, 구운것(석쇠)","소고기,수입산,설도,구운것(석쇠)",소고기,소고기,육류 및 그 제품,,USDA('18),10.4,INGREDIENT,1,0,,205,MEASURED,[],[],164,0,28.45,4.67,0,38,6,2.35,238,0,0
9530fea9-a414-5cdd-b83b-697d8831ded2,I027001D209f,1782,"소고기, 수입산, 안심(안심살), 구운것","소고기,수입산,안심(안심살),구운것",소고기,소고기,육류 및 그 제품,구운것,USDA('18),10.4,INGREDIENT,1,0,,205,MEASURED,[],[],267,0,26.46,17.12,0,54,19,1.69,329,0,0
51f79df0-de85-54f2-b4b7-02436a506959,I027003D030a,1783,"소고기, 한우, 갈비, 생것","소고기,한우,갈비,생것",소고기,소고기,육류 및 그 제품,생것,농진청('03),10.4,INGREDIENT,1,0,,205,PARTIAL,[],[],307,1.9,16.5,24.4,,127,9,3,194,0,0
9811bcb7-975e-5f6f-96c3-86d2fdc9f2d6,I027003D110a,1784,"소고기, 한우, 등심, 생것","소고기,한우,등심,생것",소고기,소고기,육류 및 그 제품,생것,농진청('14),10.4,INGREDIENT,1,0,,205,MEASURED,[],[],313,0,15.61,26.3,0,56,11,2.24,241,26,0.8
9917991f-3c7f-5c75-8419-67195872d2f4,I027003D119b,1785,"소고기, 한우, 등심, 삶은것","소고기,한우,등심,삶은것",소고기,소고기,육류 및 그 제품,삶은것,농진청('14),10.4,INGREDIENT,1,0,,205,MEASURED,[],[],357,0,25.2,26.63,0,33,7,3,195,4,0.9
294a1add-9380-5ea7-a5f5-c9fe1319f863,I027003D119g,1786,"소고기, 한우, 등심, 구운것(팬)","소고기,한우,등심,구운것(팬)",소고기,소고기,육류 및 그 제품,구운것(팬),농진청('14),10.4,INGREDIENT,1,0,,205,MEASURED,[],[],400,0,18.9,33.99,0,59,8,2.92,262,9,0.97
dc5d2eab-2957-597e-9998-d8f7f179eee8,I027003D280a,1787,"소고기, 한우, 양지, 생것","소고기,한우,양지,생것",소고기,소고기,육류 및 그 제품,생것,농진청('14),10.4,INGREDIENT,1,0,,205,MEASURED,[],[],253,0,18.58,18.59,0,55,5,1.92,265,12,0.93
dde52f6e-1802-5468-8fcd-4518ea166d8e,I027003D289b,1788,"소고기, 한우, 양지, 삶은것","소고기,한우,양지,삶은것",소고기,소고기,육류 및 그 제품,삶은것,농진청('14),10.4,INGREDIENT,1,0,,205,MEASURED,[],[],272,0,33.09,14.05,0,38,8,2.47,174,44,0
f5bc18cf-9898-5088-9134-a6c0b846f955,I027003D289g,1789,"소고기, 한우, 양지, 구운것(팬)","소고기,한우,양지,구운것(팬)",소고기,소고기,육류 및 그 제품,구운것(팬),농진청('14),10.4,INGREDIENT,1,0,,205,MEASURED,[],[],309,0,25.6,21.32,0,74,7,2.4,347,12,0.75
86bf4bd8-73a0-5b97-bf93-482722bc2ce0,I027003D320a,1790,"소고기, 한우, 채끝, 생것","소고기,한우,채끝,생것",소고기,소고기,육류 및 그 제품,생것,농진청('89),10.4,INGREDIENT,1,0,,205,PARTIAL,[],[],126,0.2,17.1,5.6,,63,11,2.2,261,7,0
1d76928c-a6fd-529b-884e-9313668caf75,I027004D150a,1791,"소고기, 한우(1++등급), 살코기, 생것","소고기,한우(1++등급),살코기,생것",소고기,소고기,육류 및 그 제품,생것,대푯값,10.4,INGREDIENT,1,0,,205,MEASURED,[],[],269,0,17.88,20.6,0,51,5,2.65,267,5,1.08
727101d8-2c96-5596-affc-def286937174,I027004D030a,1792,"소고기, 한우(1++등급), 갈비, 생것","소고기,한우(1++등급),갈비,생것",소고기,소고기,육류 및 그 제품,생것,농진청('20),10.4,INGREDIENT,1,0,,205,MEASURED,[],[],406,0,13.86,36.93,0,52,7,2.39,210,8,1.15
ec3deed5-a40f-5389-805a-f553d8fe8679,I027004D800a,1793,"소고기, 한우(1++등급), 갈비(꽃갈비), 생것","소고기,한우(1++등급),갈비(꽃갈비),생것",소고기,소고기,육류 및 그 제품,생것,농진청('20),10.4,INGREDIENT,1,0,,205,MEASURED,[],[],424,0,12.62,39.35,0,53,8,2.02,183,8,1.17
b02e9206-d52e-5668-85a8-3e9d0b640407,I027004D810a,1794,"소고기, 한우(1++등급), 갈비(본갈비), 생것","소고기,한우(1++등급),갈비(본갈비),생것",소고기,소고기,육류 및 그 제품,생것,농진청('20),10.4,INGREDIENT,1,0,,205,MEASURED,[],[],376,0,14.64,33.38,0,51,5,2.39,209,7,1.18
09ee6e02-8ff8-5a4a-9e7c-868171440b25,I027004D820a,1795,"소고기, 한우(1++등급), 갈비(안창살), 생것","소고기,한우(1++등급),갈비(안창살),생것",소고기,소고기,육류 및 그 제품,생것,농진청('20),10.4,INGREDIENT,1,0,,205,MEASURED,[],[],313,0,14.57,26.73,0,49,6,3.42,246,6,1.17
4a99b1dd-083c-5021-bd7f-3f821b5dc098,I027004D830a,1796,"소고기, 한우(1++등급), 갈비(제비추리), 생것","소고기,한우(1++등급),갈비(제비추리),생것",소고기,소고기,육류 및 그 제품,생것,농진청('20),10.4,INGREDIENT,1,0,,205,MEASURED,[],[],202,0,20.04,12.49,0,53,7,3.57,310,3,0.91
ea4c2a1c-87e7-52e3-bd98-a608b7bffb29,I027004D840a,1797,"소고기, 한우(1++등급), 갈비(참갈비), 생것","소고기,한우(1++등급),갈비(참갈비),생것",소고기,소고기,육류 및 그 제품,생것,농진청('20),10.4,INGREDIENT,1,0,,205,MEASURED,[],[],415,0,12.17,38.65,0,46,5,2.09,199,9,0.99
b738ec54-2029-507a-ba3c-3d1eeb9c16ed,I027004D850a,1798,"소고기, 한우(1++등급), 갈비(토시살), 생것","소고기,한우(1++등급),갈비(토시살),생것",소고기,소고기,육류 및 그 제품,생것,농진청('20),10.4,INGREDIENT,1,0,,205,MEASURED,[],[],273,0,16.46,21.62,0,53,5,3.78,245,4,1.22
1dd5ee98-1446-53e5-80fe-fd5a94e9da8e,I027004D110a,1799,"소고기, 한우(1++등급), 등심, 생것","소고기,한우(1++등급),등심,생것",소고기,소고기,육류 및 그 제품,생것,농진청('20),10.4,INGREDIENT,1,0,,205,MEASURED,[],[],349,0,15.76,30.03,0,43,4,2.26,218,7,1.25
96ebad4b-6426-5907-934d-efb1c0179e17,I027004D860a,1800,"소고기, 한우(1++등급), 등심(꽃등심살), 생것","소고기,한우(1++등급),등심(꽃등심살),생것",소고기,소고기,육류 및 그 제품,생것,농진청('20),10.4,INGREDIENT,1,0,,205,MEASURED,[],[],365,0,15.44,31.86,0,41,4,2.19,227,10,0.98
e57cf878-3148-5ce5-8ae7-79945fcffd88,I027004D870a,1801,"소고기, 한우(1++등급), 등심(살치살), 생것","소고기,한우(1++등급),등심(살치살),생것",소고기,소고기,육류 및 그 제품,생것,농진청('20),10.4,INGREDIENT,1,0,,205,MEASURED,[],[],363,0,14.73,31.96,0,44,3,2.53,205,7,1.03
3fb11f5f-e044-5927-b07a-d92374991cae,I027004D880a,1802,"소고기, 한우(1++등급), 등심(아래등심살), 생것","소고기,한우(1++등급),등심(아래등심살),생것",소고기,소고기,육류 및 그 제품,생것,농진청('20),10.4,INGREDIENT,1,0,,205,MEASURED,[],[],348,0,16.23,29.73,0,40,4,2.05,229,7,0.92
cecbbc85-1445-52c1-84bd-2f7ef981f748,I027004D890a,1803,"소고기, 한우(1++등급), 등심(윗등심살), 생것","소고기,한우(1++등급),등심(윗등심살),생것",소고기,소고기,육류 및 그 제품,생것,농진청('20),10.4,INGREDIENT,1,0,,205,MEASURED,[],[],335,0,16.03,28.46,0,46,5,2.33,211,6,1.64
3b42f3b2-80a3-5582-9d2d-79e6943c513a,I027004D130a,1804,"소고기, 한우(1++등급), 목심, 생것","소고기,한우(1++등급),목심,생것",소고기,소고기,육류 및 그 제품,생것,농진청('20),10.4,INGREDIENT,1,0,,205,MEASURED,[],[],217,0,20.24,13.96,0,57,7,3.2,298,3,1.19
dede40f7-828d-55ea-a74c-fc7aea58c995,I027004D140a,1805,"소고기, 한우(1++등급), 사태, 생것","소고기,한우(1++등급),사태,생것",소고기,소고기,육류 및 그 제품,생것,농진청('20),10.4,INGREDIENT,1,0,,205,MEASURED,[],[],174,0,21.37,8.91,0,63,5,3.15,298,2,1.28
c060f4c6-5c8a-5bf1-acba-76306c4b2973,I027004D900a,1806,"소고기, 한우(1++등급), 사태(뒷사태), 생것","소고기,한우(1++등급),사태(뒷사태),생것",소고기,소고기,육류 및 그 제품,생것,농진청('20),10.4,INGREDIENT,1,0,,205,MEASURED,[],[],178,0,21.41,9.31,0,63,6,3.27,294,2,1.36
cbb546ca-facf-50ad-8cbf-c46f314a62f4,I027004D910a,1807,"소고기, 한우(1++등급), 사태(뭉치사태), 생것","소고기,한우(1++등급),사태(뭉치사태),생것",소고기,소고기,육류 및 그 제품,생것,농진청('20),10.4,INGREDIENT,1,0,,205,MEASURED,[],[],167,0,22.45,7.7,0,56,5,3.48,317,1,0.98
c9c526d0-c3d2-5730-9bc9-ddc46e8216d5,I027004D920a,1808,"소고기, 한우(1++등급), 사태(상박살), 생것","소고기,한우(1++등급),사태(상박살),생것",소고기,소고기,육류 및 그 제품,생것,농진청('20),10.4,INGREDIENT,1,0,,205,MEASURED,[],[],222,0,20.22,14.55,0,60,4,2.8,285,4,1.31
726a2fef-50b5-518e-86e4-994c9753f2e1,I027004D930a,1809,"소고기, 한우(1++등급), 사태(아롱사태), 생것","소고기,한우(1++등급),사태(아롱사태),생것",소고기,소고기,육류 및 그 제품,생것,농진청('20),10.4,INGREDIENT,1,0,,205,MEASURED,[],[],233,0,21.76,15.03,0,69,5,2.83,251,4,1.26
cbdbf046-6eb9-504f-b122-ce94a74f069b,I027004D940a,1810,"소고기, 한우(1++등급), 사태(앞사태), 생것","소고기,한우(1++등급),사태(앞사태),생것",소고기,소고기,육류 및 그 제품,생것,농진청('20),10.4,INGREDIENT,1,0,,205,MEASURED,[],[],159,0,20.86,7.58,0,66,5,2.91,298,2,1.37
15e8e906-e637-52ad-9a31-6fe90e09112d,I027004D170a,1811,"소고기, 한우(1++등급), 설도, 생것","소고기,한우(1++등급),설도,생것",소고기,소고기,육류 및 그 제품,생것,농진청('20),10.4,INGREDIENT,1,0,,205,MEASURED,[],[],217,0,19.63,14.21,0,51,5,2.89,294,4,1.04
a7cce533-b83e-55eb-b68b-c5c2e4d110c6,I027004D950a,1812,"소고기, 한우(1++등급), 설도(도가니살), 생것","소고기,한우(1++등급),설도(도가니살),생것",소고기,소고기,육류 및 그 제품,생것,농진청('20),10.4,INGREDIENT,1,0,,205,MEASURED,[],[],175,0,20.28,9.47,0,52,5,3.09,298,3,1.36
c3967660-657f-57fc-b895-0e25b6953fbd,I027004D180a,1813,"소고기, 한우(1++등급), 설도(보섭살), 생것","소고기,한우(1++등급),설도(보섭살),생것",소고기,소고기,육류 및 그 제품,생것,농진청('20),10.4,INGREDIENT,1,0,,205,MEASURED,[],[],218,0,20.24,14.05,0,51,5,3.09,305,4,0.88
fe89ac10-977c-5948-ab1d-8fce1b929bb0,I027004D960a,1814,"소고기, 한우(1++등급), 설도(삼각살), 생것","소고기,한우(1++등급),설도(삼각살),생것",소고기,소고기,육류 및 그 제품,생것,농진청('20),10.4,INGREDIENT,1,0,,205,MEASURED,[],[],304,0,16.89,24.76,0,46,4,1.99,262,6,0.89
411091f9-5ec1-5ac3-ab03-4f1fbd8684c4,I027004D970a,1815,"소고기, 한우(1++등급), 설도(설깃머리살), 생것","소고기,한우(1++등급),설도(설깃머리살),생것",소고기,소고기,육류 및 그 제품,생것,농진청('20),10.4,INGREDIENT,1,0,,205,MEASURED,[],[],245,0,17.85,18.03,0,48,4,2.83,276,5,1
7215c906-c822-5833-8b6b-1593e9555986,I027004D190a,1816,"소고기, 한우(1++등급), 설도(설깃살), 생것","소고기,한우(1++등급),설도(설깃살),생것",소고기,소고기,육류 및 그 제품,생것,농진청('20),10.4,INGREDIENT,1,1,NUTRITION_MEDOID_RAW,205,MEASURED,[],[],223,0,19.74,14.85,0,51,5,2.74,293,4,0.95
3d46bed4-d9c0-5061-b6c8-0c20df749870,I027004D200a,1817,"소고기, 한우(1++등급), 안심, 생것","소고기,한우(1++등급),안심,생것",소고기,소고기,육류 및 그 제품,생것,농진청('20),10.4,INGREDIENT,1,0,,205,MEASURED,[],[],268,0,17.4,20.63,0,42,4,2.67,268,5,0.78
67dfb2e6-fa41-5620-9103-35e001f5434c,I027004D210a,1818,"소고기, 한우(1++등급), 앞다리, 생것","소고기,한우(1++등급),앞다리,생것",소고기,소고기,육류 및 그 제품,생것,농진청('20),10.4,INGREDIENT,1,0,,205,MEASURED,[],[],222,0,18.9,15.12,0,55,6,2.97,291,4,1.13
1a1a8bda-5451-5f4d-a93d-9cf7be12cc4b,I027004D980a,1819,"소고기, 한우(1++등급), 앞다리(갈비덧살), 생것","소고기,한우(1++등급),앞다리(갈비덧살),생것",소고기,소고기,육류 및 그 제품,생것,농진청('20),10.4,INGREDIENT,1,0,,205,MEASURED,[],[],224,0,19.17,15.21,0,48,7,2.78,304,6,0.85
8ba03ff6-64e0-51dd-a362-4ce7df97b894,I027004D220a,1820,"소고기, 한우(1++등급), 앞다리(꾸리살), 생것","소고기,한우(1++등급),앞다리(꾸리살),생것",소고기,소고기,육류 및 그 제품,생것,농진청('20),10.4,INGREDIENT,1,0,,205,MEASURED,[],[],192,0,19.58,11.58,0,52,4,2.97,297,3,1.28
9b2d0999-ec26-5f08-b427-d1041c8d2b2c,I027004D990a,1821,"소고기, 한우(1++등급), 앞다리(부채덮개살), 생것","소고기,한우(1++등급),앞다리(부채덮개살),생것",소고기,소고기,육류 및 그 제품,생것,농진청('20),10.4,INGREDIENT,1,0,,205,MEASURED,[],[],185,0,21.26,10.1,0,60,6,2.95,304,3,1.07
d20f9259-9c69-5b62-8bac-a8d0041d3edc,I027004D710a,1822,"소고기, 한우(1++등급), 앞다리(부채살), 생것","소고기,한우(1++등급),앞다리(부채살),생것",소고기,소고기,육류 및 그 제품,생것,농진청('20),10.4,INGREDIENT,1,0,,205,MEASURED,[],[],285,0,17.02,22.64,0,51,4,2.56,239,5,1.24
b4077bba-8997-5d00-a1eb-5b43920c0f7f,I027004D770a,1823,"소고기, 한우(1++등급), 앞다리(앞다리살), 생것","소고기,한우(1++등급),앞다리(앞다리살),생것",소고기,소고기,육류 및 그 제품,생것,농진청('20),10.4,INGREDIENT,1,0,,205,MEASURED,[],[],213,0,18.93,14.19,0,57,7,3.16,304,4,1.11
fb40e245-a043-55fe-aedc-3cd078e24243,I027004D280a,1824,"소고기, 한우(1++등급), 양지, 생것","소고기,한우(1++등급),양지,생것",소고기,소고기,육류 및 그 제품,생것,농진청('20),10.4,INGREDIENT,1,0,,205,MEASURED,[],[],288,0,16.81,23.08,0,52,7,2.42,256,6,0.96
2b5b6ce7-322f-5ae1-ad7d-7a2e94b37d3b,I027004F010a,1825,"소고기, 한우(1++등급), 양지(앞치마살), 생것","소고기,한우(1++등급),양지(앞치마살),생것",소고기,소고기,육류 및 그 제품,생것,농진청('20),10.4,INGREDIENT,1,0,,205,MEASURED,[],[],351,0,14.29,30.9,0,44,3,2.03,217,9,0.62
235a8578-064f-5cff-ac9b-c806ae933828,I027004D290a,1826,"소고기, 한우(1++등급), 양지(양지머리), 생것","소고기,한우(1++등급),양지(양지머리),생것",소고기,소고기,육류 및 그 제품,생것,농진청('20),10.4,INGREDIENT,1,0,,205,MEASURED,[],[],213,0,19.88,13.75,0,52,10,2.89,320,4,0.89
e172a003-5c95-576c-800a-45c71caa10d9,I027004D300a,1827,"소고기, 한우(1++등급), 양지(업진살), 생것","소고기,한우(1++등급),양지(업진살),생것",소고기,소고기,육류 및 그 제품,생것,농진청('20),10.4,INGREDIENT,1,0,,205,MEASURED,[],[],413,0,12.64,38.19,0,51,5,1.82,181,9,0.93
acc0d004-3d7f-5267-8841-8b3bf33d3e2f,I027004F020a,1828,"소고기, 한우(1++등급), 양지(업진안살), 생것","소고기,한우(1++등급),양지(업진안살),생것",소고기,소고기,육류 및 그 제품,생것,농진청('20),10.4,INGREDIENT,1,0,,205,MEASURED,[],[],321,0,15.43,27.21,0,47,5,2.8,246,7,1.01
45d9ce74-7a67-5119-b425-854e3ea25a9c,I027004F030a,1829,"소고기, 한우(1++등급), 양지(차돌박이), 생것","소고기,한우(1++등급),양지(차돌박이),생것",소고기,소고기,육류 및 그 제품,생것,농진청('20),10.4,INGREDIENT,1,0,,205,MEASURED,[],[],342,0,14.12,29.96,0,63,5,2.08,215,7,1.13
9dfae7b5-8c10-5e24-8350-416355f4f6c5,I027004F040a,1830,"소고기, 한우(1++등급), 양지(치마살), 생것","소고기,한우(1++등급),양지(치마살),생것",소고기,소고기,육류 및 그 제품,생것,농진청('20),10.4,INGREDIENT,1,0,,205,MEASURED,[],[],275,0,16.37,21.84,0,44,3,2.74,254,6,1.31
1133411a-3e19-51c8-a827-34009be7deb2,I027004F050a,1831,"소고기, 한우(1++등급), 양지(치마양지), 생것","소고기,한우(1++등급),양지(치마양지),생것",소고기,소고기,육류 및 그 제품,생것,농진청('20),10.4,INGREDIENT,1,0,,205,MEASURED,[],[],253,0,18.04,18.82,0,53,5,2.33,258,4,0.95
bd2e360c-dd2d-52f5-96a0-f52c0dc65651,I027004F070a,1832,"소고기, 한우(1++등급), 우둔, 생것","소고기,한우(1++등급),우둔,생것",소고기,소고기,육류 및 그 제품,생것,농진청('20),10.4,INGREDIENT,1,0,,205,MEASURED,[],[],191,0,20.4,11.11,0,50,5,2.78,330,4,0.92
66a2c2ec-8bbb-5da9-9d3b-a685aa0e80ed,I027004D260a,1833,"소고기, 한우(1++등급), 우둔(우둔살), 생것","소고기,한우(1++등급),우둔(우둔살),생것",소고기,소고기,육류 및 그 제품,생것,농진청('20),10.4,INGREDIENT,1,0,,205,MEASURED,[],[],191,0,20.39,11.17,0,51,5,2.91,328,4,0.98
ca771505-a8d6-5d1e-a4ec-141caede3518,I027004D270a,1834,"소고기, 한우(1++등급), 우둔(홍두깨살), 생것","소고기,한우(1++등급),우둔(홍두깨살),생것",소고기,소고기,육류 및 그 제품,생것,농진청('20),10.4,INGREDIENT,1,0,,205,MEASURED,[],[],189,0,20.44,10.87,0,46,5,2.22,336,4,0.64
e6fd37be-2dbb-5326-be23-be31cebfaf5d,I027004D320a,1835,"소고기, 한우(1++등급), 채끝, 생것","소고기,한우(1++등급),채끝,생것",소고기,소고기,육류 및 그 제품,생것,농진청('20),10.4,INGREDIENT,1,0,,205,MEASURED,[],[],360,0,16.48,30.84,0,44,4,2.09,230,8,0.86
72d29b32-52c5-5101-86be-ccd3b55e4587,I027007D150a,1836,"소고기, 한우(1+등급), 살코기, 생것","소고기,한우(1+등급),살코기,생것",소고기,소고기,육류 및 그 제품,생것,대푯값,10.4,INGREDIENT,1,0,,205,MEASURED,[],[],251,0,19.01,18.18,0,44,3,2.36,276,9,0.96
6dd6027a-b788-5b39-9dcd-dcacbec44178,I027007D030a,1837,"소고기, 한우(1+등급), 갈비, 생것","소고기,한우(1+등급),갈비,생것",소고기,소고기,육류 및 그 제품,생것,농진청('17),10.4,INGREDIENT,1,0,,205,MEASURED,[],[],388,0,15.5,34.29,0,41,4,2.07,224,15,0.98
0fa11cc9-52fa-588c-931a-18e357b5f7b3,I027007D800a,1838,"소고기, 한우(1+등급), 갈비(꽃갈비), 생것","소고기,한우(1+등급),갈비(꽃갈비),생것",소고기,소고기,육류 및 그 제품,생것,농진청('17),10.4,INGREDIENT,1,0,,205,MEASURED,[],[],391,0,14.7,36.43,0,40,4,1.76,210,15,0.87
6c08b39a-a7f6-5185-83ab-bc6ead5da810,I027007D810a,1839,"소고기, 한우(1+등급), 갈비(본갈비), 생것","소고기,한우(1+등급),갈비(본갈비),생것",소고기,소고기,육류 및 그 제품,생것,농진청('17),10.4,INGREDIENT,1,0,,205,MEASURED,[],[],388,0,14.69,34.65,0,42,4,2.03,196,15,1.05
93e408d6-9f5f-50c4-8460-945a83f2c2b6,I027007D820a,1840,"소고기, 한우(1+등급), 갈비(안창살), 생것","소고기,한우(1+등급),갈비(안창살),생것",소고기,소고기,육류 및 그 제품,생것,농진청('17),10.4,INGREDIENT,1,0,,205,MEASURED,[],[],313,0,15.25,26.4,0,42,3,3.25,234,11,0.88
46a8fd8f-d64b-5c5b-849f-b30cc160ca2a,I027007D830a,1841,"소고기, 한우(1+등급), 갈비(제비추리), 생것","소고기,한우(1+등급),갈비(제비추리),생것",소고기,소고기,육류 및 그 제품,생것,농진청('17),10.4,INGREDIENT,1,0,,205,MEASURED,[],[],187,0,21.13,10.45,0,39,4,2.8,266,3,0.96
558283c0-7c43-5262-af54-8dabb13d8d40,I027007D840a,1842,"소고기, 한우(1+등급), 갈비(참갈비), 생것","소고기,한우(1+등급),갈비(참갈비),생것",소고기,소고기,육류 및 그 제품,생것,농진청('17),10.4,INGREDIENT,1,0,,205,MEASURED,[],[],373,0,14.82,32.98,0,38,3,1.79,226,15,0.92
9fb1957b-942c-51a8-9f81-59bfd403c2ec,I027007D850a,1843,"소고기, 한우(1+등급), 갈비(토시살), 생것","소고기,한우(1+등급),갈비(토시살),생것",소고기,소고기,육류 및 그 제품,생것,농진청('17),10.4,INGREDIENT,1,0,,205,MEASURED,[],[],269,0,15.69,21.52,0,42,3,3.38,254,12,1.36
e7bfc45d-e60e-5923-b25e-6e8cdcd76d74,I027007D110a,1844,"소고기, 한우(1+등급), 등심, 생것","소고기,한우(1+등급),등심,생것",소고기,소고기,육류 및 그 제품,생것,농진청('17),10.4,INGREDIENT,1,0,,205,MEASURED,[],[],333,0,16.87,27.84,0,39,4,2.2,245,14,0.95
4a3f9691-89da-5b35-b32c-9aec04610b33,I027007D860a,1845,"소고기, 한우(1+등급), 등심(꽃등심살), 생것","소고기,한우(1+등급),등심(꽃등심살),생것",소고기,소고기,육류 및 그 제품,생것,농진청('17),10.4,INGREDIENT,1,0,,205,MEASURED,[],[],342,0,17.1,28.72,0,38,3,2.13,256,14,0.87
b2bcf538-1eba-5e97-937d-c33b4c2eaf3a,I027007D870a,1846,"소고기, 한우(1+등급), 등심(살치살), 생것","소고기,한우(1+등급),등심(살치살),생것",소고기,소고기,육류 및 그 제품,생것,농진청('17),10.4,INGREDIENT,1,0,,205,MEASURED,[],[],351,0,13.53,31.28,0,38,3,2.15,196,18,0.81
9731a316-4847-5d6d-a046-694035c6c3c0,I027007D880a,1847,"소고기, 한우(1+등급), 등심(아래등심살), 생것","소고기,한우(1+등급),등심(아래등심살),생것",소고기,소고기,육류 및 그 제품,생것,농진청('17),10.4,INGREDIENT,1,0,,205,MEASURED,[],[],297,0,18.23,23.34,0,34,3,1.95,274,14,0.88
2df41642-e7d5-573d-a0b7-d86267780795,I027007D890a,1848,"소고기, 한우(1+등급), 등심(윗등심살), 생것","소고기,한우(1+등급),등심(윗등심살),생것",소고기,소고기,육류 및 그 제품,생것,농진청('17),10.4,INGREDIENT,1,0,,205,MEASURED,[],[],339,0,16.98,28.45,0,41,4,2.38,237,12,1.07
5fab17f1-6339-580a-86fd-82e53ff4fa74,I027007D130a,1849,"소고기, 한우(1+등급), 목심, 생것","소고기,한우(1+등급),목심,생것",소고기,소고기,육류 및 그 제품,생것,농진청('17),10.4,INGREDIENT,1,0,,205,MEASURED,[],[],227,0,20.83,14.75,0,46,4,2.56,272,6,0.84
bc4e70f5-a273-5819-9503-9c624ceb08bd,I027007D140a,1850,"소고기, 한우(1+등급), 사태, 생것","소고기,한우(1+등급),사태,생것",소고기,소고기,육류 및 그 제품,생것,농진청('17),10.4,INGREDIENT,1,0,,205,MEASURED,[],[],156,0,21.29,7.06,0,55,3,2.76,301,3,1.32
3e8751a5-7947-5edc-b550-49456a7633d6,I027007D900a,1851,"소고기, 한우(1+등급), 사태(뒷사태), 생것","소고기,한우(1+등급),사태(뒷사태),생것",소고기,소고기,육류 및 그 제품,생것,농진청('17),10.4,INGREDIENT,1,0,,205,MEASURED,[],[],153,0,20.57,7.01,0,56,3,2.82,300,4,1.42
f77e3629-809d-5b22-8644-215de99c6f81,I027007D910a,1852,"소고기, 한우(1+등급), 사태(뭉치사태), 생것","소고기,한우(1+등급),사태(뭉치사태),생것",소고기,소고기,육류 및 그 제품,생것,농진청('17),10.4,INGREDIENT,1,0,,205,MEASURED,[],[],138,0,21.89,4.85,0,48,3,2.89,323,3,0.91
af746ea3-64f2-5d84-bbf8-da353a238dca,I027007D920a,1853,"소고기, 한우(1+등급), 사태(상박살), 생것","소고기,한우(1+등급),사태(상박살),생것",소고기,소고기,육류 및 그 제품,생것,농진청('17),10.4,INGREDIENT,1,0,,205,MEASURED,[],[],211,0,20.12,13.38,0,53,3,2.73,273,6,0.93
1becf0e5-10f7-593f-934c-1e1b8f39281a,I027007D930a,1854,"소고기, 한우(1+등급), 사태(아롱사태), 생것","소고기,한우(1+등급),사태(아롱사태),생것",소고기,소고기,육류 및 그 제품,생것,농진청('17),10.4,INGREDIENT,1,0,,205,MEASURED,[],[],241,0,20.6,16.38,0,62,4,2.56,235,5,0.93
83e538b2-0c73-5e59-ad6e-60668a21f4a2,I027007D940a,1855,"소고기, 한우(1+등급), 사태(앞사태), 생것","소고기,한우(1+등급),사태(앞사태),생것",소고기,소고기,육류 및 그 제품,생것,농진청('17),10.4,INGREDIENT,1,0,,205,MEASURED,[],[],153,0,22.05,6.41,0,57,3,2.63,300,3,1.52
3efb2d84-e438-5411-bc76-271919a145bf,I027007D170a,1856,"소고기, 한우(1+등급), 설도, 생것","소고기,한우(1+등급),설도,생것",소고기,소고기,육류 및 그 제품,생것,농진청('17),10.4,INGREDIENT,1,0,,205,MEASURED,[],[],191,0,20.82,10.96,0,44,3,2.69,311,6,1.01
cd57210b-2e3e-5510-ae1e-7255fd719ab7,I027007D950a,1857,"소고기, 한우(1+등급), 설도(도가니살), 생것","소고기,한우(1+등급),설도(도가니살),생것",소고기,소고기,육류 및 그 제품,생것,농진청('17),10.4,INGREDIENT,1,0,,205,MEASURED,[],[],171,0,20.02,9.18,0,46,3,2.86,309,5,1.07
be886b9d-18ea-5c73-bbd5-d335fc16b56c,I027007D180a,1858,"소고기, 한우(1+등급), 설도(보섭살), 생것","소고기,한우(1+등급),설도(보섭살),생것",소고기,소고기,육류 및 그 제품,생것,농진청('17),10.4,INGREDIENT,1,0,,205,MEASURED,[],[],179,0,21.82,9.21,0,42,3,2.87,321,4,0.9
ecefa989-806c-57f8-8405-43976afe8df4,I027007D960a,1859,"소고기, 한우(1+등급), 설도(삼각살), 생것","소고기,한우(1+등급),설도(삼각살),생것",소고기,소고기,육류 및 그 제품,생것,농진청('17),10.4,INGREDIENT,1,0,,205,MEASURED,[],[],211,0,19.38,13.74,0,44,3,2.02,332,9,0.86
0fcf508a-b9f4-5198-98da-31e75a77adcd,I027007D970a,1860,"소고기, 한우(1+등급), 설도(설깃머리살), 생것","소고기,한우(1+등급),설도(설깃머리살),생것",소고기,소고기,육류 및 그 제품,생것,농진청('17),10.4,INGREDIENT,1,0,,205,MEASURED,[],[],211,0,19.2,13.81,0,42,3,2.75,290,8,0.91
474a4963-2f35-5192-a51e-78fdac4c0913,I027007D190a,1861,"소고기, 한우(1+등급), 설도(설깃살), 생것","소고기,한우(1+등급),설도(설깃살),생것",소고기,소고기,육류 및 그 제품,생것,농진청('17),10.4,INGREDIENT,1,0,,205,MEASURED,[],[],207,0,21.5,12.38,0,44,3,2.52,307,6,1.11
5788811e-af03-5eb2-8b3e-f7efb68839ad,I027007D200a,1862,"소고기, 한우(1+등급), 안심, 생것","소고기,한우(1+등급),안심,생것",소고기,소고기,육류 및 그 제품,생것,농진청('17),10.4,INGREDIENT,1,0,,205,MEASURED,[],[],210,0,20.69,13.03,0,37,2,2.63,294,7,0.84
b07e0096-31f9-5839-ac68-9b34081f6e04,I027007D210a,1863,"소고기, 한우(1+등급), 앞다리, 생것","소고기,한우(1+등급),앞다리,생것",소고기,소고기,육류 및 그 제품,생것,농진청('17),10.4,INGREDIENT,1,0,,205,MEASURED,[],[],200,0,19.72,12.37,0,46,3,2.73,293,6,0.99
dbe9d77b-64b0-59f6-8ab1-4aff16ab9e44,I027007D980a,1864,"소고기, 한우(1+등급), 앞다리(갈비덧살), 생것","소고기,한우(1+등급),앞다리(갈비덧살),생것",소고기,소고기,육류 및 그 제품,생것,농진청('17),10.4,INGREDIENT,1,0,,205,MEASURED,[],[],215,0,18.61,14.51,0,35,3,2,256,9,1.03
f6d1504e-ac27-5b75-bfc7-1740e979a11f,I027007D220a,1865,"소고기, 한우(1+등급), 앞다리(꾸리살), 생것","소고기,한우(1+등급),앞다리(꾸리살),생것",소고기,소고기,육류 및 그 제품,생것,농진청('17),10.4,INGREDIENT,1,0,,205,MEASURED,[],[],189,0,19.04,11.51,0,49,3,2.65,282,4,1.16
dfd91b7c-49ce-530a-950e-e388fda483ef,I027007D990a,1866,"소고기, 한우(1+등급), 앞다리(부채덮개살), 생것","소고기,한우(1+등급),앞다리(부채덮개살),생것",소고기,소고기,육류 및 그 제품,생것,농진청('17),10.4,INGREDIENT,1,0,,205,MEASURED,[],[],161,0,20.7,7.85,0,57,3,2.58,319,4,1.18
c2197bad-fb7a-5a13-a7d2-180a9d8cfd9c,I027007D710a,1867,"소고기, 한우(1+등급), 앞다리(부채살), 생것","소고기,한우(1+등급),앞다리(부채살),생것",소고기,소고기,육류 및 그 제품,생것,농진청('17),10.4,INGREDIENT,1,0,,205,MEASURED,[],[],251,0,17.42,18.84,0,49,2,2.48,265,8,1.09
649e2a0e-db6c-5c41-b08b-22aaf90ab4eb,I027007D770a,1868,"소고기, 한우(1+등급), 앞다리(앞다리살), 생것","소고기,한우(1+등급),앞다리(앞다리살),생것",소고기,소고기,육류 및 그 제품,생것,농진청('17),10.4,INGREDIENT,1,0,,205,MEASURED,[],[],188,0,20.74,10.71,0,44,3,3,308,5,0.87
894c71c0-52ae-53b7-9fa0-82d4fd9b5ec4,I027007D280a,1869,"소고기, 한우(1+등급), 양지, 생것","소고기,한우(1+등급),양지,생것",소고기,소고기,육류 및 그 제품,생것,농진청('17),10.4,INGREDIENT,1,0,,205,MEASURED,[],[],273,0,17.77,21.09,0,49,3,1.96,267,10,0.86
1312d7f5-f3e1-57c5-82bb-f12a6d565baf,I027007F010a,1870,"소고기, 한우(1+등급), 양지(앞치마살), 생것","소고기,한우(1+등급),양지(앞치마살),생것",소고기,소고기,육류 및 그 제품,생것,농진청('17),10.4,INGREDIENT,1,0,,205,MEASURED,[],[],297,0,17.38,23.81,0,40,2,2.31,305,13,1.21
3e9a2fa2-791f-5dea-ada9-0370476c9e17,I027007D290a,1871,"소고기, 한우(1+등급), 양지(양지머리), 생것","소고기,한우(1+등급),양지(양지머리),생것",소고기,소고기,육류 및 그 제품,생것,농진청('17),10.4,INGREDIENT,1,0,,205,MEASURED,[],[],197,0,19.77,12.11,0,52,3,2.4,306,6,0.73
b4825566-43d2-5210-9a4c-bc02d2e5c162,I027007D300a,1872,"소고기, 한우(1+등급), 양지(업진살), 생것","소고기,한우(1+등급),양지(업진살),생것",소고기,소고기,육류 및 그 제품,생것,농진청('17),10.4,INGREDIENT,1,0,,205,MEASURED,[],[],335,0,15.09,28.85,0,40,4,1.61,208,14,0.9
1fdbfc4d-0824-507e-b264-a0a7fef89558,I027007F020a,1873,"소고기, 한우(1+등급), 양지(업진안살), 생것","소고기,한우(1+등급),양지(업진안살),생것",소고기,소고기,육류 및 그 제품,생것,농진청('17),10.4,INGREDIENT,1,0,,205,MEASURED,[],[],305,0,18.09,24.35,0,45,5,2.44,263,9,0.98
9c40e830-b722-5678-b93e-3e5f04053e12,I027007F030a,1874,"소고기, 한우(1+등급), 양지(차돌박이), 생것","소고기,한우(1+등급),양지(차돌박이),생것",소고기,소고기,육류 및 그 제품,생것,농진청('17),10.4,INGREDIENT,1,0,,205,MEASURED,[],[],484,0,11.16,46.45,0,60,5,1.2,160,16,0.76
20d2e520-fe71-5b78-bea2-287ecb3f6108,I027007F040a,1875,"소고기, 한우(1+등급), 양지(치마살), 생것","소고기,한우(1+등급),양지(치마살),생것",소고기,소고기,육류 및 그 제품,생것,농진청('17),10.4,INGREDIENT,1,0,,205,MEASURED,[],[],241,0,17.64,17.69,0,44,3,2.46,270,9,1.14
da5d2919-c983-5b12-bc4d-758e0101ae03,I027007F050a,1876,"소고기, 한우(1+등급), 양지(치마양지), 생것","소고기,한우(1+등급),양지(치마양지),생것",소고기,소고기,육류 및 그 제품,생것,농진청('17),10.4,INGREDIENT,1,0,,205,MEASURED,[],[],217,0,20.81,13.71,0,51,3,1.71,309,9,0.87
ba9d300e-7f32-5497-8654-3e9ed8b4ed20,I027007F070a,1877,"소고기, 한우(1+등급), 우둔, 생것","소고기,한우(1+등급),우둔,생것",소고기,소고기,육류 및 그 제품,생것,농진청('17),10.4,INGREDIENT,1,0,,205,MEASURED,[],[],179,0,22.47,8.92,0,41,2,2.51,322,5,0.99
a987db04-2f88-5ebf-b059-4b5b29c292f9,I027007D260a,1878,"소고기, 한우(1+등급), 우둔(우둔살), 생것","소고기,한우(1+등급),우둔(우둔살),생것",소고기,소고기,육류 및 그 제품,생것,농진청('17),10.4,INGREDIENT,1,0,,205,MEASURED,[],[],183,0,22.68,9.32,0,41,2,2.64,316,5,0.99
4ee02193-75a5-5fc7-98f9-60839421faa2,I027007D270a,1879,"소고기, 한우(1+등급), 우둔(홍두깨살), 생것","소고기,한우(1+등급),우둔(홍두깨살),생것",소고기,소고기,육류 및 그 제품,생것,농진청('17),10.4,INGREDIENT,1,0,,205,MEASURED,[],[],160,0,21.61,7.31,0,41,3,1.99,348,6,0.99
606b0e65-2707-5851-b210-7c33cd418277,I027007D320a,1880,"소고기, 한우(1+등급), 채끝, 생것","소고기,한우(1+등급),채끝,생것",소고기,소고기,육류 및 그 제품,생것,농진청('17),10.4,INGREDIENT,1,0,,205,MEASURED,[],[],314,0,17.92,25.29,0,34,4,1.92,252,13,0.85
b1759926-1b48-591a-b4f9-db17b35dd3bb,I027006D150a,1881,"소고기, 한우(1등급), 살코기, 생것","소고기,한우(1등급),살코기,생것",소고기,소고기,육류 및 그 제품,생것,대푯값,10.4,INGREDIENT,1,0,,205,MEASURED,[],[],233,0,20.22,15.7,0,53,5,2.42,291,5,0.53
016d1035-b4ea-5b62-a9bf-66b368fcc88f,I027006D030a,1882,"소고기, 한우(1등급), 갈비, 생것","소고기,한우(1등급),갈비,생것",소고기,소고기,육류 및 그 제품,생것,농진청('16),10.4,INGREDIENT,1,0,,205,MEASURED,[],[],376,0,16.78,32.39,0,48,6,2.02,215,9,0.41
7df38e3e-9e37-5c9e-9af3-fb5116665462,I027006D800a,1883,"소고기, 한우(1등급), 갈비(꽃갈비), 생것","소고기,한우(1등급),갈비(꽃갈비),생것",소고기,소고기,육류 및 그 제품,생것,농진청('16),10.4,INGREDIENT,1,0,,205,MEASURED,[],[],396,0,15.35,35.25,0,47,7,1.74,196,9,0.57
c5ce9ca1-fe7a-5038-a10d-b5d35daf54f4,I027006D810a,1884,"소고기, 한우(1등급), 갈비(본갈비), 생것","소고기,한우(1등급),갈비(본갈비),생것",소고기,소고기,육류 및 그 제품,생것,농진청('16),10.4,INGREDIENT,1,0,,205,MEASURED,[],[],312,0,16.94,25.61,0,48,6,2.12,222,7,0.34
f6125135-65e6-5aec-8af7-e4264d5eaa19,I027006D820a,1885,"소고기, 한우(1등급), 갈비(안창살), 생것","소고기,한우(1등급),갈비(안창살),생것",소고기,소고기,육류 및 그 제품,생것,농진청('16),10.4,INGREDIENT,1,0,,205,MEASURED,[],[],293,0,15.46,24.16,0,44,8,3.22,252,6,0.71
6d9f152c-6802-5c09-a7be-512f8c761f1f,I027006D830a,1886,"소고기, 한우(1등급), 갈비(제비추리), 생것","소고기,한우(1등급),갈비(제비추리),생것",소고기,소고기,육류 및 그 제품,생것,농진청('16),10.4,INGREDIENT,1,0,,205,MEASURED,[],[],178,0,21.95,9.06,0,49,5,3.11,319,3,0.17
582a039c-a92b-5549-91f6-937f63ca7b8e,I027006D840a,1887,"소고기, 한우(1등급), 갈비(참갈비), 생것","소고기,한우(1등급),갈비(참갈비),생것",소고기,소고기,육류 및 그 제품,생것,농진청('16),10.4,INGREDIENT,1,0,,205,MEASURED,[],[],404,0,15.89,35.76,0,46,4,1.59,187,10,0.25
20e9e19e-5ab9-5a94-9eb3-530287d75119,I027006D850a,1888,"소고기, 한우(1등급), 갈비(토시살), 생것","소고기,한우(1등급),갈비(토시살),생것",소고기,소고기,육류 및 그 제품,생것,농진청('16),10.4,INGREDIENT,1,0,,205,MEASURED,[],[],271,0,19.63,20.02,0,46,3,3.21,258,5,0.25
f7f4f86e-6748-571e-998c-06885912f5b7,I027006D110a,1889,"소고기, 한우(1등급), 등심, 생것","소고기,한우(1등급),등심,생것",소고기,소고기,육류 및 그 제품,생것,농진청('16),10.4,INGREDIENT,1,0,,205,MEASURED,[],[],309,0,18.6,24.45,0,47,5,2.22,253,9,0.65
ed9b76df-c487-5c85-984f-6aba471a7d7b,I027006D860a,1890,"소고기, 한우(1등급), 등심(꽃등심살), 생것","소고기,한우(1등급),등심(꽃등심살),생것",소고기,소고기,육류 및 그 제품,생것,농진청('16),10.4,INGREDIENT,1,0,,205,MEASURED,[],[],336,0,17.76,27.73,0,42,5,2.09,245,10,0.92
d1bc70db-9e3c-5763-b04c-8091eb3a8916,I027006D870a,1891,"소고기, 한우(1등급), 등심(살치살), 생것","소고기,한우(1등급),등심(살치살),생것",소고기,소고기,육류 및 그 제품,생것,농진청('16),10.4,INGREDIENT,1,0,,205,MEASURED,[],[],319,0,16.68,26.39,0,47,3,2.54,232,10,0.98
eaa7cdbb-5b8b-5d9a-b7eb-83ba8ce4b71a,I027006D880a,1892,"소고기, 한우(1등급), 등심(아래등심살), 생것","소고기,한우(1등급),등심(아래등심살),생것",소고기,소고기,육류 및 그 제품,생것,농진청('16),10.4,INGREDIENT,1,0,,205,MEASURED,[],[],263,0,17.79,19.95,0,44,5,2.21,293,8,0.44
faee91d5-1997-5faa-93c0-8e36f3c7a081,I027006D890a,1893,"소고기, 한우(1등급), 등심(윗등심살), 생것","소고기,한우(1등급),등심(윗등심살),생것",소고기,소고기,육류 및 그 제품,생것,농진청('16),10.4,INGREDIENT,1,0,,205,MEASURED,[],[],309,0,20.05,23.89,0,51,6,2.22,244,8,0.48
f551d478-dde4-533b-a7ed-aef06bf6ad2b,I027006D130a,1894,"소고기, 한우(1등급), 목심, 생것","소고기,한우(1등급),목심,생것",소고기,소고기,육류 및 그 제품,생것,농진청('16),10.4,INGREDIENT,1,0,,205,MEASURED,[],[],204,0,21.6,12.04,0,61,9,2.64,295,4,0.16
3a159b55-1568-5399-8856-09d38d084727,I027006D140a,1895,"소고기, 한우(1등급), 사태, 생것","소고기,한우(1등급),사태,생것",소고기,소고기,육류 및 그 제품,생것,농진청('16),10.4,INGREDIENT,1,0,,205,MEASURED,[],[],157,0,23.06,6.39,0,64,6,2.74,308,2,0.6
eb17ab26-5c96-5d5d-9108-e8963545ca16,I027006D900a,1896,"소고기, 한우(1등급), 사태(뒷사태), 생것","소고기,한우(1등급),사태(뒷사태),생것",소고기,소고기,육류 및 그 제품,생것,농진청('16),10.4,INGREDIENT,1,0,,205,MEASURED,[],[],161,0,22.93,6.84,0,67,5,2.81,311,2,0.48
4a023e0d-42e2-5119-be6c-1ed55acdb1ff,I027006D910a,1897,"소고기, 한우(1등급), 사태(뭉치사태), 생것","소고기,한우(1등급),사태(뭉치사태),생것",소고기,소고기,육류 및 그 제품,생것,농진청('16),10.4,INGREDIENT,1,0,,205,MEASURED,[],[],147,0,24.04,4.86,0,57,5,2.84,338,1,0.7
5914f160-8c8c-5f41-a4f3-3018f0f33ad7,I027006D920a,1898,"소고기, 한우(1등급), 사태(상박살), 생것","소고기,한우(1등급),사태(상박살),생것",소고기,소고기,육류 및 그 제품,생것,농진청('16),10.4,INGREDIENT,1,0,,205,MEASURED,[],[],185,0,21.38,10.06,0,59,4,2.56,294,2,0.95
5dbac751-caca-57df-adbf-37724ea9b732,I027006D930a,1899,"소고기, 한우(1등급), 사태(아롱사태), 생것","소고기,한우(1등급),사태(아롱사태),생것",소고기,소고기,육류 및 그 제품,생것,농진청('16),10.4,INGREDIENT,1,0,,205,MEASURED,[],[],237,0,21.47,15.55,0,66,6,2.23,226,4,0.22
61d59ded-a407-5bd0-9062-6f98885d8599,I027006D940a,1900,"소고기, 한우(1등급), 사태(앞사태), 생것","소고기,한우(1등급),사태(앞사태),생것",소고기,소고기,육류 및 그 제품,생것,농진청('16),10.4,INGREDIENT,1,0,,205,MEASURED,[],[],147,0,23.1,5.24,0,66,7,2.68,299,2,0.66
be065d9c-501d-58a3-ae58-13cefc7eb076,I027006D170a,1901,"소고기, 한우(1등급), 설도, 생것","소고기,한우(1등급),설도,생것",소고기,소고기,육류 및 그 제품,생것,농진청('16),10.4,INGREDIENT,1,0,,205,MEASURED,[],[],183,0,20.98,10.06,0,51,5,2.72,326,3,0.44
cd3a2655-29ef-53f0-93da-c00ed93fb453,I027006D950a,1902,"소고기, 한우(1등급), 설도(도가니살), 생것","소고기,한우(1등급),설도(도가니살),생것",소고기,소고기,육류 및 그 제품,생것,농진청('16),10.4,INGREDIENT,1,0,,205,MEASURED,[],[],163,0,20.37,8.14,0,52,5,2.67,343,3,0.29
0fb7b0e5-bbcd-5bb9-922a-e60fba0bf6ca,I027006D180a,1903,"소고기, 한우(1등급), 설도(보섭살), 생것","소고기,한우(1등급),설도(보섭살),생것",소고기,소고기,육류 및 그 제품,생것,농진청('16),10.4,INGREDIENT,1,0,,205,MEASURED,[],[],163,0,21.75,7.57,0,49,5,2.99,337,2,0.51
48deffc6-1290-558c-bcb7-101ec4c4a4c9,I027006D960a,1904,"소고기, 한우(1등급), 설도(삼각살), 생것","소고기,한우(1등급),설도(삼각살),생것",소고기,소고기,육류 및 그 제품,생것,농진청('16),10.4,INGREDIENT,1,0,,205,MEASURED,[],[],225,0,21.01,14.52,0,49,5,2.52,310,4,0.4
a0676bb5-5e1d-51a6-9b10-d1436603cee0,I027006D970a,1905,"소고기, 한우(1등급), 설도(설깃머리살), 생것","소고기,한우(1등급),설도(설깃머리살),생것",소고기,소고기,육류 및 그 제품,생것,농진청('16),10.4,INGREDIENT,1,0,,205,MEASURED,[],[],197,0,20.22,11.84,0,50,5,3.21,313,3,0.78
21643128-4144-512b-82a1-7fb89f8feabe,I027006D190a,1906,"소고기, 한우(1등급), 설도(설깃살), 생것","소고기,한우(1등급),설도(설깃살),생것",소고기,소고기,육류 및 그 제품,생것,농진청('16),10.4,INGREDIENT,1,0,,205,MEASURED,[],[],204,0,21.09,12.22,0,51,5,2.43,310,3,0.4
f52ee764-fc16-5948-a21f-5a758f935378,I027006D200a,1907,"소고기, 한우(1등급), 안심, 생것","소고기,한우(1등급),안심,생것",소고기,소고기,육류 및 그 제품,생것,농진청('16),10.4,INGREDIENT,1,0,,205,MEASURED,[],[],205,0,19.17,13.14,0,45,5,2.78,337,5,0.38
97a0c8a0-3a80-51ea-b488-8ed085c18e5c,I027006D210a,1908,"소고기, 한우(1등급), 앞다리, 생것","소고기,한우(1등급),앞다리,생것",소고기,소고기,육류 및 그 제품,생것,농진청('16),10.4,INGREDIENT,1,0,,205,MEASURED,[],[],188,0,21.15,10.49,0,56,5,2.71,309,4,0.85
8602954e-a428-52b5-8f6c-725372f70087,I027006D980a,1909,"소고기, 한우(1등급), 앞다리(갈비덧살), 생것","소고기,한우(1등급),앞다리(갈비덧살),생것",소고기,소고기,육류 및 그 제품,생것,농진청('16),10.4,INGREDIENT,1,0,,205,MEASURED,[],[],187,0,20.39,10.73,0,50,5,2.46,334,5,0.38
2fd98938-0cdd-585f-854b-b18344692209,I027006D220a,1910,"소고기, 한우(1등급), 앞다리(꾸리살), 생것","소고기,한우(1등급),앞다리(꾸리살),생것",소고기,소고기,육류 및 그 제품,생것,농진청('16),10.4,INGREDIENT,1,0,,205,MEASURED,[],[],157,0,20.61,7.43,0,58,6,2.98,310,2,1.07
ad3f5cf6-e9a7-5a63-b06f-0d8fa0d07f6d,I027006D990a,1911,"소고기, 한우(1등급), 앞다리(부채덮개살), 생것","소고기,한우(1등급),앞다리(부채덮개살),생것",소고기,소고기,육류 및 그 제품,생것,농진청('16),10.4,INGREDIENT,1,0,,205,MEASURED,[],[],150,0,21.39,6.34,0,68,6,2.7,327,2,1.1
2e99231f-768d-54b2-be96-54e1c52627b6,I027006D710a,1912,"소고기, 한우(1등급), 앞다리(부채살), 생것","소고기,한우(1등급),앞다리(부채살),생것",소고기,소고기,육류 및 그 제품,생것,농진청('16),10.4,INGREDIENT,1,0,,205,MEASURED,[],[],253,0,20.7,17.64,0,58,5,2.44,256,6,0.63
c50df554-4e59-5f32-baa9-357b84304cd4,I027006D770a,1913,"소고기, 한우(1등급), 앞다리(앞다리살), 생것","소고기,한우(1등급),앞다리(앞다리살),생것",소고기,소고기,육류 및 그 제품,생것,농진청('16),10.4,INGREDIENT,1,0,,205,MEASURED,[],[],179,0,21.53,9.38,0,54,4,2.8,320,3,0.91
2f43b465-085d-5c4b-99e1-5b81263c2aa4,I027006D280a,1914,"소고기, 한우(1등급), 양지, 생것","소고기,한우(1등급),양지,생것",소고기,소고기,육류 및 그 제품,생것,농진청('16),10.4,INGREDIENT,1,0,,205,MEASURED,[],[],248,0,20.21,17.27,0,58,5,2.15,293,5,0.58
00e127e8-a5a0-5674-94c1-2f8c1b3cdce3,I027006F010a,1915,"소고기, 한우(1등급), 양지(앞치마살), 생것","소고기,한우(1등급),양지(앞치마살),생것",소고기,소고기,육류 및 그 제품,생것,농진청('16),10.4,INGREDIENT,1,0,,205,MEASURED,[],[],292,0,18.69,22.65,0,47,4,2.14,286,10,0.32
f4df3c17-06eb-5873-9e7a-cb2ceda44472,I027006D290a,1916,"소고기, 한우(1등급), 양지(양지머리), 생것","소고기,한우(1등급),양지(양지머리),생것",소고기,소고기,육류 및 그 제품,생것,농진청('16),10.4,INGREDIENT,1,0,,205,MEASURED,[],[],198,0,21.16,11.55,0,57,5,2.52,316,3,0.63
878b2eea-25fb-5e18-b099-bc0c076d50e1,I027006D300a,1917,"소고기, 한우(1등급), 양지(업진살), 생것","소고기,한우(1등급),양지(업진살),생것",소고기,소고기,육류 및 그 제품,생것,농진청('16),10.4,INGREDIENT,1,0,,205,MEASURED,[],[],291,0,19.34,22.22,0,55,5,2.04,282,6,0.41
8b2a6911-c5e6-5599-8498-ed06827b29e2,I027006F020a,1918,"소고기, 한우(1등급), 양지(업진안살), 생것","소고기,한우(1등급),양지(업진안살),생것",소고기,소고기,육류 및 그 제품,생것,농진청('16),10.4,INGREDIENT,1,0,,205,MEASURED,[],[],269,0,17.76,20.62,0,47,5,2.6,289,7,0.2
f59ef41c-78ef-5442-8271-942ae7c0ac04,I027006F030a,1919,"소고기, 한우(1등급), 양지(차돌박이), 생것","소고기,한우(1등급),양지(차돌박이),생것",소고기,소고기,육류 및 그 제품,생것,농진청('16),10.4,INGREDIENT,1,0,,205,MEASURED,[],[],408,0,16.45,35.94,0,66,7,1.43,171,9,0.58
93bd8daf-fd90-56d7-b414-ac66b4d4e78e,I027006F040a,1920,"소고기, 한우(1등급), 양지(치마살), 생것","소고기,한우(1등급),양지(치마살),생것",소고기,소고기,육류 및 그 제품,생것,농진청('16),10.4,INGREDIENT,1,0,,205,MEASURED,[],[],216,0,20.43,13.75,0,46,4,2.69,300,5,0.33
1438255f-d54f-5004-8e4f-9891b3a7acf8,I027006F050a,1921,"소고기, 한우(1등급), 양지(치마양지), 생것","소고기,한우(1등급),양지(치마양지),생것",소고기,소고기,육류 및 그 제품,생것,농진청('16),10.4,INGREDIENT,1,0,,205,MEASURED,[],[],193,0,22.27,10.57,0,65,5,1.87,334,3,0.82
ef59ccd0-e643-51c5-bab7-ab8b8b5ce85b,I027006F070a,1922,"소고기, 한우(1등급), 우둔, 생것","소고기,한우(1등급),우둔,생것",소고기,소고기,육류 및 그 제품,생것,농진청('16),10.4,INGREDIENT,1,0,,205,MEASURED,[],[],162,0,23,6.92,0,50,5,2.58,335,3,0.28
e2e38ffe-be78-5e3a-a881-52791fb1c222,I027006D260a,1923,"소고기, 한우(1등급), 우둔(우둔살), 생것","소고기,한우(1등급),우둔(우둔살),생것",소고기,소고기,육류 및 그 제품,생것,농진청('16),10.4,INGREDIENT,1,0,,205,MEASURED,[],[],166,0,23.08,7.29,0,51,5,2.67,327,3,0.22
edeb2aa8-9cbd-5ca6-a016-c84fa2c11235,I027006D270a,1924,"소고기, 한우(1등급), 우둔(홍두깨살), 생것","소고기,한우(1등급),우둔(홍두깨살),생것",소고기,소고기,육류 및 그 제품,생것,농진청('16),10.4,INGREDIENT,1,0,,205,MEASURED,[],[],146,0,22.66,5.38,0,46,5,2.21,367,2,0.54
5bc9b621-ed90-5ae3-adbe-1d98207d7306,I027006D320a,1925,"소고기, 한우(1등급), 채끝, 생것","소고기,한우(1등급),채끝,생것",소고기,소고기,육류 및 그 제품,생것,농진청('16),10.4,INGREDIENT,1,0,,205,MEASURED,[],[],230,0,17.59,16.51,0,47,4,2.32,308,5,0.97
7c8c86cf-c7d8-500d-8752-2ac7c56628e0,I027008D150a,1926,"소고기, 한우(2등급), 살코기, 생것","소고기,한우(2등급),살코기,생것",소고기,소고기,육류 및 그 제품,생것,대푯값,10.4,INGREDIENT,1,0,,205,MEASURED,[],[],214,0,19.99,13.78,0,54,4,2.68,287,6,1.11
b4726b1a-ba89-57ee-aedf-ed2c8e882a6e,I027008D030a,1927,"소고기, 한우(2등급), 갈비, 생것","소고기,한우(2등급),갈비,생것",소고기,소고기,육류 및 그 제품,생것,농진청('20),10.4,INGREDIENT,1,0,,205,MEASURED,[],[],306,0,18.02,24.41,0,53,5,2.67,254,11,1.15
33826a77-ca87-5507-b2ad-561d87391cae,I027008D800a,1928,"소고기, 한우(2등급), 갈비(꽃갈비), 생것","소고기,한우(2등급),갈비(꽃갈비),생것",소고기,소고기,육류 및 그 제품,생것,농진청('20),10.4,INGREDIENT,1,0,,205,MEASURED,[],[],313,0,17.35,25.48,0,52,5,2.43,238,11,1.14
d6336b22-483d-5547-9fc4-b3ce3196dd3d,I027008D810a,1929,"소고기, 한우(2등급), 갈비(본갈비), 생것","소고기,한우(2등급),갈비(본갈비),생것",소고기,소고기,육류 및 그 제품,생것,농진청('20),10.4,INGREDIENT,1,0,,205,MEASURED,[],[],310,0,16.65,25.5,0,53,5,2.61,235,11,1.05
fc0924e5-4e09-5f94-ba1a-5493b2f86835,I027008D820a,1930,"소고기, 한우(2등급), 갈비(안창살), 생것","소고기,한우(2등급),갈비(안창살),생것",소고기,소고기,육류 및 그 제품,생것,농진청('20),10.4,INGREDIENT,1,0,,205,MEASURED,[],[],238,0,16.63,17.79,0,53,5,3.5,263,8,0.97
d64ac4f4-4326-5497-9d05-e0a0916b9c49,I027008D830a,1931,"소고기, 한우(2등급), 갈비(제비추리), 생것","소고기,한우(2등급),갈비(제비추리),생것",소고기,소고기,육류 및 그 제품,생것,농진청('20),10.4,INGREDIENT,1,0,,205,MEASURED,[],[],172,0,21.53,8.58,0,53,6,3.32,304,4,0.95
3183b004-57dd-5e40-bdf7-7858c44ed67f,I027008D840a,1932,"소고기, 한우(2등급), 갈비(참갈비), 생것","소고기,한우(2등급),갈비(참갈비),생것",소고기,소고기,육류 및 그 제품,생것,농진청('20),10.4,INGREDIENT,1,0,,205,MEASURED,[],[],291,0,17.73,22.98,0,49,4,2.35,249,11,1.14
33628111-5d21-565c-8731-0ba6b485a740,I027008D850a,1933,"소고기, 한우(2등급), 갈비(토시살), 생것","소고기,한우(2등급),갈비(토시살),생것",소고기,소고기,육류 및 그 제품,생것,농진청('20),10.4,INGREDIENT,1,0,,205,MEASURED,[],[],260,0,18.25,19.42,0,55,3,3.98,269,8,1.43
d4476902-f8a8-54b2-bd51-7eb0a29b9a24,I027008D110a,1934,"소고기, 한우(2등급), 등심, 생것","소고기,한우(2등급),등심,생것",소고기,소고기,육류 및 그 제품,생것,농진청('20),10.4,INGREDIENT,1,0,,205,MEASURED,[],[],275,0,18.25,21.06,0,48,4,2.51,259,9,1.13
ee4f568a-0c87-5691-b8fb-8b6bb62b688e,I027008D860a,1935,"소고기, 한우(2등급), 등심(꽃등심살), 생것","소고기,한우(2등급),등심(꽃등심살),생것",소고기,소고기,육류 및 그 제품,생것,농진청('20),10.4,INGREDIENT,1,0,,205,MEASURED,[],[],301,0,17.12,24.34,0,43,4,2.35,256,10,1.12
acb40aef-70dc-5b26-b745-f3b99da250f5,I027008D870a,1936,"소고기, 한우(2등급), 등심(살치살), 생것","소고기,한우(2등급),등심(살치살),생것",소고기,소고기,육류 및 그 제품,생것,농진청('20),10.4,INGREDIENT,1,0,,205,MEASURED,[],[],274,0,17.19,21.44,0,48,3,2.84,238,9,1.17
e602d6ae-5133-50f2-8df3-888fd8b4810b,I027008D880a,1937,"소고기, 한우(2등급), 등심(아래등심살), 생것","소고기,한우(2등급),등심(아래등심살),생것",소고기,소고기,육류 및 그 제품,생것,농진청('20),10.4,INGREDIENT,1,0,,205,MEASURED,[],[],246,0,20.04,17.21,0,42,4,2.51,288,9,1.05
ce03a84d-4c82-5a1a-a2d4-e4ab5d8f9a84,I027008D890a,1938,"소고기, 한우(2등급), 등심(윗등심살), 생것","소고기,한우(2등급),등심(윗등심살),생것",소고기,소고기,육류 및 그 제품,생것,농진청('20),10.4,INGREDIENT,1,0,,205,MEASURED,[],[],272,0,18.43,20.63,0,54,4,2.54,253,7,1.16
58fe1f10-5cf6-52ac-b3ee-d3a566b4da37,I027008D130a,1939,"소고기, 한우(2등급), 목심, 생것","소고기,한우(2등급),목심,생것",소고기,소고기,육류 및 그 제품,생것,농진청('20),10.4,INGREDIENT,1,0,,205,MEASURED,[],[],194,0,20.17,11.6,0,59,6,2.79,287,5,1.05
7f3e4a84-245b-50b7-997d-6639b1fb6993,I027008D140a,1940,"소고기, 한우(2등급), 사태, 생것","소고기,한우(2등급),사태,생것",소고기,소고기,육류 및 그 제품,생것,농진청('20),10.4,INGREDIENT,1,0,,205,MEASURED,[],[],155,0,21.77,6.73,0,68,5,2.94,292,4,1.31
ab678f82-0587-5339-86bd-ce30c98a57de,I027008D900a,1941,"소고기, 한우(2등급), 사태(뒷사태), 생것","소고기,한우(2등급),사태(뒷사태),생것",소고기,소고기,육류 및 그 제품,생것,농진청('20),10.4,INGREDIENT,1,0,,205,MEASURED,[],[],158,0,21.75,7.06,0,72,6,2.77,294,4,1.36
c19cd673-f5cb-512e-84fc-16e9add87385,I027008D910a,1942,"소고기, 한우(2등급), 사태(뭉치사태), 생것","소고기,한우(2등급),사태(뭉치사태),생것",소고기,소고기,육류 및 그 제품,생것,농진청('20),10.4,INGREDIENT,1,0,,205,MEASURED,[],[],145,0,23.25,5,0,57,4,3.47,308,3,1.14
27745ff4-805c-5fb2-b183-0cc1274703ec,I027008D920a,1943,"소고기, 한우(2등급), 사태(상박살), 생것","소고기,한우(2등급),사태(상박살),생것",소고기,소고기,육류 및 그 제품,생것,농진청('20),10.4,INGREDIENT,1,0,,205,MEASURED,[],[],174,0,21.05,9.09,0,60,3,3.08,285,3,1.12
808e29e3-ec4d-536e-acbb-a3e5c252b3fb,I027008D930a,1944,"소고기, 한우(2등급), 사태(아롱사태), 생것","소고기,한우(2등급),사태(아롱사태),생것",소고기,소고기,육류 및 그 제품,생것,농진청('20),10.4,INGREDIENT,1,0,,205,MEASURED,[],[],221,0,21.77,13.69,0,74,5,2.71,220,5,0.94
29dc05af-6614-5730-b913-ac821327c5ce,I027008D940a,1945,"소고기, 한우(2등급), 사태(앞사태), 생것","소고기,한우(2등급),사태(앞사태),생것",소고기,소고기,육류 및 그 제품,생것,농진청('20),10.4,INGREDIENT,1,0,,205,MEASURED,[],[],148,0,21.08,6.28,0,70,6,2.84,288,4,1.42
d9776c8b-1116-5226-974f-67871f85f2e5,I027008D170a,1946,"소고기, 한우(2등급), 설도, 생것","소고기,한우(2등급),설도,생것",소고기,소고기,육류 및 그 제품,생것,농진청('20),10.4,INGREDIENT,1,0,,205,MEASURED,[],[],173,0,21.17,8.85,0,52,4,2.89,313,4,1.14
a0c70035-dac0-59d3-b707-6af89d92be31,I027008D950a,1947,"소고기, 한우(2등급), 설도(도가니살), 생것","소고기,한우(2등급),설도(도가니살),생것",소고기,소고기,육류 및 그 제품,생것,농진청('20),10.4,INGREDIENT,1,0,,205,MEASURED,[],[],168,0,21.56,8.2,0,53,6,2.78,322,5,1.05
89913ee9-ecb6-57f8-8fd2-09ce13695ba4,I027008D180a,1948,"소고기, 한우(2등급), 설도(보섭살), 생것","소고기,한우(2등급),설도(보섭살),생것",소고기,소고기,육류 및 그 제품,생것,농진청('20),10.4,INGREDIENT,1,0,,205,MEASURED,[],[],168,0,21.26,8.33,0,53,4,3.2,303,4,1.37
6aa4baad-731c-5dae-acaf-1922ce7c9554,I027008D960a,1949,"소고기, 한우(2등급), 설도(삼각살), 생것","소고기,한우(2등급),설도(삼각살),생것",소고기,소고기,육류 및 그 제품,생것,농진청('20),10.4,INGREDIENT,1,0,,205,MEASURED,[],[],202,0,20.36,12.31,0,47,4,2.26,310,7,1.09
56ef9a6c-54e7-5dcf-b814-cf215866448a,I027008D970a,1950,"소고기, 한우(2등급), 설도(설깃머리살), 생것","소고기,한우(2등급),설도(설깃머리살),생것",소고기,소고기,육류 및 그 제품,생것,농진청('20),10.4,INGREDIENT,1,0,,205,MEASURED,[],[],200,0,19.72,12.36,0,50,3,3.1,293,4,1.22
a9034156-2a71-5bb1-aec9-aab23a728eb3,I027008D190a,1951,"소고기, 한우(2등급), 설도(설깃살), 생것","소고기,한우(2등급),설도(설깃살),생것",소고기,소고기,육류 및 그 제품,생것,농진청('20),10.4,INGREDIENT,1,0,,205,MEASURED,[],[],165,0,21.43,7.95,0,51,3,2.78,322,4,1.01
7bcdf75e-4eea-5d81-a869-28fa47d865e6,I027008D200a,1952,"소고기, 한우(2등급), 안심, 생것","소고기,한우(2등급),안심,생것",소고기,소고기,육류 및 그 제품,생것,농진청('20),10.4,INGREDIENT,1,0,,205,MEASURED,[],[],207,0,19.84,13.11,0,46,5,2.91,316,5,1.03
590dbaec-8e13-56ef-84ad-ea8e790dc148,I027008D210a,1953,"소고기, 한우(2등급), 앞다리, 생것","소고기,한우(2등급),앞다리,생것",소고기,소고기,육류 및 그 제품,생것,농진청('20),10.4,INGREDIENT,1,0,,205,MEASURED,[],[],174,0,21.11,9.07,0,55,5,2.74,302,5,1.17
2a109b6e-63c7-5b23-b881-e70a7537953f,I027008D980a,1954,"소고기, 한우(2등급), 앞다리(갈비덧살), 생것","소고기,한우(2등급),앞다리(갈비덧살),생것",소고기,소고기,육류 및 그 제품,생것,농진청('20),10.4,INGREDIENT,1,0,,205,MEASURED,[],[],174,0,20.6,9.3,0,50,5,2.62,318,7,1.04
49376a5e-e8f6-5ec3-af08-aa4e11ae4dc5,I027008D220a,1955,"소고기, 한우(2등급), 앞다리(꾸리살), 생것","소고기,한우(2등급),앞다리(꾸리살),생것",소고기,소고기,육류 및 그 제품,생것,농진청('20),10.4,INGREDIENT,1,0,,205,MEASURED,[],[],163,0,20.57,8.07,0,60,5,2.93,304,4,1.53
f5d3d478-bec1-5302-9b87-fa6d29a86a62,I027008D990a,1956,"소고기, 한우(2등급), 앞다리(부채덮개살), 생것","소고기,한우(2등급),앞다리(부채덮개살),생것",소고기,소고기,육류 및 그 제품,생것,농진청('20),10.4,INGREDIENT,1,0,,205,MEASURED,[],[],156,0,22.84,6.36,0,63,7,2.74,300,3,1.18
e740e6a5-7b6e-582c-b7a6-e223f1038af1,I027008D710a,1957,"소고기, 한우(2등급), 앞다리(부채살), 생것","소고기,한우(2등급),앞다리(부채살),생것",소고기,소고기,육류 및 그 제품,생것,농진청('20),10.4,INGREDIENT,1,0,,205,MEASURED,[],[],219,0,19.93,14.36,0,55,7,2.58,274,5,1.14
a32ac9a7-a6f3-5046-953f-c08ba44615cb,I027008D770a,1958,"소고기, 한우(2등급), 앞다리(앞다리살), 생것","소고기,한우(2등급),앞다리(앞다리살),생것",소고기,소고기,육류 및 그 제품,생것,농진청('20),10.4,INGREDIENT,1,0,,205,MEASURED,[],[],164,0,21.44,7.85,0,53,4,2.77,309,6,1.12
1188e0fb-d6c9-5ccd-8500-210d8296c45e,I027008D280a,1959,"소고기, 한우(2등급), 양지, 생것","소고기,한우(2등급),양지,생것",소고기,소고기,육류 및 그 제품,생것,농진청('20),10.4,INGREDIENT,1,0,,205,MEASURED,[],[],232,0,19.37,15.99,0,58,5,2.4,277,7,0.97
7a3450ef-03a5-5348-af59-363ab6eb352a,I027008F010a,1960,"소고기, 한우(2등급), 양지(앞치마살), 생것","소고기,한우(2등급),양지(앞치마살),생것",소고기,소고기,육류 및 그 제품,생것,농진청('20),10.4,INGREDIENT,1,0,,205,MEASURED,[],[],254,0,18.31,18.74,0,49,4,2.23,264,13,1.01
175d41e1-972c-566a-b90b-ae5706a05d0f,I027008D290a,1961,"소고기, 한우(2등급), 양지(양지머리), 생것","소고기,한우(2등급),양지(양지머리),생것",소고기,소고기,육류 및 그 제품,생것,농진청('20),10.4,INGREDIENT,1,0,,205,MEASURED,[],[],198,0,20.35,11.91,0,59,3,2.69,289,4,0.81
f2a01527-f9a4-5e8c-ae20-d2701369d194,I027008D300a,1962,"소고기, 한우(2등급), 양지(업진살), 생것","소고기,한우(2등급),양지(업진살),생것",소고기,소고기,육류 및 그 제품,생것,농진청('20),10.4,INGREDIENT,1,0,,205,MEASURED,[],[],298,0,17.43,23.86,0,69,3,1.82,242,9,1.27
8b5781a5-6637-5098-9a6c-3f344e3ddfe6,I027008F020a,1963,"소고기, 한우(2등급), 양지(업진안살), 생것","소고기,한우(2등급),양지(업진안살),생것",소고기,소고기,육류 및 그 제품,생것,농진청('20),10.4,INGREDIENT,1,0,,205,MEASURED,[],[],224,0,18.69,15.38,0,48,7,3.07,286,8,1.1
7c881c02-d726-55cf-af36-f061d725a60c,I027008F030a,1964,"소고기, 한우(2등급), 양지(차돌박이), 생것","소고기,한우(2등급),양지(차돌박이),생것",소고기,소고기,육류 및 그 제품,생것,농진청('20),10.4,INGREDIENT,1,0,,205,MEASURED,[],[],326,0,16.06,27.39,0,58,10,1.88,215,10,0.65
d51677f9-15cc-5d6c-a2c0-ccdd899d5ba7,I027008F040a,1965,"소고기, 한우(2등급), 양지(치마살), 생것","소고기,한우(2등급),양지(치마살),생것",소고기,소고기,육류 및 그 제품,생것,농진청('20),10.4,INGREDIENT,1,0,,205,MEASURED,[],[],206,0,19.05,13.32,0,50,3,3.07,295,6,1.24
b04c79e1-8bce-5b5e-a6c2-118ad4f1a5c8,I027008F050a,1966,"소고기, 한우(2등급), 양지(치마양지), 생것","소고기,한우(2등급),양지(치마양지),생것",소고기,소고기,육류 및 그 제품,생것,농진청('20),10.4,INGREDIENT,1,0,,205,MEASURED,[],[],182,0,21.82,9.52,0,54,6,2.49,318,7,1.05
991f493e-3f51-57f9-bfc0-2306b2e2a73e,I027008F070a,1967,"소고기, 한우(2등급), 우둔, 생것","소고기,한우(2등급),우둔,생것",소고기,소고기,육류 및 그 제품,생것,농진청('20),10.4,INGREDIENT,1,0,,205,MEASURED,[],[],153,0,22.18,6.33,0,48,3,2.9,339,3,1.13
8649c271-a9b8-5223-b4e8-e77fc96e37c5,I027008D260a,1968,"소고기, 한우(2등급), 우둔(우둔살), 생것","소고기,한우(2등급),우둔(우둔살),생것",소고기,소고기,육류 및 그 제품,생것,농진청('20),10.4,INGREDIENT,1,0,,205,MEASURED,[],[],157,0,22.14,6.73,0,48,3,3.08,336,3,1.11
5cd7af04-570a-5321-b954-3c1e6166f9d1,I027008D270a,1969,"소고기, 한우(2등급), 우둔(홍두깨살), 생것","소고기,한우(2등급),우둔(홍두깨살),생것",소고기,소고기,육류 및 그 제품,생것,농진청('20),10.4,INGREDIENT,1,0,,205,MEASURED,[],[],138,0,22.35,4.69,0,46,3,2.16,353,4,1.18
dcf38d77-f714-5891-ba00-87eec004dc81,I027008D320a,1970,"소고기, 한우(2등급), 채끝, 생것","소고기,한우(2등급),채끝,생것",소고기,소고기,육류 및 그 제품,생것,농진청('20),10.4,INGREDIENT,1,0,,205,MEASURED,[],[],245,0,20.35,16.9,0,47,4,2.41,269,10,1.19
ff731952-2625-5f75-9a0b-69b6d41dad1f,I027005D110a,1971,"소고기, 한우(3등급), 등심, 생것","소고기,한우(3등급),등심,생것",소고기,소고기,육류 및 그 제품,생것,농진청('11),10.4,INGREDIENT,1,0,,205,PARTIAL,[],[],117,0,21.3,2.9,,49,,,327,10,
586a3cd0-a01c-57ec-bd84-06defe009ecd,I027005D130a,1972,"소고기, 한우(3등급), 목심, 생것","소고기,한우(3등급),목심,생것",소고기,소고기,육류 및 그 제품,생것,농진청('11),10.4,INGREDIENT,1,0,,205,PARTIAL,[],[],102,0,21.4,1.2,,69,,,285,4,
aa23aadd-9d93-547f-9136-41461b8e95bb,I027005D180a,1973,"소고기, 한우(3등급), 설도(보섭살), 생것","소고기,한우(3등급),설도(보섭살),생것",소고기,소고기,육류 및 그 제품,생것,농진청('11),10.4,INGREDIENT,1,0,,205,PARTIAL,[],[],108,0,22.2,1.5,,104,,,271,1,
e4f23acb-1087-5980-befb-fcdfec2b98b8,I027005D190a,1974,"소고기, 한우(3등급), 설도(설깃살), 생것","소고기,한우(3등급),설도(설깃살),생것",소고기,소고기,육류 및 그 제품,생것,농진청('11),10.4,INGREDIENT,1,0,,205,PARTIAL,[],[],103,0,22.2,1,,83,,,312,9,
58918ea2-80aa-5edc-b953-b0b9a027d898,I027005D220a,1975,"소고기, 한우(3등급), 앞다리(꾸리살), 생것","소고기,한우(3등급),앞다리(꾸리살),생것",소고기,소고기,육류 및 그 제품,생것,농진청('11),10.4,INGREDIENT,1,0,,205,PARTIAL,[],[],102,0,21.5,1.2,,77,,,301,10,
62bd07cf-2da8-5d3c-a198-4e2c2f895996,I027005D260a,1976,"소고기, 한우(3등급), 우둔(우둔살), 생것","소고기,한우(3등급),우둔(우둔살),생것",소고기,소고기,육류 및 그 제품,생것,농진청('11),10.4,INGREDIENT,1,0,,205,PARTIAL,[],[],107,0,22.8,1.1,,58,,,367,2,
a26e53ea-a458-593c-904b-cd06931d4cd1,I027005D270a,1977,"소고기, 한우(3등급), 우둔(홍두깨살), 생것","소고기,한우(3등급),우둔(홍두깨살),생것",소고기,소고기,육류 및 그 제품,생것,농진청('11),10.4,INGREDIENT,1,0,,205,PARTIAL,[],[],104,0,22.5,1,,61,,,374,1,
de4e0f6d-deaf-584a-933f-e0b92ab6f4b0,I027005D290a,1978,"소고기, 한우(3등급), 양지(양지머리), 생것","소고기,한우(3등급),양지(양지머리),생것",소고기,소고기,육류 및 그 제품,생것,농진청('11),10.4,INGREDIENT,1,0,,205,PARTIAL,[],[],104,0,21.4,1.5,,125,,,173,11,
31b261b6-0e93-50b9-aa06-91aea677ee02,I027005D300a,1979,"소고기, 한우(3등급), 양지(업진살), 생것","소고기,한우(3등급),양지(업진살),생것",소고기,소고기,육류 및 그 제품,생것,농진청('11),10.4,INGREDIENT,1,0,,205,PARTIAL,[],[],111,0,21.7,2.1,,86,,,322,14,
4588e0f8-375b-534a-ac01-e2e93065d700,I027005D320a,1980,"소고기, 한우(3등급), 채끝, 생것","소고기,한우(3등급),채끝,생것",소고기,소고기,육류 및 그 제품,생것,농진청('11),10.4,INGREDIENT,1,0,,205,PARTIAL,[],[],113,0,22.4,2,,62,,,342,3,
7d0a3a02-667e-52b3-93cb-a45e50545cf1,I028000D330a,1981,"소 부산물, 간, 생것","소 부산물,간,생것",소 부산물,소부산물,육류 및 그 제품,생것,USDA('18),10.4,INGREDIENT,1,0,,17,MEASURED,[],[],135,3.89,20.36,3.63,0,69,5,4.9,313,4967,1.3
de6aa674-e5eb-54cb-8e42-68aa737b4c2f,I028000D339b,1982,"소 부산물, 간, 삶은것","소 부산물,간,삶은것",소 부산물,소부산물,육류 및 그 제품,삶은것,USDA('18),10.4,INGREDIENT,1,0,,17,MEASURED,[],[],191,5.13,29.08,5.26,0,79,6,6.54,352,9442,1.9
bacabf56-25fe-5371-b6da-dcaaed7fbcca,I028000D339g,1983,"소 부산물, 간, 구운것(팬)","소 부산물,간,구운것(팬)",소 부산물,소부산물,육류 및 그 제품,구운것(팬),USDA('18),10.4,INGREDIENT,1,0,,17,MEASURED,[],[],175,5.16,26.52,4.68,0,77,6,6.17,351,7743,0.7
04c5b2d0-edeb-5d0d-85dc-b41f90807f7c,I028000D340a,1984,"소 부산물, 골, 생것","소 부산물,골,생것",소 부산물,소부산물,육류 및 그 제품,생것,식약('96),10.4,INGREDIENT,1,0,,17,PARTIAL,[],[],123,1.7,9.3,8.2,,154,14,2.8,259,91,10
225bd699-58db-5574-93e8-c385d0a774fc,I028000D360a,1985,"소 부산물, 꼬리, 생것","소 부산물,꼬리,생것",소 부산물,소부산물,육류 및 그 제품,생것,식약('96),10.4,INGREDIENT,1,0,,17,PARTIAL,[],[],252,0,17.4,19,,42,22,1.5,189,6,0
6be5c7e1-1467-5adf-9e9d-df099005efb8,I028000D440a,1986,"소 부산물, 선지(피), 생것","소 부산물,선지(피),생것",소 부산물,소부산물,육류 및 그 제품,생것,농진청('04),10.4,INGREDIENT,1,0,,17,PARTIAL,[],[],51,2.2,10.1,0,,598,8,23.7,34,0,
bff3a9ae-8cf6-5eca-8225-6a06b622895d,I028000D450a,1987,"소 부산물, 소장(곱창), 생것","소 부산물,소장(곱창),생것",소 부산물,소부산물,육류 및 그 제품,생것,식약('96),10.4,INGREDIENT,1,0,,17,PARTIAL,[],[],145,0.1,9,11.3,,45,12,2.1,98,15,0
5ea6409d-66db-56eb-9a5a-bfd1fce7ceca,I028000D460a,1988,"소 부산물, 신장, 생것","소 부산물,신장,생것",소 부산물,소부산물,육류 및 그 제품,생것,USDA('18),10.4,INGREDIENT,1,0,,17,MEASURED,[],[],99,0.29,17.4,3.09,0,182,13,4.6,262,419,9.4
5e4fea84-7648-5488-9263-73d28071ca81,I028000D469b,1989,"소 부산물, 신장, 삶은것","소 부산물,신장,삶은것",소 부산물,소부산물,육류 및 그 제품,삶은것,USDA('18),10.4,INGREDIENT,1,0,,17,MEASURED,[],[],158,0,27.27,4.65,0,94,19,5.8,135,0,0
10076135-55a0-5f14-900b-f9633ca51042,I028000D470a,1990,"소 부산물, 심장, 생것","소 부산물,심장,생것",소 부산물,소부산물,육류 및 그 제품,생것,USDA('18),10.4,INGREDIENT,1,0,,17,MEASURED,[],[],112,0.14,17.72,3.94,0,98,7,4.31,287,0,2
b5c900da-61db-5bd2-81a6-ed285daa1e12,I028000D479b,1991,"소 부산물, 심장, 삶은것","소 부산물,심장,삶은것",소 부산물,소부산물,육류 및 그 제품,삶은것,USDA('18),10.4,INGREDIENT,1,0,,17,MEASURED,[],[],165,0.15,28.48,4.73,0,59,5,6.38,219,0,0
2f186c67-6064-5950-95c7-a3c4cc45c4b9,I028000D480a,1992,"소 부산물, 양(위), 생것","소 부산물,양(위),생것",소 부산물,소부산물,육류 및 그 제품,생것,식약('96),10.4,INGREDIENT,1,0,,17,PARTIAL,[],[],61,0.1,9.9,2,,33,14,3,105,2,0
e57198b9-b92c-5f26-a164-5720edca76cc,I028000D489b,1993,"소 부산물, 양(위), 삶은것","소 부산물,양(위),삶은것",소 부산물,소부산물,육류 및 그 제품,삶은것,JAPAN('20),10.4,INGREDIENT,1,0,,17,QUALIFIED,[],"[""fiber_g""]",166,0,24.5,8.4,0,51,11,0.7,130,1,2
3ccfc0b5-e045-525c-b07d-2e8b623e351b,I028000D540a,1994,"소 부산물, 천엽, 생것","소 부산물,천엽,생것",소 부산물,소부산물,육류 및 그 제품,생것,JAPAN('20),10.4,INGREDIENT,1,1,NUTRITION_MEDOID_RAW,17,QUALIFIED,[],"[""fiber_g""]",57,0,11.7,1.3,0,50,16,6.8,83,4,4
1a8a4573-ff72-58ae-bb4d-ff655d774ca8,I028000D570a,1995,"소 부산물, 허파, 생것","소 부산물,허파,생것",소 부산물,소부산물,육류 및 그 제품,생것,USDA('18),10.4,INGREDIENT,1,0,,17,MEASURED,[],[],92,0,16.2,2.5,0,198,10,7.95,340,14,38.5
884478b5-d429-517d-b0d2-ec0b66977dc1,I028000D579b,1996,"소 부산물, 허파, 삶은것","소 부산물,허파,삶은것",소 부산물,소부산물,육류 및 그 제품,삶은것,USDA('18),10.4,INGREDIENT,1,0,,17,MEASURED,[],[],120,0,20.4,3.7,0,101,11,5.4,173,12,32.7
ae9af083-1607-54a3-b324-a0efeeb8ab27,I028000D580a,1997,"소 부산물, 혀, 생것","소 부산물,혀,생것",소 부산물,소부산물,육류 및 그 제품,생것,식약('96),10.4,INGREDIENT,1,0,,17,PARTIAL,[],[],191,0,13,14.5,,87,5,2.5,170,5,0
039b279e-58e8-596c-86f1-aa9f5e93900c,I0320000009a,1998,"소고기, 육포","소고기,육포",소고기,소고기,육류 및 그 제품,,식약('96),10.4,INGREDIENT,1,0,,205,PARTIAL,[],[],351,20.2,49,8.2,,2180,13,6.4,700,0,0
e59fd0a8-541a-52ba-b8a8-7ed4a78d0896,I0300000009a,2000,양지국물,양지국물,양지국물,양지국물,육류 및 그 제품,,농진청('03),10.4,INGREDIENT,1,1,EXACT_BASE_NAME,1,PARTIAL,[],[],4,0,1,0,,26,2,0.5,66,0,0
dd735043-2dc2-535b-9f34-41abdd8bd60f,I0310001079a,2001,"우족국물, 중량3배물","우족국물,중량3배물",우족국물,우족국물,육류 및 그 제품,,농진청('11),10.4,INGREDIENT,1,1,LOWEST_COMPLEXITY_VARIANT,1,PARTIAL,[],[],2,0,0.3,0.1,,14,2,0,8,0,
bf798bcd-db71-5f4f-9d8b-6c8095504011,I0330000009a,2002,잡뼈국물,잡뼈국물,잡뼈국물,잡뼈국물,육류 및 그 제품,,농진청('03),10.4,INGREDIENT,1,1,EXACT_BASE_NAME,1,PARTIAL,[],[],28,0,4.3,1,,61,2,1.6,24,0,0
05070893-d7f0-5fde-b354-34033c224dcc,I034001D030a,2003,"송아지고기, 수입산, 갈비, 생것","송아지고기,수입산,갈비,생것",송아지고기,송아지고기,육류 및 그 제품,생것,USDA('18),10.4,INGREDIENT,1,0,,14,MEASURED,[],[],162,0,18.86,9.01,0,89,13,0.86,290,0,0
4bec5578-c328-5dfe-a3db-30d33a308b1e,I034001D039b,2004,"송아지고기, 수입산, 갈비, 삶은것","송아지고기,수입산,갈비,삶은것",송아지고기,송아지고기,육류 및 그 제품,삶은것,USDA('18),10.4,INGREDIENT,1,0,,14,MEASURED,[],[],251,0,32.43,12.53,0,95,22,1.41,306,0,0
cf1d1762-3e79-519a-97a3-a5cd8e784771,I034001D039f,2005,"송아지고기, 수입산, 갈비, 구운것","송아지고기,수입산,갈비,구운것",송아지고기,송아지고기,육류 및 그 제품,구운것,USDA('18),10.4,INGREDIENT,1,0,,14,MEASURED,[],[],228,0,23.96,13.96,0,92,11,0.97,295,0,0
cb3e688c-2b6a-5e99-9713-7c47516b97d7,I034001D110a,2006,"송아지고기, 수입산, 등심, 생것","송아지고기,수입산,등심,생것",송아지고기,송아지고기,육류 및 그 제품,생것,USDA('18),10.4,INGREDIENT,1,0,,14,MEASURED,[],[],177,0.07,20.07,10.07,0,98,14,0.84,241,0,0
bb6fee17-f573-54ea-aac7-619cbdea4987,I034001D119b,2007,"송아지고기, 수입산, 등심, 삶은것","송아지고기,수입산,등심,삶은것",송아지고기,송아지고기,육류 및 그 제품,삶은것,USDA('18),10.4,INGREDIENT,1,0,,14,MEASURED,[],[],284,0,30.19,17.21,0,80,28,1.09,280,0,0
6f8c0529-d425-5fe7-a971-920260d28cdd,I034001D119f,2008,"송아지고기, 수입산, 등심, 구운것","송아지고기,수입산,등심,구운것",송아지고기,송아지고기,육류 및 그 제품,구운것,USDA('18),10.4,INGREDIENT,1,0,,14,MEASURED,[],[],217,0,24.8,12.32,0,93,19,0.87,325,0,0
9e37c4f4-74e1-5538-82d4-5fe695e371e3,I034001D150a,2009,"송아지고기, 수입산, 살코기, 생것","송아지고기,수입산,살코기,생것",송아지고기,송아지고기,육류 및 그 제품,생것,USDA('18),10.4,INGREDIENT,1,0,,14,MEASURED,[],[],105,0,20.04,2.16,0,86,22,1.02,339,0,0
2383f711-8162-56a5-9bf7-a2129637eb5e,I034001D159b,2010,"송아지고기, 수입산, 살코기, 삶은것","송아지고기,수입산,살코기,삶은것",송아지고기,송아지고기,육류 및 그 제품,삶은것,USDA('18),10.4,INGREDIENT,1,0,,14,MEASURED,[],[],201,0,35.73,5.33,0,90,30,1.41,347,0,0
c42e6e30-78f1-5ccd-a216-3dafc57f2226,I034001D230a,2011,"송아지고기, 수입산, 어깨, 생것","송아지고기,수입산,어깨,생것",송아지고기,송아지고기,육류 및 그 제품,생것,USDA('18),10.4,INGREDIENT,1,0,,14,MEASURED,[],[],132,0,19.34,5.44,0,83,21,1,327,0,0
ee62da70-c2e0-587b-bbfc-2e97c69e73fe,I034001D239b,2012,"송아지고기, 수입산, 어깨, 삶은것","송아지고기,수입산,어깨,삶은것",송아지고기,송아지고기,육류 및 그 제품,삶은것,USDA('18),10.4,INGREDIENT,1,0,,14,MEASURED,[],[],236,0,33.63,10.24,0,87,28,1.38,333,0,0
7eb2fb6d-7905-5738-a876-bfc5370de5c5,I034001D239f,2013,"송아지고기, 수입산, 어깨, 구운것","송아지고기,수입산,어깨,구운것",송아지고기,송아지고기,육류 및 그 제품,구운것,USDA('18),10.4,INGREDIENT,1,0,,14,MEASURED,[],[],183,0,25.46,8.25,0,90,26,1.15,348,0,0
92b5cfae-5ad9-53ae-8fa7-ac60734723bf,I034001D320a,2014,"송아지고기, 수입산, 채끝(채끝살), 생것","송아지고기,수입산,채끝(채끝살),생것",송아지고기,송아지고기,육류 및 그 제품,생것,USDA('18),10.4,INGREDIENT,1,1,NUTRITION_MEDOID_RAW,14,MEASURED,[],[],152,0,19.07,7.81,0,76,11,0.78,329,0,0
8c744e0c-3f80-53a3-befb-68cb130dbc75,I034001D329b,2015,"송아지고기, 수입산, 채끝(채끝살), 삶은것","송아지고기,수입산,채끝(채끝살),삶은것",송아지고기,송아지고기,육류 및 그 제품,삶은것,USDA('18),10.4,INGREDIENT,1,0,,14,MEASURED,[],[],252,0,31.26,13.14,0,79,17,1.2,321,0,0
7834a51f-93aa-5aac-93cf-5a21b3601f8a,I034001D329i,2016,"송아지고기, 수입산, 채끝(채끝살), 구운것(오븐)","송아지고기,수입산,채끝(채끝살),구운것(오븐)",송아지고기,송아지고기,육류 및 그 제품,구운것(오븐),USDA('18),10.4,INGREDIENT,1,0,,14,MEASURED,[],[],202,0,25.14,10.45,0,83,13,0.92,351,0,0
8a3cb911-3c69-572a-b34f-ccd8e0c941eb,I035001D330a,2017,"송아지 부산물, 수입산, 간, 생것","송아지 부산물,수입산,간,생것",송아지 부산물,송아지부산물,육류 및 그 제품,생것,USDA('18),10.4,INGREDIENT,1,0,,12,MEASURED,[],[],140,2.91,19.93,4.85,0,77,5,6.4,308,11706,0.7
458da387-a6eb-5b23-a294-dae334d54c87,I035001D339b,2018,"송아지 부산물, 수입산, 간, 삶은것","송아지 부산물,수입산,간,삶은것",송아지 부산물,송아지부산물,육류 및 그 제품,삶은것,USDA('18),10.4,INGREDIENT,1,0,,12,MEASURED,[],[],192,3.77,28.42,6.26,0,78,6,5.11,329,21144,1.1
b1d1c22a-6805-5baf-a376-003105a14483,I035001D340a,2019,"송아지 부산물, 수입산, 골, 생것","송아지 부산물,수입산,골,생것",송아지 부산물,송아지부산물,육류 및 그 제품,생것,USDA('18),10.4,INGREDIENT,1,0,,12,MEASURED,[],[],118,0,10.32,8.21,0,127,10,2.13,315,0,14
6da3c1eb-1821-53f1-86ae-e9bbf5cb0fab,I035001D349b,2020,"송아지 부산물, 수입산, 골, 삶은것","송아지 부산물,수입산,골,삶은것",송아지 부산물,송아지부산물,육류 및 그 제품,삶은것,USDA('18),10.4,INGREDIENT,1,0,,12,MEASURED,[],[],136,0,11.48,9.63,0,156,16,1.67,214,0,13
f4defa68-1d54-58d5-aba3-702910fd0628,I035001D460a,2021,"송아지 부산물, 수입산, 신장, 생것","송아지 부산물,수입산,신장,생것",송아지 부산물,송아지부산물,육류 및 그 제품,생것,USDA('18),10.4,INGREDIENT,1,0,,12,MEASURED,[],[],99,0.85,15.76,3.12,0,178,11,3.36,272,92,5
41363fc9-a13c-5a5d-bef9-5336ebf35853,I035001D469b,2022,"송아지 부산물, 수입산, 신장, 삶은것","송아지 부산물,수입산,신장,삶은것",송아지 부산물,송아지부산물,육류 및 그 제품,삶은것,USDA('18),10.4,INGREDIENT,1,0,,12,MEASURED,[],[],163,0,26.32,5.66,0,110,29,3.04,159,201,8
5023ac23-1b75-5253-ab9a-c25f7ba2f89c,I035001D470a,2023,"송아지 부산물, 수입산, 심장, 생것","송아지 부산물,수입산,심장,생것",송아지 부산물,송아지부산물,육류 및 그 제품,생것,USDA('18),10.4,INGREDIENT,1,0,,12,MEASURED,[],[],110,0.08,17.18,3.98,0,77,5,4.24,261,0,8
fbfe0aea-d990-5de6-b0da-65dbb4e6fec9,I035001D479b,2024,"송아지 부산물, 수입산, 심장, 삶은것","송아지 부산물,수입산,심장,삶은것",송아지 부산물,송아지부산물,육류 및 그 제품,삶은것,USDA('18),10.4,INGREDIENT,1,0,,12,MEASURED,[],[],186,0.13,29.12,6.75,0,58,8,4.32,199,0,10
1e9de1e2-0ad7-546f-816c-e910ceb75125,I035001D570a,2025,"송아지 부산물, 수입산, 허파, 생것","송아지 부산물,수입산,허파,생것",송아지 부산물,송아지부산물,육류 및 그 제품,생것,USDA('18),10.4,INGREDIENT,1,0,,12,MEASURED,[],[],90,0,16.3,2.3,0,108,7,5.23,274,0,39
a6e3e41e-db98-5d1b-877f-54fc865fad8b,I035001D579b,2026,"송아지 부산물, 수입산, 허파, 삶은것","송아지 부산물,수입산,허파,삶은것",송아지 부산물,송아지부산물,육류 및 그 제품,삶은것,USDA('18),10.4,INGREDIENT,1,0,,12,MEASURED,[],[],104,0,18.74,2.64,0,56,7,3.61,142,0,34
514b3321-21d6-592e-aa20-5868853e8d50,I035001D580a,2027,"송아지 부산물, 수입산, 혀, 생것","송아지 부산물,수입산,혀,생것",송아지 부산물,송아지부산물,육류 및 그 제품,생것,USDA('18),10.4,INGREDIENT,1,1,NUTRITION_MEDOID_RAW,12,MEASURED,[],[],131,1.91,17.18,5.48,0,82,7,2.72,271,0,5
490f0d03-a385-5417-bb31-f1e9f32a03c5,I035001D589b,2028,"송아지 부산물, 수입산, 혀, 삶은것","송아지 부산물,수입산,혀,삶은것",송아지 부산물,송아지부산물,육류 및 그 제품,삶은것,USDA('18),10.4,INGREDIENT,1,0,,12,MEASURED,[],[],202,0,25.85,10.1,0,64,9,2.09,162,0,6
abe6d11f-0d08-59c6-885b-76fd9ad17f45,I036001D080a,2029,"양고기, 수입산, 다리, 생것","양고기,수입산,다리,생것",양고기,양고기,육류 및 그 제품,생것,JAPAN('20),10.4,INGREDIENT,1,1,NUTRITION_MEDOID_RAW,1,QUALIFIED,[],"[""fiber_g""]",205,0.1,18.8,15.3,0,37,4,2.5,230,7,1
3a91fb49-3405-522c-a776-95b4113204df,I037001D030a,2030,"어린양고기, 수입산, 갈비, 생것","어린양고기,수입산,갈비,생것",어린양고기,어린양고기,육류 및 그 제품,생것,USDA('18),10.4,INGREDIENT,1,0,,8,MEASURED,[],[],372,0,14.52,34.39,0,56,15,1.39,190,0,0
b817152e-aa2a-53ac-a3c3-24a0c229e137,I037001D039i,2031,"어린양고기, 수입산, 갈비, 구운것(오븐)","어린양고기,수입산,갈비,구운것(오븐)",어린양고기,어린양고기,육류 및 그 제품,구운것(오븐),USDA('18),10.4,INGREDIENT,1,0,,8,MEASURED,[],[],359,0,21.12,29.82,0,73,22,1.6,271,0,0
037a8b55-a262-5f1e-8f63-42ec281d98d6,I037001D080a,2032,"어린양고기, 수입산, 다리, 생것","어린양고기,수입산,다리,생것",어린양고기,어린양고기,육류 및 그 제품,생것,USDA('18),10.4,INGREDIENT,1,0,,8,MEASURED,[],[],201,0,18.58,13.49,0,57,8,1.71,261,0,0
1fc6203f-6e1f-5912-be0a-5fb58a011bab,I037001D089i,2033,"어린양고기, 수입산, 다리, 구운것(오븐)","어린양고기,수입산,다리,구운것(오븐)",어린양고기,어린양고기,육류 및 그 제품,구운것(오븐),USDA('18),10.4,INGREDIENT,1,0,,8,MEASURED,[],[],225,0,26.41,12.45,0,65,10,1.98,326,0,0
e5a7e02b-ab59-5fe4-9e27-bde572900716,I037001D150a,2034,"어린양고기, 수입산, 살코기, 생것","어린양고기,수입산,살코기,생것",어린양고기,어린양고기,육류 및 그 제품,생것,USDA('18),10.4,INGREDIENT,1,0,,8,MEASURED,[],[],143,0,20.88,5.94,0,68,12,1.91,276,0,0
643bfdba-1c97-5ce0-a498-6304aa1d8f13,I037001D230a,2035,"어린양고기, 수입산, 어깨, 생것","어린양고기,수입산,어깨,생것",어린양고기,어린양고기,육류 및 그 제품,생것,USDA('18),10.4,INGREDIENT,1,1,NUTRITION_MEDOID_RAW,8,MEASURED,[],[],264,0,16.58,21.45,0,61,16,1.5,230,0,0
17df463b-5c1e-5cec-81c1-3fde510b820b,I037001D239b,2036,"어린양고기, 수입산, 어깨, 삶은것","어린양고기,수입산,어깨,삶은것",어린양고기,어린양고기,육류 및 그 제품,삶은것,USDA('18),10.4,INGREDIENT,1,0,,8,MEASURED,[],[],344,0,28.68,24.55,0,75,25,2.4,248,0,0
0aeeb652-0644-5ef2-aac6-8181b4623335,I037001D239i,2037,"어린양고기, 수입산, 어깨, 구운것(오븐)","어린양고기,수입산,어깨,구운것(오븐)",어린양고기,어린양고기,육류 및 그 제품,구운것(오븐),USDA('18),10.4,INGREDIENT,1,0,,8,MEASURED,[],[],276,0,22.51,19.97,0,66,20,1.97,251,0,0
37cafc20-5305-5fc3-99a4-9b9bc039d833,I038001D330a,2038,"어린양 부산물, 수입산, 간, 생것","어린양 부산물,수입산,간,생것",어린양 부산물,어린양부산물,육류 및 그 제품,생것,USDA('18),10.4,INGREDIENT,1,1,NUTRITION_MEDOID_RAW,2,MEASURED,[],[],139,1.78,20.38,5.02,0,70,7,7.37,313,7391,4
6555feb7-1a84-56fd-ae1b-42a5ea8c5ecd,I038001D339b,2039,"어린양 부산물, 수입산, 간, 삶은것","어린양 부산물,수입산,간,삶은것",어린양 부산물,어린양부산물,육류 및 그 제품,삶은것,USDA('18),10.4,INGREDIENT,1,0,,2,MEASURED,[],[],220,2.53,30.57,8.81,0,56,8,8.28,221,7491,4
7b4bc576-b1f1-5e4e-9ed0-e7e2f204250b,I0390000000a,2040,"염소고기, 생것","염소고기,생것",염소고기,염소고기,육류 및 그 제품,생것,농진청('13),10.4,INGREDIENT,1,1,GENERIC_RAW,3,MEASURED,[],[],181,0,19.88,10.31,0,70,10,2.73,298,5,1.51
c5b82ddf-ded3-59e2-9a0f-e5687c71dad4,I0390000009b,2041,"염소고기, 삶은것","염소고기,삶은것",염소고기,염소고기,육류 및 그 제품,삶은것,농진청('13),10.4,INGREDIENT,1,0,,3,MEASURED,[],[],251,0,29.39,13.51,0,39,15,3.83,170,5,0.5
328be158-4a3a-519f-b14f-b7f205782981,I0390010000a,2042,"염소고기, 수입산, 생것","염소고기,수입산,생것",염소고기,염소고기,육류 및 그 제품,생것,JAPAN('20),10.4,INGREDIENT,1,0,,3,QUALIFIED,[],"[""fiber_g""]",99,0.2,21.9,1.5,0,45,7,3.8,310,3,1
7bf99fec-3ee1-53ac-bf17-72d7b305afe0,I040000D150a,2043,"오리고기, 살코기, 생것","오리고기,살코기,생것",오리고기,오리고기,육류 및 그 제품,생것,농진청('16),10.4,INGREDIENT,1,1,GENERIC_RAW_VARIANT,6,MEASURED,[],[],117,0,21,3.07,0,83,11,2.61,305,11,0.45
b7d873dc-c3f9-5fd2-b06d-1c2bf954fe09,I040000B030a,2044,"오리고기, 생것, 껍질 포함","오리고기,생것,껍질 포함",오리고기,오리고기,육류 및 그 제품,,농진청('16),10.4,INGREDIENT,1,0,,6,MEASURED,[],[],249,0,16.63,18.99,0,70,16,1.56,215,35,0.23
8c6d2432-deb8-583b-a975-68afd48569d5,I0410010000a,2048,"자라고기, 수입산, 생것","자라고기,수입산,생것",자라고기,자라고기,육류 및 그 제품,생것,JAPAN('20),10.4,INGREDIENT,1,1,NUTRITION_MEDOID_RAW,1,QUALIFIED,[],"[""fiber_g""]",175,0.5,16.4,13.4,0,69,18,0.9,150,94,1
69a12a4a-256a-52dc-908c-55f379b91ad8,I0430010000a,2049,"칠면조고기, 생것","칠면조고기,생것",칠면조고기,칠면조고기,육류 및 그 제품,생것,USDA('18),10.4,INGREDIENT,1,1,GENERIC_RAW,2,MEASURED,[],[],144,0.13,21.64,5.64,0,112,11,0.86,224,17,0
570619c9-d05c-54cb-9f73-db4bdc7638f0,I0430010009f,2050,"칠면조고기, 구운것","칠면조고기,구운것",칠면조고기,칠면조고기,육류 및 그 제품,구운것,USDA('18),10.4,INGREDIENT,1,0,,2,MEASURED,[],[],189,0.06,28.55,7.39,0,103,14,1.09,239,12,0
e8ea4893-e91d-546d-ba20-145105850a4d,I0440020000a,2051,"토끼고기, 집토끼, 생것","토끼고기,집토끼,생것",토끼고기,토끼고기,육류 및 그 제품,생것,식약('96),10.4,INGREDIENT,1,0,,4,PARTIAL,[],[],135,0.6,21.7,4.4,,56,12,2.4,360,6,0
6dad2749-0664-5d22-a085-2e3e0a03dd5b,I0440020009d,2052,"토끼고기, 집토끼, 끓인것","토끼고기,집토끼,끓인것",토끼고기,토끼고기,육류 및 그 제품,,USDA('18),10.4,INGREDIENT,1,0,,4,MEASURED,[],[],173,0,33.02,3.51,0,45,18,4.85,343,0,0
4c9a294e-e0f6-5c33-ad3c-fc3c53c9387f,I044000D150a,2053,"토끼고기, 살코기, 생것","토끼고기,살코기,생것",토끼고기,토끼고기,육류 및 그 제품,생것,농진청('20),10.4,INGREDIENT,1,1,GENERIC_RAW_VARIANT,4,MEASURED,[],[],161,0,20.97,7.68,0,50,14,0.6,366,22,0.8
42f2eda6-d9a1-55d2-bd45-e0bf66ab033a,I044000D159b,2054,"토끼고기, 살코기, 삶은것","토끼고기,살코기,삶은것",토끼고기,토끼고기,육류 및 그 제품,삶은것,농진청('20),10.4,INGREDIENT,1,0,,4,MEASURED,[],[],203,0,28.23,8.87,0,37,11,0.83,284,23,0.25
688c90db-65bf-5d05-ad32-1a518727164f,J0010000000a,2055,"거위알, 생것","거위알,생것",거위알,거위알,난류,생것,농진청('96),10.4,INGREDIENT,1,1,GENERIC_RAW,2,PARTIAL,[],[],193,0.8,13.2,14.1,,45,41,2.5,77,172,0
8cda7b27-99a3-5f29-985e-48391cd626f3,J0010000009b,2056,"거위알, 삶은것","거위알,삶은것",거위알,거위알,난류,삶은것,농진청('96),10.4,INGREDIENT,1,0,,2,PARTIAL,[],[],187,1,12.7,13.6,,45,41,2.5,76,173,0
966fb160-0dd2-5bec-b4b6-f5a6d0b1e329,J0020000000a,2057,"기러기알, 생것","기러기알,생것",기러기알,기러기알,난류,생것,농진청('02),10.4,INGREDIENT,1,1,GENERIC_RAW,2,PARTIAL,[],[],193,2.4,12.3,13.9,,143,78,3.3,106,185,0
e254f78e-ac00-56c1-8816-c36939c12937,J0020000009b,2058,"기러기알, 삶은것","기러기알,삶은것",기러기알,기러기알,난류,삶은것,농진청('02),10.4,INGREDIENT,1,0,,2,PARTIAL,[],[],212,4,13.1,14.9,,138,77,2.6,132,185,0
4f418fd7-db94-5468-aeec-47b94fb781e5,J0030000000a,2059,"달걀, 생것","달걀,생것",달걀,달걀,난류,생것,농진청('20),10.4,INGREDIENT,1,1,GENERIC_RAW,16,MEASURED,[],[],140,1.07,12.86,8.51,0,137,46,1.9,125,119,0
19990ef3-8329-5ac2-903e-9d8e06031949,J0030000009b,2060,"달걀, 삶은것","달걀,삶은것",달걀,달걀,난류,삶은것,농진청('18),10.4,INGREDIENT,1,0,,16,MEASURED,[],[],145,1.37,13.49,8.69,0,128,52,2.01,115,67,0
a2851201-2a0b-59d5-b7c3-3eab14c56d62,J0030001080a,2061,"달걀, 난백, 생것","달걀,난백,생것",달걀,달걀,난류,생것,농진청('18),10.4,INGREDIENT,1,0,,16,MEASURED,[],[],50,0.14,11.46,0.05,0,174,6,0.01,140,0,0
4aa6f295-27df-58c9-b65b-436a4cd70a09,J0030001089b,2062,"달걀, 난백, 삶은것","달걀,난백,삶은것",달걀,달걀,난류,삶은것,농진청('18),10.4,INGREDIENT,1,0,,16,MEASURED,[],[],51,0.22,11.63,0.01,0,145,9,0.07,106,0,0
899a9015-bead-54f1-8a23-625c6f674390,J0030001090a,2063,"달걀, 난황, 생것","달걀,난황,생것",달걀,달걀,난류,생것,농진청('18),10.4,INGREDIENT,1,0,,16,MEASURED,[],[],326,5.77,15.66,25.18,0,57,149,5.92,112,429,0
5953651e-cd2f-5b03-a626-110a5fbfcf5d,J0030001099b,2064,"달걀, 난황, 삶은것","달걀,난황,삶은것",달걀,달걀,난류,삶은것,농진청('18),10.4,INGREDIENT,1,0,,16,MEASURED,[],[],379,1.37,16.46,32.16,0,47,157,7.5,95,263,0
901cd8e5-c76c-5cdd-a59d-d305e83b92c9,J0030000005a,2065,"달걀, 가루","달걀,가루",달걀,달걀,난류,,USDA('18),10.4,INGREDIENT,1,0,,16,MEASURED,[],[],592,1.13,48.05,43.9,0,476,244,7.2,540,300,0
b09a8700-ea2f-52fe-9ed8-f60887834a74,J0040000009m,2066,"달걀, 부침(달걀프라이)","달걀,부침(달걀프라이)",달걀,달걀,난류,,농진청('16),10.4,INGREDIENT,1,0,,16,PARTIAL,[],[],206,3.79,15.12,13.46,,162,72,2.27,152,140,0
70444e21-8985-55e0-9fbb-24f6f3d7c8e1,J0050000009s,2067,"달걀, 수란, 중탕","달걀,수란,중탕",달걀,달걀,난류,,JAPAN('20),10.4,INGREDIENT,1,0,,16,QUALIFIED,[],"[""fiber_g"",""vitamin_c_mg""]",145,0.2,12.3,11.7,0,110,55,2.2,100,160,0
032bf5f8-3fac-5c74-a4b0-c257e6f7f459,J0060000009n,2068,"달걀, 스크램블드에그","달걀,스크램블드에그",달걀,달걀,난류,,USDA('18),10.4,INGREDIENT,1,0,,16,MEASURED,[],[],149,1.61,9.99,10.98,0,145,66,1.31,132,161,0
90b805fd-2328-521c-8b73-6e6aa9d998ee,J0030010000a,2069,"달걀, 유정란, 생것","달걀,유정란,생것",달걀,달걀,난류,생것,농진청('10),10.4,INGREDIENT,1,0,,16,PARTIAL,[],[],156,8.1,10.9,8.4,,163,63,2.9,133,451,0
f5c0bedd-dbbe-5dc8-86c7-b736a6359d02,J0030011080a,2070,"달걀, 유정란, 난백, 생것","달걀,유정란,난백,생것",달걀,달걀,난류,생것,농진청('10),10.4,INGREDIENT,1,0,,16,PARTIAL,[],[],50,3.6,8.5,0,,153,7,0.4,210,159,0
90799347-cf2c-5c52-b91c-d9dd9426a4f7,J0030011090a,2071,"달걀, 유정란, 난황, 생것","달걀,유정란,난황,생것",달걀,달걀,난류,생것,농진청('10),10.4,INGREDIENT,1,0,,16,PARTIAL,[],[],333,21.7,14.4,20.3,,138,122,5.6,65,295,0
ca3bb869-012b-54f2-8b64-07234e6a518e,J0080000000a,2072,"메추리알, 생것","메추리알,생것",메추리알,메추리알,난류,생것,농진청('18),10.4,INGREDIENT,1,1,GENERIC_RAW,6,MEASURED,[],[],146,1.66,12.8,9.02,0,137,59,2.49,154,194,0
bdd83c62-2c84-5e94-af3a-ccbc5687895d,J0080000009b,2073,"메추리알, 삶은것","메추리알,삶은것",메추리알,메추리알,난류,삶은것,농진청('18),10.4,INGREDIENT,1,0,,6,MEASURED,[],[],155,1.67,12.48,10.12,0,94,61,2.63,107,190,0
1359d907-0f3d-5812-8229-80edebe1f901,J0080001080a,2074,"메추리알, 난백, 생것","메추리알,난백,생것",메추리알,메추리알,난류,생것,농진청('18),10.4,INGREDIENT,1,0,,6,MEASURED,[],[],52,0.05,11.77,0.11,0,184,3,0.02,172,0,0
e920de61-1ce6-54dc-8d7d-586081c828da,J0080001089b,2075,"메추리알, 난백, 삶은것","메추리알,난백,삶은것",메추리알,메추리알,난류,삶은것,농진청('18),10.4,INGREDIENT,1,0,,6,MEASURED,[],[],50,0,11.35,0.1,0,71,8,0.05,59,0,0
dc35261b-6632-5c72-a1fb-860d9aebd198,J0080001090a,2076,"메추리알, 난황, 생것","메추리알,난황,생것",메추리알,메추리알,난류,생것,농진청('18),10.4,INGREDIENT,1,0,,6,MEASURED,[],[],296,3.74,14.77,23.24,0,71,137,6.35,127,731,0
2f8020b8-1e35-538d-9d58-6d5c1a6bba9c,J0080001099b,2077,"메추리알, 난황, 삶은것","메추리알,난황,삶은것",메추리알,메추리알,난류,삶은것,농진청('18),10.4,INGREDIENT,1,0,,6,MEASURED,[],[],360,1.39,15.44,30.58,0,51,157,7.6,98,702,0
b43400b8-dfb4-56b4-8929-c0369c0746c0,J0090000000a,2078,"오리알, 생것","오리알,생것",오리알,오리알,난류,생것,농진청('18),10.4,INGREDIENT,1,1,GENERIC_RAW,8,MEASURED,[],[],171,2.03,13.11,11.32,0,136,56,2.54,120,115,0
0ae4c8aa-4e04-5db5-95c4-0a8f5263b77a,J0090000009b,2079,"오리알, 삶은것","오리알,삶은것",오리알,오리알,난류,삶은것,농진청('18),10.4,INGREDIENT,1,0,,8,MEASURED,[],[],183,2.41,13.39,12.4,0,108,60,2.76,100,99,0
ab2b33a4-0ca8-52f1-9802-2faeba7d7864,J0090001080a,2080,"오리알, 난백, 생것","오리알,난백,생것",오리알,오리알,난류,생것,농진청('18),10.4,INGREDIENT,1,0,,8,MEASURED,[],[],52,1.39,10.78,0.09,0,187,5,0.01,134,0,0
9ec882bd-c3ef-540b-9ec2-ad0b2305678b,J0090001089b,2081,"오리알, 난백, 삶은것","오리알,난백,삶은것",오리알,오리알,난류,삶은것,농진청('18),10.4,INGREDIENT,1,0,,8,MEASURED,[],[],58,2.05,11.51,0.08,0,145,8,0.01,103,0,0
28e28943-9fc6-52be-a46d-1e04265104d3,J0090001090a,2082,"오리알, 난황, 생것","오리알,난황,생것",오리알,오리알,난류,생것,농진청('18),10.4,INGREDIENT,1,0,,8,MEASURED,[],[],351,3.02,16.68,28.48,0,57,134,6.4,99,291,0
f696a474-8b73-5f44-be3f-b0a8ea731709,J0090001099b,2083,"오리알, 난황, 삶은것","오리알,난황,삶은것",오리알,오리알,난류,삶은것,농진청('18),10.4,INGREDIENT,1,0,,8,MEASURED,[],[],375,2.97,16.25,31.22,0,51,141,6.97,94,249,0
0b350776-ad3a-5a3f-a89a-45c451ba909c,J0100010009a,2084,"오리알, 피단","오리알,피단",오리알,오리알,난류,,농진청('19),10.4,INGREDIENT,1,0,,8,MEASURED,[],[],166,4.21,12.98,10.05,0,496,56,2.28,127,103,0
43b16786-0419-512a-a302-22c2bbb4a7ef,J0110000000a,2085,"오리알, 청둥오리, 생것","오리알,청둥오리,생것",오리알,오리알,난류,생것,국('87),10.4,INGREDIENT,1,0,,8,PARTIAL,[],[],178,1,13.6,12.3,,,61,3.1,,,0
ad791d7d-7ffe-54a5-a527-4c4af8d0d129,K0040000000a,2086,"가라지, 생것","가라지,생것",가라지,가라지,어패류 및 그 제품,생것,수('09),10.4,INGREDIENT,1,1,GENERIC_RAW,1,PARTIAL,[],[],78,0.7,14.8,1.3,0,,35,1.7,,,
ce8f93d7-5739-5eb9-9833-d3aa0785277f,K0050000000a,2087,"가물치, 생것","가물치,생것",가물치,가물치,어패류 및 그 제품,생것,수('09),10.4,INGREDIENT,1,1,GENERIC_RAW,1,PARTIAL,[],[],86,0.3,18.2,0.8,,86,71,1.1,401,10,1
38b5ba36-1335-522c-8774-dd8674e5d2d9,K0060000000a,2088,"가시망둑, 생것","가시망둑,생것",가시망둑,가시망둑,어패류 및 그 제품,생것,수('09),10.4,INGREDIENT,1,1,GENERIC_RAW,1,PARTIAL,[],[],101,0,22.4,0.7,,20,46,1.7,6,6,0
a8804d68-ed98-57f3-8b78-70c27881d4aa,K0070010000a,2089,"가오리, 나비가오리, 생것","가오리,나비가오리,생것",가오리,가오리,어패류 및 그 제품,생것,수('09),10.4,INGREDIENT,1,0,,5,PARTIAL,[],[],80,0,17.3,0.7,,,882,1.2,,0,0
9bc3077a-9d9d-5160-854a-65a5299c83d0,K0070020000a,2090,"가오리, 노랑가오리, 생것","가오리,노랑가오리,생것",가오리,가오리,어패류 및 그 제품,생것,수('09),10.4,INGREDIENT,1,1,NUTRITION_MEDOID_RAW,5,PARTIAL,[],[],97,0,21.6,0.6,,254,227,0.8,110,0,0
85562c7e-e154-5244-ad18-a48a88d60f45,K0070030000a,2091,"가오리, 목탁가오리, 생것","가오리,목탁가오리,생것",가오리,가오리,어패류 및 그 제품,생것,수('09),10.4,INGREDIENT,1,0,,5,PARTIAL,[],[],98,0,22.2,0.5,,,685,1.3,,3,0
79b708a0-35e8-56e6-b37a-07d60154c457,K0070040000a,2092,"가오리, 전기가오리, 생것","가오리,전기가오리,생것",가오리,가오리,어패류 및 그 제품,생것,수('09),10.4,INGREDIENT,1,0,,5,PARTIAL,[],[],64,0,13,1,,,67,1.2,,3,0
f7e4273a-c2db-5fd8-a911-c27227545803,K007000000Ba,2093,"가오리, 조미하여 말린것","가오리,조미하여 말린것",가오리,가오리,어패류 및 그 제품,조미하여 말린것,국('83),10.4,INGREDIENT,1,0,,5,PARTIAL,[],[],306,35.8,39.3,0.6,,,160,11.2,,0,0
b0d21222-9b98-5e90-9146-873c1447ab05,K0080000000a,2094,"가자미, 생것","가자미,생것",가자미,가자미,어패류 및 그 제품,생것,식약('96),10.4,INGREDIENT,1,1,GENERIC_RAW,12,PARTIAL,[],[],129,0.3,22.1,3.7,,230,40,0.7,377,8,2
f955a826-6269-5d83-8e50-5e797345f50a,K0080010000a,2095,"가자미, 각시가자미, 생것","가자미,각시가자미,생것",가자미,가자미,어패류 및 그 제품,생것,수('09),10.4,INGREDIENT,1,0,,12,PARTIAL,[],[],84,0,16.8,1.4,,,44,1.2,,5,0
eb48072d-79dd-52fb-a0a0-4e9dc20ae5aa,K0080020000a,2096,"가자미, 갈가자미, 생것","가자미,갈가자미,생것",가자미,가자미,어패류 및 그 제품,생것,수('09),10.4,INGREDIENT,1,0,,12,PARTIAL,[],[],90,0.2,18.3,1.3,,,22,1.9,,,
9c6e4865-4b35-5176-b1b0-0631c12a001a,K0080030000a,2097,"가자미, 기름가자미, 생것","가자미,기름가자미,생것",가자미,가자미,어패류 및 그 제품,생것,수('09),10.4,INGREDIENT,1,0,,12,PARTIAL,[],[],83,0.7,18.2,0.4,,,51,0.6,,,
69dc62f4-9e0f-5aa5-a5cd-aef20e19c79a,K0080040000a,2098,"가자미, 눈가자미, 생것","가자미,눈가자미,생것",가자미,가자미,어패류 및 그 제품,생것,수('09),10.4,INGREDIENT,1,0,,12,PARTIAL,[],[],93,0.3,19.4,1.1,,,55,0.6,,,
f401a4f8-c1fc-57c1-ad3d-91559dde8e78,K0080050000a,2099,"가자미, 돌가자미, 생것","가자미,돌가자미,생것",가자미,가자미,어패류 및 그 제품,생것,수('09),10.4,INGREDIENT,1,0,,12,PARTIAL,[],[],90,0,20,0.6,,185,11,0.2,263,9,1
511a5e7f-d95f-591f-8a88-adfec73e2f05,K0080060000a,2100,"가자미, 문치가자미, 생것","가자미,문치가자미,생것",가자미,가자미,어패류 및 그 제품,생것,수('09),10.4,INGREDIENT,1,0,,12,PARTIAL,[],[],93,0.5,19.9,0.7,,,16,0.3,,14,1
de3ae467-b513-51fe-af39-ff92c33011d2,K0080070000a,2101,"가자미, 범가자미, 생것","가자미,범가자미,생것",가자미,가자미,어패류 및 그 제품,생것,수('09),10.4,INGREDIENT,1,0,,12,PARTIAL,[],[],82,0.8,18.2,0.2,,,18,0.2,,6,1
e5da987a-2021-5574-8a77-08f8d14a0099,K0080080000a,2102,"가자미, 술봉가자미, 생것","가자미,술봉가자미,생것",가자미,가자미,어패류 및 그 제품,생것,수('09),10.4,INGREDIENT,1,0,,12,PARTIAL,[],[],84,0,16.8,1.4,,,44,1.2,,6,0
29e665fc-daa6-533d-8c61-3697267ef2f6,K0080090000a,2103,"가자미, 용가자미, 생것","가자미,용가자미,생것",가자미,가자미,어패류 및 그 제품,생것,수('09),10.4,INGREDIENT,1,0,,12,PARTIAL,[],[],82,0.1,18.1,0.6,,,48,4,,,
f8790eaa-500a-5ce5-a132-4768b756fd69,K0080100000a,2104,"가자미, 줄가자미, 생것","가자미,줄가자미,생것",가자미,가자미,어패류 및 그 제품,생것,수('09),10.4,INGREDIENT,1,0,,12,PARTIAL,[],[],76,0.2,17.4,0.2,,178,50,0.6,286,4,1
6457c66d-d872-593c-84b8-b47385b2ccb2,K0080110000a,2105,"가자미, 참가자미, 생것","가자미,참가자미,생것",가자미,가자미,어패류 및 그 제품,생것,수('09),10.4,INGREDIENT,1,0,,12,PARTIAL,[],[],85,0.4,19.4,0.2,,,21,0.5,,3,1
0d019053-d9bb-5413-bdcd-17c687552d88,K0100000000a,2106,"갈치, 생것","갈치,생것",갈치,갈치,어패류 및 그 제품,생것,수('09),10.4,INGREDIENT,1,1,GENERIC_RAW,5,PARTIAL,[],[],149,0.1,18.5,7.5,,100,46,1,260,20,1
49e30c4b-78ac-5f47-b21b-6fdecede9138,K0100010000a,2107,"갈치, 동갈치, 생것","갈치,동갈치,생것",갈치,갈치,어패류 및 그 제품,생것,수('09),10.4,INGREDIENT,1,0,,5,PARTIAL,[],[],97,0.4,19.8,1.3,,,28,0.5,,,
bb246457-7ee7-5b55-9833-ce212a59fa2f,K0100020000a,2108,"갈치, 동동갈치, 생것","갈치,동동갈치,생것",갈치,갈치,어패류 및 그 제품,생것,수('09),10.4,INGREDIENT,1,0,,5,PARTIAL,[],[],121,0,20,3.9,,,,,,,
44d8d14c-a709-50b5-a3d4-3b43f6446754,K010000000Ka,2109,"갈치, 얼간","갈치,얼간",갈치,갈치,어패류 및 그 제품,,수('09),10.4,INGREDIENT,1,0,,5,PARTIAL,[],[],188,0.1,26.3,8.1,,2056,104,1.8,281,0,0
6242bfb5-64c4-5eee-8fec-bef38dffa91b,K011000000Ia,2110,"갈치, 젓갈","갈치,젓갈",갈치,갈치,어패류 및 그 제품,,수('18),10.4,INGREDIENT,1,0,,5,PARTIAL,[],[],176,28.2,8.6,3.2,,,328,0.6,,0,
9c541eeb-5fe6-5a25-8d4b-c20812e22e9c,K0120010000a,2111,"강달이, 눈강달이, 생것","강달이,눈강달이,생것",강달이,강달이,어패류 및 그 제품,생것,수('09),10.4,INGREDIENT,1,1,NUTRITION_MEDOID_RAW,2,PARTIAL,[],[],109,0.1,17,3.9,,,51,1.3,,11,1
7d7c4d89-744e-5bea-986d-5e91624ecb4a,K013001000Ia,2112,"강달이, 눈강달이, 젓갈","강달이,눈강달이,젓갈",강달이,강달이,어패류 및 그 제품,,수('09),10.4,INGREDIENT,1,0,,2,PARTIAL,[],[],102,0,14,5.1,,,730,10.1,,0,0
3fc4f7fb-05f2-56d6-a6f4-e6fb42de6f5a,K0140000000a,2113,"게르치, 생것","게르치,생것",게르치,게르치,어패류 및 그 제품,생것,수('09),10.4,INGREDIENT,1,1,GENERIC_RAW,2,PARTIAL,[],[],158,0,20.8,7.5,,85,44,0.8,390,14,0
787b1495-9ed8-5802-904f-fe8946741188,K0140000009b,2114,"게르치, 삶은것","게르치,삶은것",게르치,게르치,어패류 및 그 제품,삶은것,JAPAN('20),10.4,INGREDIENT,1,0,,2,QUALIFIED,"[""carbohydrate_g"",""vitamin_c_mg""]","[""fiber_g""]",161,0,22.2,8.4,0,80,49,0.6,410,11,0
e7ca1395-256d-50c4-8c26-6c33435df6c3,K0150000000a,2115,"고등어, 생것","고등어,생것",고등어,고등어,어패류 및 그 제품,생것,수('09),10.4,INGREDIENT,1,1,GENERIC_RAW,9,PARTIAL,[],[],183,0,20.2,10.4,,75,26,1.6,310,23,1
22e1baaf-b2a7-5784-a86d-f12c1428fe7d,K0150002550a,2116,"고등어, 남해, 생것","고등어,남해,생것",고등어,고등어,어패류 및 그 제품,생것,수('16),10.4,INGREDIENT,1,0,,9,PARTIAL,[],[],214,0,21.06,13.34,0,25,12,0.71,329,,1
a6eb6579-d97f-5f97-9e1a-66db77342d83,K0150002560a,2117,"고등어, 서해, 생것","고등어,서해,생것",고등어,고등어,어패류 및 그 제품,생것,수('16),10.4,INGREDIENT,1,0,,9,PARTIAL,[],[],285,0,20.26,21.23,0,30,13,1.02,332,,1
d9b036c0-f320-5fda-b7a3-4975a2dc6d7b,K0150000009b,2118,"고등어, 삶은것","고등어,삶은것",고등어,고등어,어패류 및 그 제품,삶은것,JAPAN('20),10.4,INGREDIENT,1,0,,9,QUALIFIED,[],"[""fiber_g""]",253,0.3,22.6,22.6,0,94,7,1.3,280,31,0
d4b8253c-097b-54c1-b11d-c3f2df929c56,K0150000009f,2119,"고등어, 구운것","고등어,구운것",고등어,고등어,어패류 및 그 제품,구운것,JAPAN('20),10.4,INGREDIENT,1,0,,9,QUALIFIED,[],"[""fiber_g""]",264,0.4,25.2,22.4,0,120,10,1.6,370,34,0
a1aea501-6106-528f-b3fa-6badafed5450,K0150000004a,2120,"고등어, 반건조","고등어,반건조",고등어,고등어,어패류 및 그 제품,반건조,JAPAN('20),10.4,INGREDIENT,1,0,,9,QUALIFIED,[],"[""fiber_g""]",303,0.2,18.7,28.5,0,680,25,2,300,9,0
a6a839ea-d635-56c5-a1c1-01817705534e,K015000112Ka,2121,"고등어, 자반고등어","고등어,자반고등어",고등어,고등어,어패류 및 그 제품,,농진청('16),10.4,INGREDIENT,1,0,,9,MEASURED,[],[],258,6.36,18.99,16.14,0,340,31,1.09,292,5,5.73
7719c668-5480-5651-a4f4-8a217deede58,K015000000Ra,2122,"고등어, 통조림","고등어,통조림",고등어,고등어,어패류 및 그 제품,통조림,농진청('19),10.4,INGREDIENT,1,0,,9,MEASURED,[],[],103,0,15.6,4.46,0,305,124,0.71,284,20,0
5c12fb44-b39c-5f09-980d-8e2be60bc546,K015000251Ra,2123,"고등어, 통조림, 고형물","고등어,통조림,고형물",고등어,고등어,어패류 및 그 제품,,농진청('19),10.4,INGREDIENT,1,0,,9,MEASURED,[],[],161,0.64,23.47,7.14,0,249,366,1.43,249,12,0
e2de50de-58fd-5153-bb8d-a3b6f8e9ab36,K0160000000a,2124,"괴도라치, 생것","괴도라치,생것",괴도라치,괴도라치,어패류 및 그 제품,생것,수('09),10.4,INGREDIENT,1,1,GENERIC_RAW,1,PARTIAL,[],[],74,,17.2,0.1,0,,84,0.6,,14,1
b156b22f-6bb5-5c35-8c60-0a57dd9424c2,K0170000000a,2125,"군평선이, 생것","군평선이,생것",군평선이,군평선이,어패류 및 그 제품,생것,수('09),10.4,INGREDIENT,1,1,GENERIC_RAW,1,PARTIAL,[],[],103,0.2,18.5,2.6,,,50,1.1,,21,1
cce62df1-e5a9-510e-a24d-ea1a1458afab,K0180000000a,2126,"기름종개, 생것","기름종개,생것",기름종개,기름종개,어패류 및 그 제품,생것,수('09),10.4,INGREDIENT,1,1,GENERIC_RAW,1,PARTIAL,[],[],107,0.5,17.5,3.3,,,672,2.7,,219,2
1e94e70e-c976-568c-b29b-21632032b6fe,K0190000000a,2127,"까나리, 생것","까나리,생것",까나리,까나리,어패류 및 그 제품,생것,수('09),10.4,INGREDIENT,1,1,GENERIC_RAW,3,MEASURED,[],[],114,0.3,16,4.8,0,120,338,13.3,310,75,1
801486f9-8e56-5107-9688-fdd0240a2274,K0190000003a,2128,"까나리, 삶아서 말린것","까나리,삶아서 말린것",까나리,까나리,어패류 및 그 제품,,JAPAN('20),10.4,INGREDIENT,1,0,,3,QUALIFIED,[],"[""fiber_g""]",218,1.5,43.1,6.1,0,2800,740,6.6,810,10,0
f0c062cd-5333-5100-99b9-8b5d68b40517,K019001000Ia,2129,"까나리, 액젓","까나리,액젓",까나리,까나리,어패류 및 그 제품,,농진청('19),10.4,INGREDIENT,1,0,,3,MEASURED,[],[],30,0.27,7.16,0.01,0,8783,13,0.19,209,0,0
b7a22b7e-97f2-5cc3-89a3-75ad28f48a67,K0200000000a,2130,"꺽저기, 생것","꺽저기,생것",꺽저기,꺽저기,어패류 및 그 제품,생것,수('09),10.4,INGREDIENT,1,1,GENERIC_RAW,1,PARTIAL,[],[],92,0.1,19.5,1,0,,18,1.1,,8,1
a7b97477-5844-5f84-8d3c-db6d420df8da,K0210000000a,2131,"꼬치고기, 생것","꼬치고기,생것",꼬치고기,꼬치고기,어패류 및 그 제품,생것,수('09),10.4,INGREDIENT,1,1,GENERIC_RAW,1,PARTIAL,[],[],97,0.7,20.5,0.8,0,,17,0.9,,5,1
b0e96182-0b25-5403-9690-658c16e1542e,K0220000000a,2132,"꼼치, 생것","꼼치,생것",꼼치,꼼치,어패류 및 그 제품,생것,수('09),10.4,INGREDIENT,1,1,GENERIC_RAW,1,PARTIAL,[],[],70,0,16.4,0.1,,,11,0.5,,,
08f697df-0972-5b2a-add2-847ed37186ee,K0230000000a,2133,"꽁치, 생것","꽁치,생것",꽁치,꽁치,어패류 및 그 제품,생것,수('09),10.4,INGREDIENT,1,1,GENERIC_RAW,6,PARTIAL,[],[],142,0.4,22.7,4.7,,80,42,1.7,150,21,1
ad3801f1-2314-5971-918f-432311788f9c,K0230000009f,2134,"꽁치, 구운것","꽁치,구운것",꽁치,꽁치,어패류 및 그 제품,구운것,JAPAN('20),10.4,INGREDIENT,1,0,,6,QUALIFIED,[],"[""fiber_g""]",281,0.2,23.3,22.8,0,130,37,1.7,260,11,0
d03b3e97-c01d-5dce-ab46-bce4e0df9c7d,K023000000Ya,2135,"꽁치(과메기), 동건품","꽁치(과메기),동건품",꽁치(과메기),꽁치과메기,어패류 및 그 제품,,수('18),10.4,INGREDIENT,1,1,LOWEST_COMPLEXITY_VARIANT,1,PARTIAL,[],[],421,0.9,32.1,29.9,,,90,2.7,,,
2d85c75a-77d4-5390-b76f-8779f8bad9e7,K023000000Ka,2136,"꽁치, 염장","꽁치,염장",꽁치,꽁치,어패류 및 그 제품,염장,수('82),10.4,INGREDIENT,1,0,,6,PARTIAL,[],[],178,0.2,20.1,9.8,,4300,26,8,190,0,0
2a54d35f-57d0-595b-b79f-f78caef4a1d1,K023000000Ra,2137,"꽁치, 통조림","꽁치,통조림",꽁치,꽁치,어패류 및 그 제품,통조림,농진청('19),10.4,INGREDIENT,1,0,,6,MEASURED,[],[],113,0,13.12,6.76,0,262,125,0.62,174,9,0
f1893b84-a08e-5b73-8032-d7650da9762e,K023000251Ra,2138,"꽁치, 통조림, 고형물","꽁치,통조림,고형물",꽁치,꽁치,어패류 및 그 제품,,농진청('19),10.4,INGREDIENT,1,0,,6,MEASURED,[],[],188,2.64,20.31,10.67,0,229,342,1.44,153,12,0
801ee9d5-f2c3-54a5-9f5c-c2abc637d118,K023000000Ta,2139,"꽁치, 통조림, 조미","꽁치,통조림,조미",꽁치,꽁치,어패류 및 그 제품,조미,수('82),10.4,INGREDIENT,1,0,,6,PARTIAL,[],[],178,2.4,19,10.3,,500,286,8,150,2,0
cfb78e92-bd54-56a0-a221-ab9abf4f0272,K0240000000a,2140,"날치, 생것","날치,생것",날치,날치,어패류 및 그 제품,생것,수('09),10.4,INGREDIENT,1,1,GENERIC_RAW,3,PARTIAL,[],[],99,0.1,22.2,0.5,0,,20,0.9,,5,0
992cb681-f12d-5830-bf15-bde9b1b91def,K024000000Ka,2141,"날치, 염장","날치,염장",날치,날치,어패류 및 그 제품,염장,수('82),10.4,INGREDIENT,1,0,,3,PARTIAL,[],[],124,,26.4,1.3,,4,0,240,,,
60ad25bd-d53b-5ce3-8e39-632f28c985f1,K025000D590a,2142,"날치, 알, 생것","날치,알,생것",날치,날치,어패류 및 그 제품,생것,식약('96),10.4,INGREDIENT,1,0,,3,PARTIAL,[],[],94,8.3,10.2,2.2,,1305,14,1.2,29,0,1
f047f09a-ec55-54de-a703-2ee23453e9b5,K0260000000a,2143,"납지리, 생것","납지리,생것",납지리,납지리,어패류 및 그 제품,생것,수('09),10.4,INGREDIENT,1,1,GENERIC_RAW,1,PARTIAL,[],[],86,0.1,17.5,1.2,,,51,1.2,,6,2
b47eef00-b486-516e-a64c-d9bce90c82fe,K0270000000a,2144,"넙치(광어), 생것","넙치(광어),생것",넙치(광어),넙치광어,어패류 및 그 제품,생것,수('16),10.4,INGREDIENT,1,1,GENERIC_RAW,2,PARTIAL,[],[],125,0,22.36,3.28,0,49,61,0.45,465,,
5af1a564-e7b1-5a5a-b199-bcb6462861f2,K028000B050a,2145,"넙치(광어), 껍질, 생것","넙치(광어),껍질,생것",넙치(광어),넙치광어,어패류 및 그 제품,생것,수('82),10.4,INGREDIENT,1,0,,2,PARTIAL,[],[],168,0,29.3,4.7,,,15,7.7,,,
52b13c0c-5b8d-5c26-a986-f093f9c8a2ee,K0290000000a,2146,"네동가리, 생것","네동가리,생것",네동가리,네동가리,어패류 및 그 제품,생것,수('09),10.4,INGREDIENT,1,1,GENERIC_RAW,1,PARTIAL,[],[],82,0.1,19.2,0.1,0,,40,0.6,,6,0
ed6328c3-018a-53dd-acee-70b1730cb2ea,K0300000000a,2147,"노랑촉수, 생것","노랑촉수,생것",노랑촉수,노랑촉수,어패류 및 그 제품,생것,국('77),10.4,INGREDIENT,1,1,GENERIC_RAW,1,PARTIAL,[],[],248,8.3,7.1,19.5,,,65,1.4,,0,0
2741c973-e856-5bc1-80bf-d7dbf02fd324,K0310000000a,2148,"노래미, 생것","노래미,생것",노래미,노래미,어패류 및 그 제품,생것,수('09),10.4,INGREDIENT,1,1,GENERIC_RAW,3,PARTIAL,[],[],89,0.8,17.5,1.3,0,,42,2.9,,8,1
2c885781-ad0e-5ba1-a1a1-5058e02e9a7b,K0310010000a,2149,"노래미, 줄노래미, 생것","노래미,줄노래미,생것",노래미,노래미,어패류 및 그 제품,생것,수('09),10.4,INGREDIENT,1,0,,3,PARTIAL,"[""vitamin_c_mg""]",[],85,0,17.5,1.2,,,67,1.8,,9,0
08afabc3-d773-57a2-a696-5649d3d1908b,K0310020000a,2150,"노래미, 쥐노래미, 생것","노래미,쥐노래미,생것",노래미,노래미,어패류 및 그 제품,생것,수('09),10.4,INGREDIENT,1,0,,3,PARTIAL,[],[],119,0.5,21,3,0,,26,0.3,,6,1
f1edfb7f-a420-5ba9-b27f-78e198994ac7,K0320000000a,2151,"놀래기, 생것","놀래기,생것",놀래기,놀래기,어패류 및 그 제품,생것,수('09),10.4,INGREDIENT,1,1,GENERIC_RAW,4,PARTIAL,[],[],107,0,19.2,2.8,,,34,1.1,,14,0
195b3f52-0133-5567-8d11-b7cee0419db0,K0320010000a,2152,"놀래기, 사랑놀래기, 생것","놀래기,사랑놀래기,생것",놀래기,놀래기,어패류 및 그 제품,생것,수('09),10.4,INGREDIENT,1,0,,4,PARTIAL,"[""vitamin_c_mg""]",[],104,0,20.3,1.9,,,35,1.5,,8,0
e7416a91-77d9-5a36-829c-1bbfc7faa0ac,K0320020000a,2153,"놀래기, 용치놀래기, 생것","놀래기,용치놀래기,생것",놀래기,놀래기,어패류 및 그 제품,생것,수('09),10.4,INGREDIENT,1,0,,4,PARTIAL,[],[],85,0.4,19.3,0.2,0,,37,2.6,,8,1
7f01d8a0-4d1f-5391-a7f5-3835a74dcb13,K0320030000a,2154,"놀래기, 황놀래기, 생것","놀래기,황놀래기,생것",놀래기,놀래기,어패류 및 그 제품,생것,수('09),10.4,INGREDIENT,1,0,,4,PARTIAL,[],[],98,0.1,18.9,1.9,,,34,1.1,,3,1
2af3d953-a5ea-51c9-82d6-94d80c2c2db6,K0330000000a,2155,"농어, 생것","농어,생것",농어,농어,어패류 및 그 제품,생것,수('95),10.4,INGREDIENT,1,1,GENERIC_RAW,3,PARTIAL,[],[],96,0.2,18.2,1.9,,108,58,1.5,390,36,1
0afdad4d-a1fc-57a0-b3f8-5722c1cdf149,K0330000009f,2156,"농어, 구운것","농어,구운것",농어,농어,어패류 및 그 제품,구운것,USDA('18),10.4,INGREDIENT,1,0,,3,MEASURED,[],[],124,0,23.63,2.56,0,87,13,0.37,328,64,0
f7a99b46-9696-583d-8508-272902be24ad,K0330010000a,2157,"농어, 점농어, 생것","농어,점농어,생것",농어,농어,어패류 및 그 제품,생것,수('09),10.4,INGREDIENT,1,0,,3,PARTIAL,[],[],129,0.4,18.5,5.2,,,69,0.7,,,
68f9ea86-8bd0-5dea-a91c-5dbabfc88072,K0340000000a,2158,"누치, 생것","누치,생것",누치,누치,어패류 및 그 제품,생것,수('09),10.4,INGREDIENT,1,1,GENERIC_RAW,1,PARTIAL,[],[],105,0.8,17.3,3,,,29,1,,14,2
c63e6fe1-c7e1-5b7e-aac1-7d958374454c,K0350000000a,2159,"눈볼대, 생것","눈볼대,생것",눈볼대,눈볼대,어패류 및 그 제품,생것,수('09),10.4,INGREDIENT,1,1,GENERIC_RAW,1,PARTIAL,[],[],144,0,22.3,5.3,0,,29,0.3,,24,1
b0074e08-80ef-5f1b-9b4c-25499f654bd8,K0360000000a,2160,"눈퉁멸, 생것","눈퉁멸,생것",눈퉁멸,눈퉁멸,어패류 및 그 제품,생것,수('09),10.4,INGREDIENT,1,1,GENERIC_RAW,2,PARTIAL,[],[],138,0.4,18.5,6.2,,,55,1.5,,84,1
b1fa59be-df76-58ce-9553-659160659830,K036000D561a,2161,"눈퉁멸, 포, 말린것","눈퉁멸,포,말린것",눈퉁멸,눈퉁멸,어패류 및 그 제품,말린것,수('82),10.4,INGREDIENT,1,0,,2,PARTIAL,[],[],344,11.1,58.6,5.4,,,108,29.4,,,
869acaaf-4c3f-5925-b01b-fd8c5ec68fd0,K0370000000a,2162,"능성어, 생것","능성어,생것",능성어,능성어,어패류 및 그 제품,생것,수('09),10.4,INGREDIENT,1,1,GENERIC_RAW,1,PARTIAL,[],[],93,0.3,18.8,1.3,,,29,1,,6,1
0cb12dac-7cf6-50c2-a675-0855c11b7312,K0380000000a,2163,"다금바리, 생것","다금바리,생것",다금바리,다금바리,어패류 및 그 제품,생것,수('09),10.4,INGREDIENT,1,1,GENERIC_RAW,1,PARTIAL,[],[],100,0.1,19.3,1.9,,102,68,1.4,363,17,1
ceb05039-6392-5099-9468-62c0cce024eb,K0010000000a,2164,"다랑어, 가다랑어, 생것","다랑어,가다랑어,생것",다랑어,다랑어,어패류 및 그 제품,생것,수('09),10.4,INGREDIENT,1,0,,10,PARTIAL,[],[],127,0.3,25.9,1.8,,44,15,1.8,410,12,1
bd9d7786-db4b-523f-befe-90b539fd468c,K0020000009a,2165,"다랑어, 가다랑어 육수","다랑어,가다랑어 육수",다랑어,다랑어,어패류 및 그 제품,,농진청('22),10.4,INGREDIENT,1,0,,10,MEASURED,[],[],4,0.81,0.14,0,0,416,1,0,8,0,0
a8b3a9fe-ccff-5f4b-8ee9-afb23fbeed56,K001000000Sa,2166,"다랑어, 가다랑어, 통조림, 유지","다랑어,가다랑어,통조림,유지",다랑어,다랑어,어패류 및 그 제품,,농진청('16),10.4,INGREDIENT,1,0,,10,MEASURED,[],[],185,0,22.31,10.6,0,157,8,0.9,247,4,0.34
9045a10c-c4c6-5e79-9ea7-5c4bd09a9e90,K0390010000a,2167,"다랑어, 참다랑어, 생것","다랑어,참다랑어,생것",다랑어,다랑어,어패류 및 그 제품,생것,수('16),10.4,INGREDIENT,1,0,,10,PARTIAL,[],[],177,0,23.99,8.09,0,62,27,1.98,332,,0
e115a52d-3ae1-5256-9631-3233a7b80233,K0390010940a,2168,"다랑어, 참다랑어, 붉은살, 생것","다랑어,참다랑어,붉은살,생것",다랑어,다랑어,어패류 및 그 제품,생것,JAPAN('20),10.4,INGREDIENT,1,1,NUTRITION_MEDOID_RAW,10,QUALIFIED,[],"[""fiber_g""]",115,0.1,26.4,1.4,0,49,5,1.1,380,83,2
7cc102f5-8f10-5e48-8d40-6d75d70c552d,K039001D310a,2169,"다랑어, 참다랑어, 지방육, 생것","다랑어,참다랑어,지방육,생것",다랑어,다랑어,어패류 및 그 제품,생것,JAPAN('20),10.4,INGREDIENT,1,0,,10,QUALIFIED,[],"[""fiber_g""]",308,0.1,20.1,27.5,0,71,7,1.6,230,270,4
df1dd43c-2062-578d-be32-e0ef7aaa36c6,K0390010009f,2170,"다랑어, 참다랑어, 구운것","다랑어,참다랑어,구운것",다랑어,다랑어,어패류 및 그 제품,구운것,USDA('18),10.4,INGREDIENT,1,0,,10,MEASURED,[],[],184,0,29.91,6.28,0,50,10,1.31,323,757,0
cf4fb3ef-3c99-5132-82ee-0f04e1825585,K0390010007a,2171,"다랑어, 참다랑어, 냉동","다랑어,참다랑어,냉동",다랑어,다랑어,어패류 및 그 제품,냉동,식약('96),10.4,INGREDIENT,1,0,,10,PARTIAL,[],[],113,0.1,24.5,1,,40,8,1.5,359,5,1
edb796d9-e9ac-5145-b1d9-0349de846902,K0400000009a,2172,참다랑어 샐러드,참다랑어 샐러드,참다랑어 샐러드,참다랑어샐러드,어패류 및 그 제품,,USDA('18),10.4,INGREDIENT,1,1,EXACT_BASE_NAME,1,MEASURED,[],[],187,9.41,16.04,9.26,0,402,17,1,178,22,2.2
fb9e2fcd-5644-53c6-b926-ca9b0cb86a85,K0390020000a,2173,"다랑어, 황다랑어, 생것","다랑어,황다랑어,생것",다랑어,다랑어,어패류 및 그 제품,생것,수('09),10.4,INGREDIENT,1,0,,10,PARTIAL,[],[],114,0.2,23.9,1.3,,,19,1.6,,9,2
65c259a8-3bb4-539b-a89a-bcf546ea21b0,K0420000000a,2174,"달강어, 생것","달강어,생것",달강어,달강어,어패류 및 그 제품,생것,수('09),10.4,INGREDIENT,1,1,GENERIC_RAW,1,PARTIAL,[],[],121,0.1,19.7,4,0,,46,0.4,,6,1
7abe46e2-859d-5e86-9bbd-816d03221f29,K0430000000a,2175,"달고기, 생것","달고기,생것",달고기,달고기,어패류 및 그 제품,생것,수('09),10.4,INGREDIENT,1,1,GENERIC_RAW,1,PARTIAL,[],[],97,0.7,19.1,1.4,0,,14,0.6,,6,1
87baba08-85a6-58fd-9920-a6ed46d6f79e,K0440000000a,2176,"대구, 생것","대구,생것",대구,대구,어패류 및 그 제품,생것,수('09),10.4,INGREDIENT,1,1,GENERIC_RAW,15,PARTIAL,[],[],86,0.3,19.5,0.3,0,,35,0.4,,23,1
a68828ad-d025-52e4-9bc7-1a8a89a05ce2,K0440002570a,2177,"대구, 수컷, 생것","대구,수컷,생것",대구,대구,어패류 및 그 제품,생것,수('16),10.4,INGREDIENT,1,0,,15,PARTIAL,[],[],81,0,18.2,0.43,0,97,33,1.17,403,,0
d31a387d-4eb4-58cb-b18d-87152e3d77ab,K0440002580a,2178,"대구, 암컷, 생것","대구,암컷,생것",대구,대구,어패류 및 그 제품,생것,수('16),10.4,INGREDIENT,1,0,,15,PARTIAL,[],[],68,0,15.42,0.32,0,112,29,0.72,357,,0
7524047f-c682-5289-8800-deaa7e34920f,K0440000009f,2179,"대구, 구운것","대구,구운것",대구,대구,어패류 및 그 제품,구운것,JAPAN('20),10.4,INGREDIENT,1,0,,15,QUALIFIED,"[""vitamin_c_mg""]","[""fiber_g""]",103,0.2,25.2,0.2,0,140,48,0.4,480,9,0
6382a30b-67f4-5d5d-a5b7-5697668e0772,K0440000001a,2180,"대구, 말린것","대구,말린것",대구,대구,어패류 및 그 제품,말린것,수('82),10.4,INGREDIENT,1,0,,15,PARTIAL,[],[],256,0.3,56,2,,500,26,2.6,930,0,0
c4012760-4e8f-5b21-91e3-ceae988597bf,K0440000007a,2181,"대구, 냉동","대구,냉동",대구,대구,어패류 및 그 제품,냉동,식약('96),10.4,INGREDIENT,1,0,,15,PARTIAL,[],[],81,0.1,18,0.5,,162,23,0.2,222,6,0
0497abcf-46c3-5f56-9477-118e13636993,K044000000Ca,2182,"대구, 소금에 절여 반건조","대구,소금에 절여 반건조",대구,대구,어패류 및 그 제품,,식약('96),10.4,INGREDIENT,1,0,,15,PARTIAL,[],[],201,0,45.1,1.1,,2792,269,1.8,591,0,0
191c17aa-7454-5c30-8eaa-fdfe9c5b0886,K044000000Ka,2183,"대구, 염장","대구,염장",대구,대구,어패류 및 그 제품,염장,수('82),10.4,INGREDIENT,1,0,,15,PARTIAL,[],[],91,0.1,20,0.7,,,21,0.4,,0,0
f5cc465c-be85-5e0a-bdad-dc9fad78f06a,K044000D561a,2184,"대구, 포, 말린것","대구,포,말린것",대구,대구,어패류 및 그 제품,말린것,수('09),10.4,INGREDIENT,1,0,,15,PARTIAL,[],[],312,1.8,65.4,3,,967,184,2.6,940,0,0
915f075f-b128-5407-8778-73aa0465e8fa,K0460000007a,2185,"대구 튀김, 냉동","대구 튀김,냉동",대구 튀김,대구튀김,어패류 및 그 제품,냉동,수('82),10.4,INGREDIENT,1,1,LOWEST_COMPLEXITY_VARIANT,1,PARTIAL,[],[],106,11.1,13.7,0.8,,221,5,0.6,110,0,1
48d6afb5-ed48-5f6b-bfb7-030067d8314e,K045000D370a,2186,"대구, 내장, 생것","대구,내장,생것",대구,대구,어패류 및 그 제품,생것,식약('96),10.4,INGREDIENT,1,0,,15,PARTIAL,[],[],85,0.1,15,2.3,,194,26,7.3,331,26,1
241a2b21-7914-5a68-9e47-35af3a3fedc1,K045000D590a,2187,"대구, 알, 생것","대구,알,생것",대구,대구,어패류 및 그 제품,생것,수('09),10.4,INGREDIENT,1,0,,15,PARTIAL,[],[],109,0.2,23.4,1.6,0,,10,1,,126,
034f8333-4db8-5090-85aa-1288cb26c22e,K047000000Ia,2188,"대구, 젓갈","대구,젓갈",대구,대구,어패류 및 그 제품,,수('82),10.4,INGREDIENT,1,0,,15,PARTIAL,[],[],62,0,14.7,0.4,,2562,15,4.9,243,,
f160c340-204b-5ce9-a7db-106336b6a42f,K047001000Ia,2189,"대구, 아가미, 젓갈","대구,아가미,젓갈",대구,대구,어패류 및 그 제품,,식약('96),10.4,INGREDIENT,1,0,,15,PARTIAL,[],[],72,0.6,14.4,1.3,,7439,28,0.8,184,9,1
186b17e1-5c77-5b53-aea1-857531d84ded,K0440010000a,2190,"대구, 빨간대구, 생것","대구,빨간대구,생것",대구,대구,어패류 및 그 제품,생것,수('82),10.4,INGREDIENT,1,0,,15,PARTIAL,[],[],97,0.7,12.6,4.3,,,134,4,,15,0
f2a87572-dc49-56f8-9b1c-0d06d6c7b27a,K0440020000a,2191,"대구, 은대구, 생것","대구,은대구,생것",대구,대구,어패류 및 그 제품,생것,수('82),10.4,INGREDIENT,1,0,,15,PARTIAL,[],[],130,0,13.1,7.9,,128,105,2.2,268,,
2fae7be5-5973-5933-b155-1aad093a8b79,K0480000000a,2192,"대구횟대, 생것","대구횟대,생것",대구횟대,대구횟대,어패류 및 그 제품,생것,수('09),10.4,INGREDIENT,1,1,GENERIC_RAW,1,PARTIAL,[],[],93,0.5,19.5,0.9,,,92,2.5,,,
a67a544c-2d86-5787-a85a-6bc3c9eff1c0,K0490000000a,2193,"대두어(흑연), 생것","대두어(흑연),생것",대두어(흑연),대두어흑연,어패류 및 그 제품,생것,수('09),10.4,INGREDIENT,1,1,GENERIC_RAW,1,PARTIAL,[],[],96,0.5,17.5,2.1,,,47,1.2,,11,1
9b61856a-b7a3-56c5-84d5-6e3a26447622,K0500000000a,2194,"도다리, 생것","도다리,생것",도다리,도다리,어패류 및 그 제품,생것,수('09),10.4,INGREDIENT,1,1,GENERIC_RAW,1,PARTIAL,[],[],78,0.5,17.6,0.2,0,,22,1.1,,21,1
d8271bff-ca0a-5ee1-86c4-fece94a7e0c8,K0510000000a,2195,"도도바리, 생것","도도바리,생것",도도바리,도도바리,어패류 및 그 제품,생것,수('09),10.4,INGREDIENT,1,1,GENERIC_RAW,1,PARTIAL,[],[],95,0.5,19.4,1.2,,,66,0.9,,,
859b0527-46de-5c5a-8955-9b004e4b61ca,K0520000000a,2196,"도루묵, 생것","도루묵,생것",도루묵,도루묵,어패류 및 그 제품,생것,수('09),10.4,INGREDIENT,1,1,GENERIC_RAW,2,PARTIAL,[],[],113,0.5,16,4.6,,,18,0.4,,24,0
97cf1f47-df92-5aa7-86c4-156f5a09ecbd,K052000000Aa,2197,"도루묵, 소금에 절여 말린것","도루묵,소금에 절여 말린것",도루묵,도루묵,어패류 및 그 제품,,수('82),10.4,INGREDIENT,1,0,,2,PARTIAL,[],[],282,0.2,44.8,9.8,,1200,25,20,220,,
06740428-ea47-53c2-ba75-4241c1abfc1d,K0530000000a,2198,"도치, 생것","도치,생것",도치,도치,어패류 및 그 제품,생것,국('85),10.4,INGREDIENT,1,1,GENERIC_RAW,1,PARTIAL,[],[],62,0.9,7.2,3,,,101,1.2,,0,0
6254ed46-54bb-5876-bbb2-e634ab6ba763,K0540000000a,2199,"독가시치, 생것","독가시치,생것",독가시치,독가시치,어패류 및 그 제품,생것,수('09),10.4,INGREDIENT,1,1,GENERIC_RAW,1,PARTIAL,"[""vitamin_c_mg""]",[],97,0,20.3,1.2,,,34,1.2,,6,0
c61ca934-c7ce-522c-a9ed-83f01157a592,K0550010000a,2200,"돔, 각시돔, 생것","돔,각시돔,생것",돔,돔,어패류 및 그 제품,생것,수('09),10.4,INGREDIENT,1,0,,31,PARTIAL,"[""vitamin_c_mg""]",[],90,0,20.1,0.6,,,46,1.5,,6,0
fa82a4bb-2c11-5165-adae-31daef1f5e80,K0550020000a,2201,"돔, 감성돔, 생것","돔,감성돔,생것",돔,돔,어패류 및 그 제품,생것,수('95),10.4,INGREDIENT,1,0,,31,PARTIAL,[],[],101,0.1,18.8,2.3,0,,24,1.2,,18,1
6edb2250-9e79-5746-91a5-b43164c00c64,K0550030000a,2202,"돔, 강담돔, 생것","돔,강담돔,생것",돔,돔,어패류 및 그 제품,생것,수('09),10.4,INGREDIENT,1,0,,31,PARTIAL,[],[],93,0,18.9,1.4,,,35,0.7,,17,1
512f057a-605e-52b8-93cb-69c4bbaedfcd,K0550040000a,2203,"돔, 구갈돔, 생것","돔,구갈돔,생것",돔,돔,어패류 및 그 제품,생것,수('09),10.4,INGREDIENT,1,0,,31,PARTIAL,[],[],89,0,20.4,0.3,,,52,1,,6,1
3fc96109-d7f3-5c10-b236-6bd839b5a93c,K0550050000a,2204,"돔, 금눈돔, 생것","돔,금눈돔,생것",돔,돔,어패류 및 그 제품,생것,수('82),10.4,INGREDIENT,1,0,,31,PARTIAL,[],[],122,0.3,18.5,4.5,,,13,2,,15,
676f5710-1a9c-51c7-afb7-c3db304ef182,K0550060000a,2205,"돔, 꼽새돔, 생것","돔,꼽새돔,생것",돔,돔,어패류 및 그 제품,생것,수('09),10.4,INGREDIENT,1,0,,31,PARTIAL,[],[],102,0.1,19,2.3,,,37,1.3,,18,1
00d4a41c-b448-59c4-9699-08e9e8b2c91c,K0550070000a,2206,"돔, 도화돔, 생것","돔,도화돔,생것",돔,돔,어패류 및 그 제품,생것,수('09),10.4,INGREDIENT,1,0,,31,PARTIAL,[],[],130,0,21.3,4.3,,,40,1.2,,14,1
95d634c0-594c-5d9e-864e-acdf57ed8563,K0550080000a,2207,"돔, 독돔, 생것","돔,독돔,생것",돔,돔,어패류 및 그 제품,생것,수('09),10.4,INGREDIENT,1,0,,31,PARTIAL,[],[],97,0.2,20.8,0.9,,,51,1.4,,11,1
dc972863-ff56-5946-b3e4-453274b99fa6,K0550090000a,2208,"돔, 돌돔, 생것","돔,돌돔,생것",돔,돔,어패류 및 그 제품,생것,수('09),10.4,INGREDIENT,1,0,,31,PARTIAL,[],[],86,0.4,17.8,1,0,,57,0.6,,12,1
6b55fefc-09df-5ec1-bd81-c2e5c25ec282,K0550100000a,2209,"돔, 백미돔, 생것","돔,백미돔,생것",돔,돔,어패류 및 그 제품,생것,수('09),10.4,INGREDIENT,1,0,,31,PARTIAL,"[""vitamin_c_mg""]",[],102,0.4,21,1.2,,,56,1.1,,12,0
12889931-27b6-5f83-af9c-de0508bef0ca,K0550110000a,2210,"돔, 범돔, 생것","돔,범돔,생것",돔,돔,어패류 및 그 제품,생것,수('09),10.4,INGREDIENT,1,0,,31,PARTIAL,[],[],94,0.4,19.5,1.1,,,55,0.9,,12,1
7894e52a-5b91-52ee-8172-5c7a42963a96,K0550120000a,2211,"돔, 벵에돔, 생것","돔,벵에돔,생것",돔,돔,어패류 및 그 제품,생것,수('09),10.4,INGREDIENT,1,0,,31,PARTIAL,[],[],98,0,20.2,1.4,,,42,1.1,,6,1
2e276e73-0564-522e-9387-383f2c3573c8,K0550130000a,2212,"돔, 뿔돔, 생것","돔,뿔돔,생것",돔,돔,어패류 및 그 제품,생것,수('09),10.4,INGREDIENT,1,0,,31,PARTIAL,[],[],97,0,18,2.2,,,49,1.1,,12,1
0ea9225e-4156-59a0-82cb-299bbc0be481,K0550140000a,2213,"돔, 샛돔, 생것","돔,샛돔,생것",돔,돔,어패류 및 그 제품,생것,수('09),10.4,INGREDIENT,1,0,,31,PARTIAL,[],[],121,0.2,16.3,5.5,0,,15,0.6,,42,1
866360df-9107-5f14-9095-25c6fcec8754,K0550160000a,2214,"돔, 실꼬리돔, 생것","돔,실꼬리돔,생것",돔,돔,어패류 및 그 제품,생것,수('09),10.4,INGREDIENT,1,0,,31,PARTIAL,[],[],107,0.1,19.8,2.5,,,44,0.7,,20,1
6fa1f3bd-afca-568e-8236-d326e19eeaee,K0550170000a,2215,"돔, 실붉돔, 생것","돔,실붉돔,생것",돔,돔,어패류 및 그 제품,생것,수('82),10.4,INGREDIENT,1,0,,31,PARTIAL,[],[],101,0,17.8,2.7,,,81,9.1,,,
6e88468c-abb8-5cd0-b74a-5fea71dd0e31,K0550180000a,2216,"돔, 어름돔, 생것","돔,어름돔,생것",돔,돔,어패류 및 그 제품,생것,수('09),10.4,INGREDIENT,1,0,,31,PARTIAL,[],[],94,0,19.5,1.2,,,64,0.7,,11,1
316f38fe-c686-59cf-b112-f5eccb4063d6,K0550190000a,2217,"돔, 옥돔, 생것","돔,옥돔,생것",돔,돔,어패류 및 그 제품,생것,수('09),10.4,INGREDIENT,1,0,,31,PARTIAL,[],[],82,0.9,18.1,0.2,,,40,0.6,,33,1
034869cb-689a-5dde-bca2-f4fb3cda3f21,K0550190009b,2218,"돔, 옥돔, 삶은것","돔,옥돔,삶은것",돔,돔,어패류 및 그 제품,삶은것,JAPAN('20),10.4,INGREDIENT,1,0,,31,QUALIFIED,"[""carbohydrate_g""]","[""fiber_g""]",113,0,20.7,4,0,91,34,0.4,350,11,1
df0db35a-2188-5c13-bed9-8820ff0e8cae,K0550190009f,2219,"돔, 옥돔, 구운것","돔,옥돔,구운것",돔,돔,어패류 및 그 제품,구운것,JAPAN('20),10.4,INGREDIENT,1,0,,31,QUALIFIED,"[""carbohydrate_g"",""vitamin_c_mg""]","[""fiber_g""]",110,0,22.5,2.6,0,110,54,0.5,410,26,0
6418430c-5c2e-5bb3-9b1b-d676021c52c4,K0550190004a,2220,"돔, 옥돔, 반건조","돔,옥돔,반건조",돔,돔,어패류 및 그 제품,반건조,수('09),10.4,INGREDIENT,1,0,,31,PARTIAL,[],[],104,0,19.5,2.3,,,29,1,,12,0
94ebca33-a5c9-5871-82e6-fea8b601fe69,K0550200000a,2221,"돔, 육동가리돔, 생것","돔,육동가리돔,생것",돔,돔,어패류 및 그 제품,생것,수('09),10.4,INGREDIENT,1,0,,31,PARTIAL,"[""vitamin_c_mg""]",[],103,0,18.6,2.6,,,35,1.2,,21,0
cd6e0343-95cc-50c7-b962-ba2097c83af8,K0550210000a,2222,"돔, 자리돔, 생것","돔,자리돔,생것",돔,돔,어패류 및 그 제품,생것,수('09),10.4,INGREDIENT,1,0,,31,PARTIAL,[],[],88,0.4,19.5,0.4,0,,56,0.7,,21,1
36ea984d-bb5e-52f4-a461-0ee58c42aea8,K0550220000a,2223,"돔, 참돔, 생것","돔,참돔,생것",돔,돔,어패류 및 그 제품,생것,수('09),10.4,INGREDIENT,1,1,NUTRITION_MEDOID_RAW,31,PARTIAL,[],[],82,0.8,18.4,0.1,0,,33,0.5,,9,1
df258b43-c7d1-55f2-b2cd-8a5cc06d29cf,K0550220009b,2224,"돔, 참돔, 삶은것","돔,참돔,삶은것",돔,돔,어패류 및 그 제품,삶은것,JAPAN('20),10.4,INGREDIENT,1,0,,31,QUALIFIED,[],"[""fiber_g""]",182,0.1,22.2,11.9,0,50,20,0.2,440,10,2
e13fa0f9-0cfd-5449-8a03-c7a2f242a968,K0550220009f,2225,"돔, 참돔, 구운것","돔,참돔,구운것",돔,돔,어패류 및 그 제품,구운것,JAPAN('20),10.4,INGREDIENT,1,0,,31,QUALIFIED,[],"[""fiber_g""]",186,0.1,22.7,12,0,55,24,0.2,500,17,3
07f98c3c-961e-508e-923b-2bd712977b29,K056000B050a,2226,"돔, 참돔, 껍질, 생것","돔,참돔,껍질,생것",돔,돔,어패류 및 그 제품,생것,수('82),10.4,INGREDIENT,1,0,,31,PARTIAL,[],[],188,0,16.6,12.5,,,11,7,,,
4b71ed46-bac6-52ae-adc8-9f0a8d7db866,K0550230000a,2227,"돔, 호박돔, 생것","돔,호박돔,생것",돔,돔,어패류 및 그 제품,생것,수('09),10.4,INGREDIENT,1,0,,31,PARTIAL,[],[],90,0,20.3,0.5,,,68,0.7,,6,1
94751b67-4d43-5a30-b5b8-0336999a3ffc,K0550240000a,2228,"돔, 혹돔, 생것","돔,혹돔,생것",돔,돔,어패류 및 그 제품,생것,수('09),10.4,INGREDIENT,1,0,,31,PARTIAL,[],[],96,0.4,18.5,1.7,0,,18,0.3,,14,1
ed1c0ccb-1246-501f-8a0b-16535614e90a,K0550250000a,2229,"돔, 황돔, 생것","돔,황돔,생것",돔,돔,어패류 및 그 제품,생것,수('09),10.4,INGREDIENT,1,0,,31,PARTIAL,[],[],102,0.3,20.2,1.7,0,,51,0.5,,27,0
449265e4-846d-58ef-81a6-5b7d5df13d88,K0550260000a,2230,"돔, 황줄돔, 생것","돔,황줄돔,생것",돔,돔,어패류 및 그 제품,생것,수('09),10.4,INGREDIENT,1,0,,31,PARTIAL,[],[],97,0,19.3,1.6,,,38,1.2,,8,1
31bd11bf-bd1d-57d1-b219-878da17d63d2,K0570000000a,2231,"동사리, 생것","동사리,생것",동사리,동사리,어패류 및 그 제품,생것,수('09),10.4,INGREDIENT,1,1,GENERIC_RAW,1,PARTIAL,[],[],81,0,16.9,1,,,20,1,,5,1
43ac7260-ac75-579f-ac59-19cf5cb2c507,K0580000000a,2232,"동자개(빠가사리), 생것","동자개(빠가사리),생것",동자개(빠가사리),동자개빠가사리,어패류 및 그 제품,생것,수('18),10.4,INGREDIENT,1,1,GENERIC_RAW,1,PARTIAL,[],[],81,0,15.7,1.6,,,36,1.4,,5,1
c52d2242-1c82-5c4a-95bc-ef2cff720ba4,K0590000000a,2233,"둑중개, 생것","둑중개,생것",둑중개,둑중개,어패류 및 그 제품,생것,수('09),10.4,INGREDIENT,1,1,GENERIC_RAW,3,PARTIAL,[],[],104,0.2,15,4.2,,260,520,2.8,180,180,1
86643562-923b-585f-991b-c574100f4aad,K0590000009b,2234,"둑중개, 삶은것","둑중개,삶은것",둑중개,둑중개,어패류 및 그 제품,삶은것,JAPAN('20),10.4,INGREDIENT,1,0,,3,QUALIFIED,"[""vitamin_c_mg""]","[""fiber_g""]",108,0.2,15.8,5.8,0,90,630,2.6,210,290,0
6f68fd11-0706-5204-b331-e701ee91a4e7,K0590000009p,2235,"둑중개, 조린것","둑중개,조린것",둑중개,둑중개,어패류 및 그 제품,,JAPAN('20),10.4,INGREDIENT,1,0,,3,QUALIFIED,[],"[""fiber_g""]",293,33.8,29.4,5.5,0,1700,880,5.8,460,370,0
09b3167a-6fc9-5cbc-8fa5-ff0dd6ee4df4,K0600000000a,2236,"드렁허리, 생것","드렁허리,생것",드렁허리,드렁허리,어패류 및 그 제품,생것,수('09),10.4,INGREDIENT,1,1,GENERIC_RAW,1,PARTIAL,[],[],92,0,17.9,1.7,,,72,1.4,,240,1
f885d7b4-88dc-5c43-b4f9-9b817444c23c,K0610000000a,2237,"등가시치, 생것","등가시치,생것",등가시치,등가시치,어패류 및 그 제품,생것,수('09),10.4,INGREDIENT,1,1,GENERIC_RAW,1,PARTIAL,[],[],79,,18.5,0.1,0,,24,0.4,,11,1
7b0d956f-d411-526a-add7-b7fbe874f3f6,K0620000000a,2238,"만새기, 생것","만새기,생것",만새기,만새기,어패류 및 그 제품,생것,JAPAN('20),10.4,INGREDIENT,1,1,GENERIC_RAW,1,QUALIFIED,"[""carbohydrate_g""]","[""fiber_g""]",100,0,21.3,1.9,0,50,13,0.7,480,8,1
18f5278e-7a1a-5522-8ab7-e4a4ae05bdf4,K0630000000a,2239,"망둑어(풀망둑), 생것","망둑어(풀망둑),생것",망둑어(풀망둑),망둑어풀망둑,어패류 및 그 제품,생것,수('09),10.4,INGREDIENT,1,1,GENERIC_RAW,1,PARTIAL,[],[],77,0.3,16.4,0.7,,,12,0.9,,9,1
eb912f4e-1a7d-5889-ab40-25d3f07c6ee5,K0640000000a,2240,"매퉁이, 생것","매퉁이,생것",매퉁이,매퉁이,어패류 및 그 제품,생것,수('09),10.4,INGREDIENT,1,1,GENERIC_RAW,1,PARTIAL,[],[],93,0.1,20.8,0.5,0,,52,0.4,,5,1
fc110a29-83ec-574c-a508-4ab2b874801e,K0650000000a,2241,"메기, 생것","메기,생것",메기,메기,어패류 및 그 제품,생것,수('95),10.4,INGREDIENT,1,1,GENERIC_RAW,3,PARTIAL,[],[],114,0.1,15.1,5.3,,46,26,0.8,320,48,1
fe570e28-5235-59bd-a02b-c07a267933ed,K0650010000a,2242,"메기, 물메기, 생것","메기,물메기,생것",메기,메기,어패류 및 그 제품,생것,수('09),10.4,INGREDIENT,1,0,,3,PARTIAL,[],[],78,0.1,16.4,0.9,,,36,1,,0,0
6bb4be62-e688-5125-b8d4-e3c184ce58a0,K0650020000a,2243,"메기, 붉은메기, 생것","메기,붉은메기,생것",메기,메기,어패류 및 그 제품,생것,수('09),10.4,INGREDIENT,1,0,,3,PARTIAL,[],[],83,0,18.2,0.7,,,38,1,,3,1
b7ceee44-699b-5b3e-915d-007c20eec7bc,K0660000000a,2244,"멸치, 생것","멸치,생것",멸치,멸치,어패류 및 그 제품,생것,수('09),10.4,INGREDIENT,1,1,GENERIC_RAW,8,PARTIAL,[],[],127,0.3,17.7,5.4,0,,496,3.6,,38,1
9f380516-1b4b-5ca3-9df5-7d73d7b25209,K0660001143a,2245,"멸치, 대멸치, 삶아서 말린것","멸치,대멸치,삶아서 말린것",멸치,멸치,어패류 및 그 제품,,수('16),10.4,INGREDIENT,1,0,,8,PARTIAL,[],[],302,0,59.31,5.45,0,2180,2088,12.26,1045,,0
12dc00ae-c7d3-52fb-a562-daee79f90160,K0660001153a,2246,"멸치, 중멸치, 삶아서 말린것","멸치,중멸치,삶아서 말린것",멸치,멸치,어패류 및 그 제품,,농진청('16),10.4,INGREDIENT,1,0,,8,MEASURED,[],[],245,1.07,49.69,3.3,0,2377,2486,12,770,0,0
d1f07111-2896-57c5-9d4f-b5009bb34336,K0660001163a,2247,"멸치, 잔멸치, 삶아서 말린것","멸치,잔멸치,삶아서 말린것",멸치,멸치,어패류 및 그 제품,,농진청('16),10.4,INGREDIENT,1,0,,8,MEASURED,[],[],226,0.32,42.94,4.59,0,2646,620,0.91,531,0,0
d34990b5-eb47-5fee-812a-4e3212319fd2,K0670010009a,2248,"멸치 볶음, 멸치풋고추볶음","멸치 볶음,멸치풋고추볶음",멸치 볶음,멸치볶음,어패류 및 그 제품,,식약('11),10.4,INGREDIENT,1,1,LOWEST_COMPLEXITY_VARIANT,2,MEASURED,[],[],262,17,23.3,11.2,2.2,1378,561,35.5,407,37,0
f1dcc050-7b29-5d94-8d00-43ac721db0d6,K0670020009a,2249,"멸치 볶음, 잔멸치볶음","멸치 볶음,잔멸치볶음",멸치 볶음,멸치볶음,어패류 및 그 제품,,식약('11),10.4,INGREDIENT,1,0,,2,MEASURED,[],[],342,26.2,31,12.6,0.7,1896,628,36.1,372,66,0
3ea15a40-1cf7-597d-9005-7982c56ff76a,K0680000009a,2250,멸치 육수,멸치 육수,멸치 육수,멸치육수,어패류 및 그 제품,,농진청('19),10.4,INGREDIENT,1,1,EXACT_BASE_NAME,2,MEASURED,[],[],1,0.19,0.14,0.01,0,52,2,0.49,29,0,0
1dd9b691-c9b4-5b02-bbe7-e99657ed2a9f,K069001000Ia,2251,"멸치, 액젓","멸치,액젓",멸치,멸치,어패류 및 그 제품,,농진청('19),10.4,INGREDIENT,1,0,,8,MEASURED,[],[],31,1.13,6.53,0.02,0,8188,20,0.18,242,0,0
b9f52309-f611-54e0-8b3b-8d45349e9203,K069000000Ia,2252,"멸치, 젓갈","멸치,젓갈",멸치,멸치,어패류 및 그 제품,,수('18),10.4,INGREDIENT,1,0,,8,PARTIAL,[],[],118,0,14,6.3,,,874,5.6,,60,
5ec8b64c-5771-5d49-8545-f8ca4dae8385,K066000000Sa,2253,"멸치, 통조림, 유지","멸치,통조림,유지",멸치,멸치,어패류 및 그 제품,,수('95),10.4,INGREDIENT,1,0,,8,PARTIAL,[],[],170,0,9.7,14.6,,,,,,,
b56f27ee-0064-53dc-9ab5-3d020f6123ff,K0700000000a,2254,"명태, 생것","명태,생것",명태,명태,어패류 및 그 제품,생것,수('09),10.4,INGREDIENT,1,1,GENERIC_RAW,13,PARTIAL,[],[],80,0,17.5,0.7,,132,109,1.5,293,17,0
ee8a655a-bb66-53f8-b01e-3a11568ac397,K0700000009f,2255,"명태, 구운것","명태,구운것",명태,명태,어패류 및 그 제품,구운것,USDA('18),10.4,INGREDIENT,1,0,,13,MEASURED,[],[],111,0,23.48,1.18,0,419,72,0.56,430,17,0
f5d13f8e-243a-51a2-8497-2e9c31160efe,K0700001181a,2256,"명태, 노가리, 말린것","명태,노가리,말린것",명태,명태,어패류 및 그 제품,말린것,수('18),10.4,INGREDIENT,1,0,,13,PARTIAL,[],[],351,0.3,74.3,3.8,,,2066,2.9,,0,
925e3448-da7e-5454-a6bd-c9899efd993f,K0700001227a,2257,"명태, 동태, 냉동","명태,동태,냉동",명태,명태,어패류 및 그 제품,냉동,식약('96),10.4,INGREDIENT,1,0,,13,PARTIAL,[],[],72,0.1,15.9,0.5,,210,48,0.2,238,9,0
de5ab795-5c60-5297-88ce-0ac12be689d8,K070000D561a,2258,"명태, 먹태, 포, 말린것","명태,먹태,포,말린것",명태,명태,어패류 및 그 제품,말린것,수('09),10.4,INGREDIENT,1,0,,13,PARTIAL,[],[],372,0,82.7,2.4,,482,300,4.9,870,0,0
ce390ec8-2cd7-5735-8a6e-fbe2bd6f30d2,K0700001171a,2259,"명태, 북어, 말린것","명태,북어,말린것",명태,명태,어패류 및 그 제품,말린것,농진청('19),10.4,INGREDIENT,1,0,,13,MEASURED,[],[],339,0.32,73.18,3.09,0,464,281,1.25,1154,0,0
1ca32af4-e333-55c4-8093-03189daf49de,K0700001214a,2260,"명태, 코다리, 반건조","명태,코다리,반건조",명태,명태,어패류 및 그 제품,반건조,수('18),10.4,INGREDIENT,1,0,,13,PARTIAL,[],[],290,0,61.7,3.1,,,243,2.7,,0,0
926904f9-76ef-553f-be58-ff4445d8eb6f,K0700001214f,2261,"명태, 코다리, 반건조, 구운것","명태,코다리,반건조,구운것",명태,명태,어패류 및 그 제품,구운것,농진청('03),10.4,INGREDIENT,1,0,,13,PARTIAL,[],[],111,0,25.2,0.5,,132,53,2.8,283,0,0
f290b797-077e-5cdc-a076-a260821fbd4b,K0700001201a,2262,"명태, 황태, 포, 말린것","명태,황태,포,말린것",명태,명태,어패류 및 그 제품,말린것,농진청('10),10.4,INGREDIENT,1,0,,13,PARTIAL,[],[],349,2.8,79,0.4,,438,354,2.2,1068,0,0
7ce7fdf0-7ec2-5519-bb40-778ed6e4a4e8,K070000123Ba,2263,"명태, 포, 조미하여 말린것","명태,포,조미하여 말린것",명태,명태,어패류 및 그 제품,조미하여 말린것,수('09),10.4,INGREDIENT,1,0,,13,PARTIAL,[],[],306,29.2,43.9,1.5,0,,392,5.9,,,0
e4d5eeab-487b-563a-b14f-918c6e66baa7,K072002127Ia,2264,"명태, 내장, 양념젓갈(창난젓)","명태,내장,양념젓갈(창난젓)",명태,명태,어패류 및 그 제품,,농진청('19),10.4,INGREDIENT,1,0,,13,MEASURED,[],[],143,22.22,10.83,1.2,0,1940,36,0.89,200,98,13.4
b12cb3ba-b4c0-5981-b205-053607e4badd,K071000D590a,2265,"명태, 알, 생것","명태,알,생것",명태,명태,어패류 및 그 제품,생것,수('09),10.4,INGREDIENT,1,0,,13,PARTIAL,[],[],120,2.7,20.5,3,0,,28,1.2,,66,0
7292fb4b-275c-5e68-8106-f4fc066d733d,K072001127Ia,2266,"명태, 알, 양념젓갈(명란젓)","명태,알,양념젓갈(명란젓)",명태,명태,어패류 및 그 제품,,농진청('19),10.4,INGREDIENT,1,0,,13,MEASURED,[],[],135,4.52,22.38,3.01,0,2232,45,0.72,182,41,68.26
6e9d02ad-35c9-5dd3-b5cf-d20d1939f5af,K0730000000a,2267,"모래무지, 생것","모래무지,생것",모래무지,모래무지,어패류 및 그 제품,생것,수('09),10.4,INGREDIENT,1,1,GENERIC_RAW,1,PARTIAL,[],[],77,0,15.7,1.1,,,73,1.2,,6,1
0a649b06-ea71-55ec-b530-429326857a75,K0740000000a,2268,"몽치다래, 생것","몽치다래,생것",몽치다래,몽치다래,어패류 및 그 제품,생것,수('09),10.4,INGREDIENT,1,1,GENERIC_RAW,1,PARTIAL,[],[],159,0.5,24.1,5.9,0,,6,1.7,,8,
6cbc3872-4abd-59a5-b2f4-490475aaaca0,K0750000000a,2269,"문절망둑, 생것","문절망둑,생것",문절망둑,문절망둑,어패류 및 그 제품,생것,수('09),10.4,INGREDIENT,1,1,GENERIC_RAW,2,PARTIAL,[],[],90,0.3,18.7,1.1,,150,14,4,380,15,0
f477d23e-45d5-52db-b449-b3880a944753,K0750000009r,2270,"문절망둑, 장조림","문절망둑,장조림",문절망둑,문절망둑,어패류 및 그 제품,,수('82),10.4,INGREDIENT,1,0,,2,PARTIAL,[],[],248,29,28.3,2.1,,,161,14,,2,0
1c5445ba-a1bb-5c13-ab87-773befb86fa6,K0760000000a,2271,"물치다래, 생것","물치다래,생것",물치다래,물치다래,어패류 및 그 제품,생것,수('09),10.4,INGREDIENT,1,1,GENERIC_RAW,1,PARTIAL,"[""vitamin_c_mg""]",[],168,0.1,23.4,7.3,,,35,1.9,,15,0
3b80bd4b-75e8-5c2d-b378-e341d9c9aea5,K0770000000a,2272,"미꾸리, 생것","미꾸리,생것",미꾸리,미꾸리,어패류 및 그 제품,생것,수('09),10.4,INGREDIENT,1,1,GENERIC_RAW,2,PARTIAL,[],[],96,0.2,16.2,2.8,,85,736,8,290,189,2
c058391e-5d09-5d0f-bc44-4020e006ddb1,K0770000009b,2273,"미꾸리, 삶은것","미꾸리,삶은것",미꾸리,미꾸리,어패류 및 그 제품,삶은것,JAPAN('20),10.4,INGREDIENT,1,0,,2,QUALIFIED,"[""carbohydrate_g"",""vitamin_c_mg""]","[""fiber_g""]",76,0,17.1,1.2,0,100,1200,6.4,330,15,0
e9ca099c-e1ff-565f-b942-f75900e53e82,K0780000000a,2274,"민달고기, 생것","민달고기,생것",민달고기,민달고기,어패류 및 그 제품,생것,수('09),10.4,INGREDIENT,1,1,GENERIC_RAW,1,PARTIAL,[],[],95,0.1,20.3,1,,,10,0.8,,8,1
ba73c4f9-5d4b-5680-9a6b-bbf19c45ad7f,K0790000000a,2275,"민어, 생것","민어,생것",민어,민어,어패류 및 그 제품,생것,수('09),10.4,INGREDIENT,1,1,GENERIC_RAW,5,PARTIAL,[],[],86,0.5,18,0.8,0,,22,0.3,,9,1
0ac70b37-8138-5741-bfe7-5cffca5fd336,K0790000009f,2276,"민어, 구운것","민어,구운것",민어,민어,어패류 및 그 제품,구운것,JAPAN('20),10.4,INGREDIENT,1,0,,5,QUALIFIED,"[""carbohydrate_g"",""vitamin_c_mg""]","[""fiber_g""]",100,0,23.4,0.8,0,140,51,0.6,330,7,0
fd582b36-de8b-5097-aef4-c644b7fd4d6e,K0790000009k,2277,"민어, 튀긴것(빵가루)","민어,튀긴것(빵가루)",민어,민어,어패류 및 그 제품,튀긴것(빵가루),USDA('18),10.4,INGREDIENT,1,0,,5,MEASURED,[],[],221,7.54,18.2,12.67,0.4,348,32,0.86,340,23,0
24d14d45-5a71-5af4-98fb-9699c181812d,K079001000Ba,2278,"민어, 암치, 조미하여 말린것","민어,암치,조미하여 말린것",민어,민어,어패류 및 그 제품,조미하여 말린것,수('09),10.4,INGREDIENT,1,0,,5,PARTIAL,"[""vitamin_a_mcg_rae""]",[],314,35.2,39.8,1.5,,,591,4.3,,0,0
71926d85-d4c6-50f0-9ba0-2a3363409116,K080000D59Ka,2279,"민어, 알, 염장","민어,알,염장",민어,민어,어패류 및 그 제품,염장,국('87),10.4,INGREDIENT,1,0,,5,PARTIAL,[],[],284,0,35.1,15.9,,711,69,2.7,210,,0
798baa9b-6d40-5ac8-8cc4-87bc1be60e49,K0810000000a,2280,"민태, 생것","민태,생것",민태,민태,어패류 및 그 제품,생것,수('09),10.4,INGREDIENT,1,1,GENERIC_RAW,1,PARTIAL,"[""vitamin_c_mg""]",[],88,0,15.2,2.5,,,8,2.6,,,0
0957af0c-a195-5caa-b468-12179f8965b7,K0820000000a,2281,"박대, 생것","박대,생것",박대,박대,어패류 및 그 제품,생것,수('09),10.4,INGREDIENT,1,1,GENERIC_RAW,3,PARTIAL,[],[],90,0.6,19.2,0.7,,,15,0.3,,,
2fa9f377-0387-55be-920f-bea2f7ca3914,K0820000001a,2282,"박대, 말린것","박대,말린것",박대,박대,어패류 및 그 제품,말린것,국('85),10.4,INGREDIENT,1,0,,3,PARTIAL,[],[],132,0.9,25.6,2.2,,837,60,0.5,869,,0
a0c02117-c9ce-5835-ab79-32fddff18a56,K0820000004a,2283,"박대, 반건조","박대,반건조",박대,박대,어패류 및 그 제품,반건조,식약('96),10.4,INGREDIENT,1,0,,3,PARTIAL,[],[],104,0.1,21.4,1.4,,1394,103,0.3,253,5,0
d556c904-1947-5867-a4f0-d4ebddd203c8,K0830000000a,2284,"방어, 생것","방어,생것",방어,방어,어패류 및 그 제품,생것,수('09),10.4,INGREDIENT,1,1,GENERIC_RAW,5,PARTIAL,[],[],101,0.4,21.7,0.8,,32,16,0.7,380,14,1
49624dc7-6ae0-560f-9e33-43dbb5cdadd2,K0830000009f,2285,"방어, 구운것","방어,구운것",방어,방어,어패류 및 그 제품,구운것,JAPAN('20),10.4,INGREDIENT,1,0,,5,QUALIFIED,[],"[""fiber_g""]",260,0.3,26.2,20.4,0,40,6,2.3,440,42,2
cfa2c31e-2aa3-53f7-b666-d19051df5cd5,K083000000Ua,2286,"방어, 통조림, 훈제","방어,통조림,훈제",방어,방어,어패류 및 그 제품,,수('82),10.4,INGREDIENT,1,0,,5,PARTIAL,[],[],312,0.5,27.2,22.4,,,34,1.4,,0,
a000cbe0-c5e1-5c6e-9642-57e2fd0be071,K0830011130a,2287,"방어, 양식, 어린것, 생것","방어,양식,어린것,생것",방어,방어,어패류 및 그 제품,생것,JAPAN('20),10.4,INGREDIENT,1,0,,5,QUALIFIED,[],"[""fiber_g""]",217,0.3,20.7,17.2,0,38,19,1,340,32,2
4b58c8ff-988b-546b-ac37-1798d8277966,K0830021130a,2288,"방어, 자연산, 어린것, 생것","방어,자연산,어린것,생것",방어,방어,어패류 및 그 제품,생것,수('82),10.4,INGREDIENT,1,0,,5,PARTIAL,[],[],165,0.3,21,8,,37,7,2,410,12,
c46c7555-0ece-5a6c-8fe2-b68c1586ae39,K0840000000a,2289,"백연, 생것","백연,생것",백연,백연,어패류 및 그 제품,생것,수('09),10.4,INGREDIENT,1,1,GENERIC_RAW,1,PARTIAL,[],[],89,0.3,19,0.8,,,81,1.2,,,
7165895b-7170-529b-9010-df85a6f46b8c,K0850000000a,2290,"밴댕이, 생것","밴댕이,생것",밴댕이,밴댕이,어패류 및 그 제품,생것,수('09),10.4,INGREDIENT,1,1,GENERIC_RAW,3,PARTIAL,[],[],225,0.2,16.3,16.5,,,175,1.9,,36,1
8c80c0d2-ea56-5c1a-8e3a-c15d4f7ed5dd,K0850000003a,2291,"밴댕이, 삶아서 말린것","밴댕이,삶아서 말린것",밴댕이,밴댕이,어패류 및 그 제품,,수('82),10.4,INGREDIENT,1,0,,3,PARTIAL,[],[],302,0.5,48.2,10.3,,,1578,12.5,,,
96270d92-b716-5a72-85c2-6dba7af8ec5c,K086000000Ia,2292,"밴댕이, 젓갈","밴댕이,젓갈",밴댕이,밴댕이,어패류 및 그 제품,,수('18),10.4,INGREDIENT,1,0,,3,PARTIAL,[],[],117,0.6,16.3,4.9,,,978,3.8,,0,
ea4488c6-f0cb-57cc-95a6-3d58a27c28f6,K0870000000a,2293,"뱅어, 생것","뱅어,생것",뱅어,뱅어,어패류 및 그 제품,생것,수('09),10.4,INGREDIENT,1,1,GENERIC_RAW,3,PARTIAL,[],[],68,0.3,13.3,1.1,,170,135,0.7,250,45,3
8aab6c82-06c5-5f59-a838-5a8aacf08fa3,K0870000001a,2294,"뱅어, 말린것","뱅어,말린것",뱅어,뱅어,어패류 및 그 제품,말린것,수('09),10.4,INGREDIENT,1,0,,3,PARTIAL,[],[],311,0,56.1,7.9,,,615,20,,,0
d276cc5c-9b82-5087-aab6-8f5b76c95994,K087000D561a,2295,"뱅어, 포, 말린것","뱅어,포,말린것",뱅어,뱅어,어패류 및 그 제품,말린것,식약('96),10.4,INGREDIENT,1,0,,3,PARTIAL,[],[],363,1.2,60.4,11,,680,982,3,1164,0,0
589ccc69-2f30-5f34-b47a-b8b87e5ec369,K0880000000a,2296,"베도라치, 생것","베도라치,생것",베도라치,베도라치,어패류 및 그 제품,생것,수('09),10.4,INGREDIENT,1,1,GENERIC_RAW,3,PARTIAL,[],[],105,,20.7,1.9,0,,38,1.1,,20,1
a869d706-9552-51f0-9b60-de4fb886f4ae,K0880010000a,2297,"베도라치, 그물베도라치, 생것","베도라치,그물베도라치,생것",베도라치,베도라치,어패류 및 그 제품,생것,수('09),10.4,INGREDIENT,1,0,,3,PARTIAL,[],[],107,0.7,22,1.2,,,40,1.2,,11,1
eecb5323-1166-5898-9459-7f524b8c1b0d,K0880020000a,2298,"베도라치, 장어베도라치, 생것","베도라치,장어베도라치,생것",베도라치,베도라치,어패류 및 그 제품,생것,수('09),10.4,INGREDIENT,1,0,,3,PARTIAL,[],[],135,0.7,19.3,5.4,,,26,0.9,,,
75227ff1-88df-5e0f-b26e-3482679d0730,K0890000000a,2299,"베로치, 생것","베로치,생것",베로치,베로치,어패류 및 그 제품,생것,수('09),10.4,INGREDIENT,1,1,GENERIC_RAW,1,PARTIAL,"[""vitamin_a_mcg_rae"",""vitamin_c_mg""]",[],86,0,19.5,0.4,,,81,0.9,,0,0
ebd6c119-bd2c-5937-810f-752281458cef,K0900000000a,2300,"베스, 생것","베스,생것",베스,베스,어패류 및 그 제품,생것,수('82),10.4,INGREDIENT,1,1,GENERIC_RAW,1,PARTIAL,[],[],81,0.1,18.2,0.4,,,88,4.5,,,
ef554835-228e-5b58-893c-91c73df80647,K0910000000a,2301,"벤자리, 생것","벤자리,생것",벤자리,벤자리,어패류 및 그 제품,생것,수('09),10.4,INGREDIENT,1,1,GENERIC_RAW,2,PARTIAL,"[""vitamin_c_mg""]",[],123,0.3,17,5.3,,160,57,1.2,300,36,0
438c3e88-9c8c-53aa-9486-c2b5a9bb12d1,K0910010000a,2302,"벤자리, 노랑벤자리, 생것","벤자리,노랑벤자리,생것",벤자리,벤자리,어패류 및 그 제품,생것,수('09),10.4,INGREDIENT,1,0,,2,PARTIAL,[],[],94,0.2,17.3,2.1,0,,27,0.7,,17,1
6b45b1c2-cdc5-5869-9767-3a0224f6286c,K0920000000a,2303,"병어, 생것","병어,생것",병어,병어,어패류 및 그 제품,생것,수('09),10.4,INGREDIENT,1,1,GENERIC_RAW,1,PARTIAL,[],[],130,0.3,16.4,6.3,,158,22,0.4,360,63,1
d7dbdc14-3fee-5411-9862-8fd5560cbca8,K0930000000a,2304,"보구치, 생것","보구치,생것",보구치,보구치,어패류 및 그 제품,생것,수('09),10.4,INGREDIENT,1,1,GENERIC_RAW,1,PARTIAL,[],[],119,0.3,19.3,3.9,0,,15,0.4,,8,1
a4698eb5-3c97-594e-b0d4-a80a1ff6e0bd,K0940000000a,2305,"보리멸, 생것","보리멸,생것",보리멸,보리멸,어패류 및 그 제품,생것,수('09),10.4,INGREDIENT,1,1,GENERIC_RAW,2,PARTIAL,"[""vitamin_c_mg""]",[],93,0,19.5,1.1,,140,65,2.3,400,8,0
6612cd0f-19b0-5462-beb1-d57e70ddca57,K0940000007a,2306,"보리멸, 냉동","보리멸,냉동",보리멸,보리멸,어패류 및 그 제품,냉동,수('82),10.4,INGREDIENT,1,0,,2,PARTIAL,[],[],98,0.3,19.6,1.5,,161,14,,214,1,
863b16d3-0f0d-59fd-a5f7-126afce20ceb,K0950010000a,2307,"복어, 검복, 생것","복어,검복,생것",복어,복어,어패류 및 그 제품,생것,수('09),10.4,INGREDIENT,1,0,,10,PARTIAL,[],[],94,0.1,21.5,0.3,0,,21,0.3,,0,0
3774e02d-73c9-54bc-9374-b376fc0c2438,K095001000Ba,2308,"복어, 검복, 조미하여 말린것","복어,검복,조미하여 말린것",복어,복어,어패류 및 그 제품,조미하여 말린것,수('82),10.4,INGREDIENT,1,0,,10,PARTIAL,[],[],282,17.6,47.7,2.3,,,259,10.4,,,
f90ec452-b5da-58d7-92f7-dbd683e75e1f,K0950020000a,2309,"복어, 국매리복, 생것","복어,국매리복,생것",복어,복어,어패류 및 그 제품,생것,수('09),10.4,INGREDIENT,1,0,,10,PARTIAL,[],[],91,0.2,20.7,0.3,,,8,2,,,
772bc9ab-5f02-5607-94a2-01b55d8cd1e0,K0950030000a,2310,"복어, 까치복, 생것","복어,까치복,생것",복어,복어,어패류 및 그 제품,생것,수('09),10.4,INGREDIENT,1,0,,10,PARTIAL,[],[],85,0.5,19.3,0.2,0,,10,4.4,,3,1
929b50fe-3f49-5098-a532-58062dd3b9e4,K0950040000a,2311,"복어, 까칠복, 생것","복어,까칠복,생것",복어,복어,어패류 및 그 제품,생것,수('09),10.4,INGREDIENT,1,0,,10,PARTIAL,"[""vitamin_a_mcg_rae"",""vitamin_c_mg""]",[],85,0.1,19.3,0.3,,,4,3.1,,0,0
fbf037a4-3490-59fb-94c1-ff562e69a8c2,K0950050000a,2312,"복어, 매리복, 생것","복어,매리복,생것",복어,복어,어패류 및 그 제품,생것,수('09),10.4,INGREDIENT,1,0,,10,PARTIAL,[],[],88,0.4,19.8,0.3,0,,7,0.4,,0,0
fb44e495-e5aa-56d2-8914-5de12aa01603,K0950060000a,2313,"복어, 밀복, 생것","복어,밀복,생것",복어,복어,어패류 및 그 제품,생것,수('09),10.4,INGREDIENT,1,0,,10,PARTIAL,[],[],80,0.1,17.3,0.7,0,,26,1,,,1
5fcba65a-b8a2-5ad8-bb0b-a9e11e351e64,K0950070000a,2314,"복어, 자주복, 생것","복어,자주복,생것",복어,복어,어패류 및 그 제품,생것,수('09),10.4,INGREDIENT,1,1,NUTRITION_MEDOID_RAW,10,PARTIAL,[],[],83,0.4,18.8,0.2,0,,10,0.3,,0,0
f3b6b732-af20-5011-b508-c8c1345c76b3,K0950080000a,2315,"복어, 졸복, 생것","복어,졸복,생것",복어,복어,어패류 및 그 제품,생것,수('09),10.4,INGREDIENT,1,0,,10,PARTIAL,[],[],83,0.5,18.9,0.1,,,11,2.5,,,
7a0cdd26-8fb3-5de7-bbad-174b9a4eb512,K0950090000a,2316,"복어, 흰점복, 생것","복어,흰점복,생것",복어,복어,어패류 및 그 제품,생것,수('09),10.4,INGREDIENT,1,0,,10,PARTIAL,"[""vitamin_a_mcg_rae"",""vitamin_c_mg""]",[],72,0,15.9,0.5,,,40,1,,0,0
5a6039d2-f212-5424-94e9-7bdba3560f7d,K1420000000a,2317,"볼기우럭, 생것","볼기우럭,생것",볼기우럭,볼기우럭,어패류 및 그 제품,생것,수('09),10.4,INGREDIENT,1,1,GENERIC_RAW,1,PARTIAL,[],[],129,0,18.7,5.3,,,84,0.7,,17,1
8fa94348-7285-596a-ad58-fa33ba929e4c,K0960000000a,2318,"볼락, 생것","볼락,생것",볼락,볼락,어패류 및 그 제품,생것,수('09),10.4,INGREDIENT,1,1,GENERIC_RAW,9,PARTIAL,[],[],93,0.6,19.3,1,0,,42,0.6,,9,1
32eca8dc-5bed-5705-aaf4-364848ceb07f,K0960000009f,2319,"볼락, 구운것","볼락,구운것",볼락,볼락,어패류 및 그 제품,구운것,USDA('18),10.4,INGREDIENT,1,0,,9,MEASURED,[],[],109,0,22.23,1.62,0,89,17,0.36,467,5,0
0bf5295d-ce2b-595e-a441-cc485ac1e245,K0960010000a,2320,"볼락, 개볼락, 생것","볼락,개볼락,생것",볼락,볼락,어패류 및 그 제품,생것,수('09),10.4,INGREDIENT,1,0,,9,PARTIAL,[],[],88,0.1,19.1,0.7,,,57,0.8,,,
89852f63-f599-5e33-ad72-12fc41c30985,K0960020000a,2321,"볼락, 누루시볼락, 생것","볼락,누루시볼락,생것",볼락,볼락,어패류 및 그 제품,생것,수('09),10.4,INGREDIENT,1,0,,9,PARTIAL,[],[],149,0,22.4,5.8,,,33,1,,20,1
92e6228f-07b4-5111-ac42-bf657240d756,K0960040000a,2322,"볼락, 불볼락, 생것","볼락,불볼락,생것",볼락,볼락,어패류 및 그 제품,생것,수('09),10.4,INGREDIENT,1,0,,9,PARTIAL,[],[],125,0.7,18.6,4.6,,,60,1.5,,17,1
e19c0928-7e17-51e6-8ccd-2ac4cb5e0cb0,K0960060000a,2323,"볼락, 우럭볼락, 생것","볼락,우럭볼락,생것",볼락,볼락,어패류 및 그 제품,생것,수('09),10.4,INGREDIENT,1,0,,9,PARTIAL,[],[],88,0.1,18.3,1.1,,,28,0.9,,11,1
50442cf2-b5d4-5502-a001-0d66b6ae68dd,K0960070000a,2324,"볼락, 조피볼락(우럭), 생것","볼락,조피볼락(우럭),생것",볼락,볼락,어패류 및 그 제품,생것,수('16),10.4,INGREDIENT,1,0,,9,PARTIAL,[],[],92,0,18.41,2.26,0,47,44,0.44,435,,0
4ad53648-f2a2-57f6-821f-6003c9cc4626,K0960080000a,2325,"볼락, 탁자볼락, 생것","볼락,탁자볼락,생것",볼락,볼락,어패류 및 그 제품,생것,수('09),10.4,INGREDIENT,1,0,,9,PARTIAL,[],[],85,0.3,19.7,0.1,,,18,1.7,,,
10a4b542-3bf1-5ef9-bfdb-d1c105fc97ef,K0960090000a,2326,"볼락, 황점볼락, 생것","볼락,황점볼락,생것",볼락,볼락,어패류 및 그 제품,생것,수('09),10.4,INGREDIENT,1,0,,9,PARTIAL,[],[],102,0,21.3,1.3,,,28,0.7,,9,1
1b4b3c14-ec66-590a-8181-ffad69559c70,K0970000000a,2327,"부세, 생것","부세,생것",부세,부세,어패류 및 그 제품,생것,수('09),10.4,INGREDIENT,1,1,GENERIC_RAW,1,PARTIAL,[],[],105,0,17.2,3.4,,,71,1.2,,6,1
e37e4b3c-f5fa-5edb-a8d8-0cf53ebb5ca3,K0980000000a,2328,"부시리, 생것","부시리,생것",부시리,부시리,어패류 및 그 제품,생것,수('09),10.4,INGREDIENT,1,1,GENERIC_RAW,1,PARTIAL,[],[],109,0.1,22.3,1.5,,,16,1.3,,9,1
9d9bb31c-93fb-55eb-856b-3823511c58ac,K0990010000a,2329,"부치, 빨강부치, 생것","부치,빨강부치,생것",부치,부치,어패류 및 그 제품,생것,수('09),10.4,INGREDIENT,1,1,NUTRITION_MEDOID_RAW,1,PARTIAL,"[""vitamin_a_mcg_rae"",""vitamin_c_mg""]",[],71,0,15.8,0.5,,,23,1,,0,0
d2e07d3e-6ff1-57ed-99dc-8555ee2dd552,K1000000000a,2330,"붉바리, 생것","붉바리,생것",붉바리,붉바리,어패류 및 그 제품,생것,수('09),10.4,INGREDIENT,1,1,GENERIC_RAW,1,PARTIAL,[],[],99,0.1,21,1.1,,,18,1.3,,8,1
0b34573a-5190-5857-aefe-4fb36266ccf7,K1010000000a,2331,"붕어, 생것","붕어,생것",붕어,붕어,어패류 및 그 제품,생것,수('09),10.4,INGREDIENT,1,1,GENERIC_RAW,4,PARTIAL,[],[],94,0.1,18.1,1.8,,30,56,2.4,340,7,1
76cff9f8-ece8-50df-85ff-02f3b05e7de3,K1010000009b,2332,"붕어, 삶은것","붕어,삶은것",붕어,붕어,어패류 및 그 제품,삶은것,수('82),10.4,INGREDIENT,1,0,,4,PARTIAL,[],[],225,28.6,15.7,4.4,,51,315,59.5,168,,
4b7af49f-db19-5b6c-a215-42df5b86417a,K1010000009f,2333,"붕어, 구운것","붕어,구운것",붕어,붕어,어패류 및 그 제품,구운것,수('82),10.4,INGREDIENT,1,0,,4,PARTIAL,[],[],177,14.4,18,4.4,,78,1903,4.2,216,,
8e60c229-357a-5a22-b732-f50f6f804b5c,K1010010000a,2334,"붕어, 참붕어, 생것","붕어,참붕어,생것",붕어,붕어,어패류 및 그 제품,생것,수('09),10.4,INGREDIENT,1,0,,4,PARTIAL,[],[],118,0.1,16.4,5.1,,,983,2.5,,32,2
2916800e-3943-559c-8940-4f65553b67a4,K1020000000a,2335,"블루길, 생것","블루길,생것",블루길,블루길,어패류 및 그 제품,생것,수('09),10.4,INGREDIENT,1,1,GENERIC_RAW,1,PARTIAL,[],[],83,0.2,17.8,0.8,,,36,1.4,,5,1
3110f03f-14c1-5f3e-b0c9-37ecc24b52ec,K1030000000a,2336,"빙어, 생것","빙어,생것",빙어,빙어,어패류 및 그 제품,생것,수('09),10.4,INGREDIENT,1,1,GENERIC_RAW,5,PARTIAL,[],[],85,0,18.4,0.8,0,,78,0.9,,12,1
bd688800-5344-5b39-b095-124d0002b970,K1030000003a,2337,"빙어, 삶아서 말린것","빙어,삶아서 말린것",빙어,빙어,어패류 및 그 제품,,수('82),10.4,INGREDIENT,1,0,,5,PARTIAL,[],[],189,0,34.2,4.7,,,3,17.5,,,
bdbfd299-4edb-522c-9afb-7b41187d42fc,K1030000009r,2338,"빙어, 장조림","빙어,장조림",빙어,빙어,어패류 및 그 제품,,수('82),10.4,INGREDIENT,1,0,,5,PARTIAL,[],[],261,27,26.7,5.1,,,893,10,,3,0
54c2d0f0-f219-53f8-84d7-17a8b6960231,K1030010000a,2339,"빙어, 바다빙어, 생것","빙어,바다빙어,생것",빙어,빙어,어패류 및 그 제품,생것,수('09),10.4,INGREDIENT,1,0,,5,PARTIAL,[],[],92,0.1,17.4,1.9,,,23,1.4,,11,1
638345cf-52ee-5f1e-87f4-da5fb7fe0478,K1030010000i,2340,"빙어, 바다빙어, 구운것(오븐)","빙어,바다빙어,구운것(오븐)",빙어,빙어,어패류 및 그 제품,구운것(오븐),USDA('18),10.4,INGREDIENT,1,0,,5,MEASURED,[],[],124,0,22.6,3.1,0,77,77,1.15,372,17,0
cebf8bc3-244b-50a9-81ee-23175a5d50d1,K1040000000a,2341,"산천어, 생것","산천어,생것",산천어,산천어,어패류 및 그 제품,생것,수('09),10.4,INGREDIENT,1,1,GENERIC_RAW,1,PARTIAL,[],[],117,0.1,20.3,3.3,,50,21,2,420,17,1
33c8f43c-4e99-519c-9828-fe1e5087d4a9,K1050000000a,2342,"살살치, 생것","살살치,생것",살살치,살살치,어패류 및 그 제품,생것,수('09),10.4,INGREDIENT,1,1,GENERIC_RAW,1,PARTIAL,[],[],70,0.6,15.5,0.2,,,59,0.9,,,
30b52e67-e878-59bc-9d86-6f2e0ac73fa9,K1060000000a,2343,"삼세기, 생것","삼세기,생것",삼세기,삼세기,어패류 및 그 제품,생것,수('09),10.4,INGREDIENT,1,1,GENERIC_RAW,1,PARTIAL,[],[],97,0.5,18.6,1.8,0,,20,0.5,,5,1
d8c58238-c62f-5764-8b0a-757485493eb3,K1070000000a,2344,"삼치, 생것","삼치,생것",삼치,삼치,어패류 및 그 제품,생것,수('16),10.4,INGREDIENT,1,1,GENERIC_RAW,5,PARTIAL,[],[],112,0,20.08,2.93,0,39,5,0.1,387,,0
6853c77c-57b3-52ee-80d8-0218cba48056,K1070000009f,2345,"삼치, 구운것","삼치,구운것",삼치,삼치,어패류 및 그 제품,구운것,JAPAN('20),10.4,INGREDIENT,1,0,,5,QUALIFIED,"[""vitamin_c_mg""]","[""fiber_g""]",184,0.1,23.6,10.8,0,90,22,0.9,610,16,0
3f113b3d-28bf-5353-99e2-7977cd6c18c4,K1070020000a,2346,"삼치, 줄삼치, 생것","삼치,줄삼치,생것",삼치,삼치,어패류 및 그 제품,생것,수('09),10.4,INGREDIENT,1,0,,5,PARTIAL,"[""vitamin_c_mg""]",[],134,0.2,24.6,3.1,,,41,2.1,,9,0
b05d98c7-5207-5d72-8cd6-966a895b7007,K1070030000a,2347,"삼치, 평삼치, 생것","삼치,평삼치,생것",삼치,삼치,어패류 및 그 제품,생것,수('89),10.4,INGREDIENT,1,0,,5,PARTIAL,[],[],121,0,17.9,4.8,,,20,0.7,,0,0
5137c181-8450-5afb-bf0f-c4b0507f9ed0,K108000000Ia,2348,"삼치, 젓갈","삼치,젓갈",삼치,삼치,어패류 및 그 제품,,수('82),10.4,INGREDIENT,1,0,,5,PARTIAL,[],[],101,0,22.7,1.1,,,2,,,1,
27d42842-a575-50e0-b32d-331eb7a762a2,K1090010000a,2349,"상어, 가래상어, 생것","상어,가래상어,생것",상어,상어,어패류 및 그 제품,생것,수('09),10.4,INGREDIENT,1,0,,14,PARTIAL,[],[],99,0.1,22.2,0.5,0,,59,0.7,,5,
e8c951d3-64ea-5f2e-85c4-d1daa30cd490,K1090020000a,2350,"상어, 곱상어, 생것","상어,곱상어,생것",상어,상어,어패류 및 그 제품,생것,수('09),10.4,INGREDIENT,1,0,,14,PARTIAL,[],[],164,0.3,16.2,10,0,,6,2,,210,
2c62fb4b-acdd-5fff-8f40-11486df55a2a,K1090030000a,2351,"상어, 까치상어, 생것","상어,까치상어,생것",상어,상어,어패류 및 그 제품,생것,수('09),10.4,INGREDIENT,1,0,,14,PARTIAL,[],[],112,0.9,24.1,0.7,0,,19,7.8,,9,
4fc77e71-6ff5-5410-9d5b-2d60c62cf34d,K1090040000a,2352,"상어, 돔발상어, 생것","상어,돔발상어,생것",상어,상어,어패류 및 그 제품,생것,수('09),10.4,INGREDIENT,1,0,,14,PARTIAL,[],[],85,0,17.9,1,,,72,2.4,,,
e87e379c-eafc-513d-87c7-70110759c856,K1090050000a,2353,"상어, 두툽상어, 생것","상어,두툽상어,생것",상어,상어,어패류 및 그 제품,생것,수('09),10.4,INGREDIENT,1,0,,14,PARTIAL,[],[],94,0.3,21.4,0.3,0,,22,0.7,,6,
5b86b1fc-d779-5c6b-af86-00497e6d5575,K1090060000a,2354,"상어, 망상어, 생것","상어,망상어,생것",상어,상어,어패류 및 그 제품,생것,수('09),10.4,INGREDIENT,1,1,NUTRITION_MEDOID_RAW,14,PARTIAL,[],[],89,0.2,18.9,0.9,0,,44,1,,18,0
afe87de0-fa87-5d62-ae6d-ead2ca633d68,K1090070000a,2355,"상어, 모조리상어, 생것","상어,모조리상어,생것",상어,상어,어패류 및 그 제품,생것,수('09),10.4,INGREDIENT,1,0,,14,PARTIAL,[],[],108,,21.7,1.7,0,,83,1.5,,12,
5004b153-cadd-52a1-b396-bade2dca15ae,K1090080000a,2356,"상어, 별상어, 생것","상어,별상어,생것",상어,상어,어패류 및 그 제품,생것,수('09),10.4,INGREDIENT,1,0,,14,PARTIAL,[],[],103,0.3,23.5,0.3,0,,27,0.6,,3,
9ac74aa2-f124-58bd-9402-efedb4629828,K1090090000a,2357,"상어, 악상어, 생것","상어,악상어,생것",상어,상어,어패류 및 그 제품,생것,수('09),10.4,INGREDIENT,1,0,,14,PARTIAL,[],[],284,,13.4,24.2,0,,30,4.2,,,
e75c6cf8-2ae0-5a20-b93f-07066c99a524,K1090100000a,2358,"상어, 은상어, 생것","상어,은상어,생것",상어,상어,어패류 및 그 제품,생것,수('09),10.4,INGREDIENT,1,0,,14,PARTIAL,[],[],101,,22.9,0.5,0,,89,0.9,,5,
5361c83b-8426-51dd-8ab0-160d3b570b05,K1090110000a,2359,"상어, 청새리상어, 생것","상어,청새리상어,생것",상어,상어,어패류 및 그 제품,생것,수('09),10.4,INGREDIENT,1,0,,14,PARTIAL,[],[],101,0.1,18.5,2.4,0,,15,0.8,,8,
0106b030-feca-516e-8dc0-a0805f3ca6e7,K1090120000a,2360,"상어, 흉상어, 생것","상어,흉상어,생것",상어,상어,어패류 및 그 제품,생것,수('09),10.4,INGREDIENT,1,0,,14,PARTIAL,[],[],112,,23.5,1.4,0,,59,0.7,,5,
22067766-3a7e-5220-b748-504c6f11b54d,K110000D520a,2361,"상어, 지느러미, 생것","상어,지느러미,생것",상어,상어,어패류 및 그 제품,생것,수('82),10.4,INGREDIENT,1,0,,14,PARTIAL,[],[],341,0,80.7,0,,180,64,2.4,3,0,0
d9c61800-5a8a-51ac-b13e-e95d3eea0d27,K111000D590a,2362,"상어, 알, 생것","상어,알,생것",상어,상어,어패류 및 그 제품,생것,수('09),10.4,INGREDIENT,1,0,,14,PARTIAL,[],[],314,0.5,25,23.5,,,,,,,
1eb4b959-a088-5eab-bd8f-2d6c5516ef41,K1120000000a,2363,"새다래, 생것","새다래,생것",새다래,새다래,어패류 및 그 제품,생것,수('09),10.4,INGREDIENT,1,1,GENERIC_RAW,1,PARTIAL,[],[],104,,18.9,2.6,0,,8,0.4,,10,0
f5915d80-e685-5cfe-922d-e8d011fef727,K1140000000a,2364,"샛멸, 생것","샛멸,생것",샛멸,샛멸,어패류 및 그 제품,생것,JAPAN('20),10.4,INGREDIENT,1,1,GENERIC_RAW,1,QUALIFIED,"[""carbohydrate_g"",""vitamin_c_mg""]","[""fiber_g""]",82,0,19.5,0.6,0,250,35,0.3,340,4,0
54a1e826-b7af-5365-b191-396e105fb9ec,K1150010000a,2365,"서대, 각시서대, 생것","서대,각시서대,생것",서대,서대,어패류 및 그 제품,생것,수('09),10.4,INGREDIENT,1,0,,3,PARTIAL,[],[],95,0.2,18.4,1.8,0,,50,1.1,,10,0
6a654d2b-3f48-59db-8b44-b17349413361,K1150020000a,2366,"서대, 궁제기서대, 생것","서대,궁제기서대,생것",서대,서대,어패류 및 그 제품,생것,수('09),10.4,INGREDIENT,1,0,,3,PARTIAL,[],[],91,0.1,18.9,1.2,,,92,1.2,,8,1
1f9b3251-a9a9-5166-9b96-915467bbdd47,K1150030000a,2367,"서대, 참서대, 생것","서대,참서대,생것",서대,서대,어패류 및 그 제품,생것,수('09),10.4,INGREDIENT,1,1,NUTRITION_MEDOID_RAW,3,PARTIAL,[],[],84,0.5,18.6,0.4,0,,19,1,,3,1
8abf173b-6247-5688-b457-ab32e0deef65,K1160000000a,2368,"성대, 생것","성대,생것",성대,성대,어패류 및 그 제품,생것,수('09),10.4,INGREDIENT,1,1,GENERIC_RAW,3,PARTIAL,[],[],94,0.2,19.9,1,0,,22,0.6,,10,0
f5f2be09-87f3-5e56-9685-9dd15b6fbd8e,K1160010000a,2369,"성대, 별성대, 생것","성대,별성대,생것",성대,성대,어패류 및 그 제품,생것,수('09),10.4,INGREDIENT,1,0,,3,PARTIAL,[],[],91,0,19.3,1,,,92,2.1,,,
5e90f95f-ca05-59f4-9b15-e5c498ae89c8,K1160020000a,2370,"성대, 별쭉지성대, 생것","성대,별쭉지성대,생것",성대,성대,어패류 및 그 제품,생것,수('09),10.4,INGREDIENT,1,0,,3,PARTIAL,[],[],129,0,19.2,5.1,,,19,1.2,,12,1
c79ee7ba-1583-5009-879d-f2b95d8bdc00,K1170000000a,2371,"송어, 생것","송어,생것",송어,송어,어패류 및 그 제품,생것,수('09),10.4,INGREDIENT,1,1,GENERIC_RAW,7,PARTIAL,[],[],121,0.1,21,3.4,,110,35,1.3,400,26,1
bc36c63a-2994-585b-8743-242fe3aaeb10,K117000000Ka,2372,"송어, 염장","송어,염장",송어,송어,어패류 및 그 제품,염장,수('82),10.4,INGREDIENT,1,0,,7,PARTIAL,[],[],234,0.8,36,8.4,,,9,14,,0,0
916b0a58-aa81-5bb0-9896-82ce11d03506,K119000000Ia,2373,"송어, 젓갈","송어,젓갈",송어,송어,어패류 및 그 제품,,수('82),10.4,INGREDIENT,1,0,,7,PARTIAL,[],[],156,0,24.8,6.3,,4049,14,12.6,186,,
be58d7e7-532c-521f-8b52-e218194c8584,K117000000Ra,2374,"송어, 통조림","송어,통조림",송어,송어,어패류 및 그 제품,통조림,수('82),10.4,INGREDIENT,1,0,,7,PARTIAL,[],[],152,0,18.2,8.8,,750,27,30,300,0,
64712513-4245-5b8a-8649-f7155822505f,K1170010000a,2375,"송어, 무지개송어, 생것","송어,무지개송어,생것",송어,송어,어패류 및 그 제품,생것,수('09),10.4,INGREDIENT,1,0,,7,PARTIAL,[],[],126,0.1,21.1,3.9,,75,33,1.8,390,20,1
c9c9d35f-5920-59f1-855e-627fb3b521cc,K1170010009f,2376,"송어, 무지개송어, 구운것","송어,무지개송어,구운것",송어,송어,어패류 및 그 제품,구운것,USDA('18),10.4,INGREDIENT,1,0,,7,MEASURED,[],[],150,0,22.92,5.82,0,56,86,0.38,448,15,2
9b5c07a1-b7e5-549b-884b-cbb4689f6541,K1170010007a,2377,"송어, 무지개송어, 냉동","송어,무지개송어,냉동",송어,송어,어패류 및 그 제품,냉동,수('82),10.4,INGREDIENT,1,0,,7,PARTIAL,[],[],161,0.3,20,8,,,22,,,6,
0a17602a-e1c0-5dfc-8c8c-b2f09a2e2839,K1200000000a,2378,"숭어, 생것","숭어,생것",숭어,숭어,어패류 및 그 제품,생것,수('09),10.4,INGREDIENT,1,1,GENERIC_RAW,3,PARTIAL,[],[],107,0.4,21.7,1.5,0,,42,1,,9,0
ca55246a-a5b7-5406-8e59-72ba9eb06ea4,K1200000009f,2379,"숭어, 구운것","숭어,구운것",숭어,숭어,어패류 및 그 제품,구운것,USDA('18),10.4,INGREDIENT,1,0,,3,MEASURED,[],[],150,0,24.81,4.86,0,71,31,1.41,458,42,1.2
a2e5ff0b-43e0-5b92-8397-a5e42304506f,K121000D59Aa,2380,"숭어, 알, 소금에 절여 말린것","숭어,알,소금에 절여 말린것",숭어,숭어,어패류 및 그 제품,,JAPAN('20),10.4,INGREDIENT,1,0,,3,QUALIFIED,[],"[""fiber_g""]",353,0.3,40.4,28.9,0,1400,9,1.5,170,351,10
92dc3060-8f10-5c0d-8224-3ee107731d74,K1220000000a,2381,"쌍동가리, 생것","쌍동가리,생것",쌍동가리,쌍동가리,어패류 및 그 제품,생것,수('09),10.4,INGREDIENT,1,1,GENERIC_RAW,1,PARTIAL,"[""vitamin_c_mg""]",[],101,0,20.8,1.4,,,56,1.3,,8,0
b3e5204d-6c84-50c6-824b-a0589c7ac211,K1230000000a,2382,"쌍뿔달재, 생것","쌍뿔달재,생것",쌍뿔달재,쌍뿔달재,어패류 및 그 제품,생것,수('09),10.4,INGREDIENT,1,1,GENERIC_RAW,1,PARTIAL,"[""vitamin_a_mcg_rae"",""vitamin_c_mg""]",[],75,0.1,16.9,0.4,,,81,1,,0,0
b6488314-39fb-56b8-8db9-92e9ec909bef,K1240000000a,2383,"쏘가리, 생것","쏘가리,생것",쏘가리,쏘가리,어패류 및 그 제품,생것,수('09),10.4,INGREDIENT,1,1,GENERIC_RAW,2,PARTIAL,[],[],111,0,17.2,4.1,,86,71,2.1,296,10,1
c472ee4d-cf63-5d34-80b3-3f01d0c791da,K1240000007a,2384,"쏘가리, 냉동","쏘가리,냉동",쏘가리,쏘가리,어패류 및 그 제품,냉동,식약('96),10.4,INGREDIENT,1,0,,2,PARTIAL,[],[],125,0.1,21.2,3.7,,77,53,1.8,156,0,0
cb26d823-cffb-5fff-b36d-925d5f65cc97,K1250000000a,2385,"쏨뱅이, 생것","쏨뱅이,생것",쏨뱅이,쏨뱅이,어패류 및 그 제품,생것,수('09),10.4,INGREDIENT,1,1,GENERIC_RAW,1,PARTIAL,[],[],90,0.1,19.9,0.6,,,44,0.6,,6,0
1dc3c97c-9e14-559a-9ce0-6381994b4f9c,K1260000000a,2386,"쑤기미, 생것","쑤기미,생것",쑤기미,쑤기미,어패류 및 그 제품,생것,수('09),10.4,INGREDIENT,1,1,GENERIC_RAW,1,MEASURED,[],[],84,0.5,18.5,0.4,0,0,32,0.6,0,0,0
f4d961f3-88f6-5f4c-b06f-186a44f1e13b,K1270000000a,2387,"쑥감펭, 생것","쑥감펭,생것",쑥감펭,쑥감펭,어패류 및 그 제품,생것,수('09),10.4,INGREDIENT,1,1,GENERIC_RAW,1,PARTIAL,"[""vitamin_a_mcg_rae"",""vitamin_c_mg""]",[],83,0,19,0.3,,,56,1.1,,0,0
c13aaa8c-6e6e-55e6-a082-d06257af8d48,K1280000000a,2388,"아귀, 생것","아귀,생것",아귀,아귀,어패류 및 그 제품,생것,수('09),10.4,INGREDIENT,1,1,GENERIC_RAW,3,PARTIAL,[],[],63,0.5,14.1,0.2,0,,10,2.5,,26,0
e4f35e9f-8170-58c3-8249-32117675c810,K129000D330a,2389,"아귀, 간, 생것","아귀,간,생것",아귀,아귀,어패류 및 그 제품,생것,수('09),10.4,INGREDIENT,1,0,,3,PARTIAL,[],[],431,5.2,10.4,39,,110,18,1.4,220,7513,1
efb7aee5-c9fd-57ed-a0ca-0eb7bd30ef34,K1280010000a,2390,"아귀, 황아귀, 생것","아귀,황아귀,생것",아귀,아귀,어패류 및 그 제품,생것,수('09),10.4,INGREDIENT,1,0,,3,PARTIAL,[],[],71,0.1,16.3,0.2,,,9,0.3,,,
8ee9e318-0477-5ea4-aba5-2ced1537c875,K1310000000a,2391,"아홉동가리, 생것","아홉동가리,생것",아홉동가리,아홉동가리,어패류 및 그 제품,생것,수('09),10.4,INGREDIENT,1,1,GENERIC_RAW,1,PARTIAL,[],[],106,0.1,19.8,2.3,,,28,1.3,,15,1
66df5fe8-b339-57c4-9b6a-9214b62efaf9,K1320000000a,2392,"애꼬치, 생것","애꼬치,생것",애꼬치,애꼬치,어패류 및 그 제품,생것,JAPAN('20),10.4,INGREDIENT,1,1,GENERIC_RAW,2,QUALIFIED,"[""vitamin_c_mg""]","[""fiber_g""]",137,0.1,18.9,7.2,0,120,41,0.3,320,12,0
f5bb7819-c5f9-5b15-9032-157822859a94,K1320000009f,2393,"애꼬치, 구운것","애꼬치,구운것",애꼬치,애꼬치,어패류 및 그 제품,구운것,JAPAN('20),10.4,INGREDIENT,1,0,,2,QUALIFIED,"[""vitamin_c_mg""]","[""fiber_g""]",134,0.1,23.3,4.9,0,150,59,0.5,360,13,0
b2b61579-7833-5cb7-ad61-412193b1a7d0,K1330000000a,2394,"양미리, 생것","양미리,생것",양미리,양미리,어패류 및 그 제품,생것,수('09),10.4,INGREDIENT,1,1,GENERIC_RAW,2,PARTIAL,[],[],123,0,21.5,3.4,,,69,1.7,,12,1
a377efa5-5fe9-55b6-b992-77252504f4b7,K1330000001a,2395,"양미리, 말린것","양미리,말린것",양미리,양미리,어패류 및 그 제품,말린것,식약('96),10.4,INGREDIENT,1,0,,2,PARTIAL,[],[],211,1.2,29.9,8.5,,128,115,1.5,331,103,1
e5d1352e-49b0-5246-9cb8-5ae1d64716a0,K1340000000a,2396,"양태, 생것","양태,생것",양태,양태,어패류 및 그 제품,생것,수('09),10.4,INGREDIENT,1,1,GENERIC_RAW,5,PARTIAL,[],[],87,0.1,20,0.2,0,,101,0.6,,18,1
bae81693-fcab-5574-9c3a-fb946b4906a8,K1340010000a,2397,"양태, 꽁지양태, 생것","양태,꽁지양태,생것",양태,양태,어패류 및 그 제품,생것,수('09),10.4,INGREDIENT,1,0,,5,PARTIAL,[],[],78,0.6,16.5,0.6,,,14,1.3,,5,1
79b27263-2370-5048-b6b0-f7e83c9f1ed4,K1340020000a,2398,"양태, 눈양태, 생것","양태,눈양태,생것",양태,양태,어패류 및 그 제품,생것,수('09),10.4,INGREDIENT,1,0,,5,PARTIAL,[],[],90,0.1,20.1,0.5,0,,44,1.3,,6,1
82829636-6363-5d78-a543-01b55f2e22fc,K1340030000a,2399,"양태, 도화양태, 생것","양태,도화양태,생것",양태,양태,어패류 및 그 제품,생것,수('09),10.4,INGREDIENT,1,0,,5,PARTIAL,"[""vitamin_c_mg""]",[],77,0.3,16.9,0.5,,,38,0.6,,3,0
c9960424-23ff-57aa-8816-a717877517ab,K1340040000a,2400,"양태, 돛양태, 생것","양태,돛양태,생것",양태,양태,어패류 및 그 제품,생것,수('09),10.4,INGREDIENT,1,0,,5,PARTIAL,[],[],81,0.6,18.5,0.1,,,40,0.8,,,
a6528d54-4fd6-53f1-aa0b-d0febcdc4638,K8000000009j,2401,어묵,어묵,어묵,어묵,어패류 및 그 제품,,농진청('17),10.4,INGREDIENT,1,1,EXACT_BASE_NAME,4,MEASURED,[],[],169,20.69,11.44,4.49,0.3,699,49,0.54,106,26,0
491dd269-9164-5bc8-92f4-bbc94e5dd0c8,K8010000009a,2402,어묵 국물,어묵 국물,어묵 국물,어묵국물,어패류 및 그 제품,,농진청('17),10.4,INGREDIENT,1,1,EXACT_BASE_NAME,1,PARTIAL,[],[],3,0.4,0.09,0.15,,66,1,0,11,0,0
e9d58baa-d536-5280-98da-630d2de68033,K8000001379a,2403,"어묵, 게맛살 첨가","어묵,게맛살 첨가",어묵,어묵,어패류 및 그 제품,,식약('96),10.4,INGREDIENT,1,0,,4,PARTIAL,[],[],112,15.2,10.8,0.8,,792,218,0.8,108,0,0
71f99fa0-24fc-5611-98bb-9b40af7fbebe,K8000000009f,2404,"어묵, 구운것","어묵,구운것",어묵,어묵,어패류 및 그 제품,구운것,수('82),10.4,INGREDIENT,1,0,,4,PARTIAL,[],[],141,15.6,15.4,1.7,,,179,4,,,
22434a89-f619-5724-8f18-87d3eeb4d5b3,K8000000009e,2405,"어묵, 찐어묵","어묵,찐어묵",어묵,어묵,어패류 및 그 제품,,농진청('17),10.4,INGREDIENT,1,0,,4,MEASURED,[],[],115,16.53,9.75,1.09,0.3,760,49,0.54,91,4,0
29c940de-8935-565e-81e7-a699a526e601,K8020000009a,2406,어묵국,어묵국,어묵국,어묵국,어패류 및 그 제품,,식약('11),10.4,INGREDIENT,1,1,EXACT_BASE_NAME,1,MEASURED,[],[],42,5.7,3.1,0.8,3.2,344,16,3.5,43,5,0
abb787d9-13bf-564c-a016-ab0a0f8380e4,K8030000009a,2407,어육소시지,어육소시지,어육소시지,어육소시지,어패류 및 그 제품,,농진청('14),10.4,INGREDIENT,1,1,EXACT_BASE_NAME,1,MEASURED,[],[],174,17.75,9.01,7.45,0,584,34,0.42,41,2,15.9
8182918e-c47b-5e55-84d2-98ab95b29106,K1350000000a,2408,"얼룩통구멍, 생것","얼룩통구멍,생것",얼룩통구멍,얼룩통구멍,어패류 및 그 제품,생것,수('09),10.4,INGREDIENT,1,1,GENERIC_RAW,1,PARTIAL,[],[],82,0,18.2,0.5,,,70,0.7,,3,1
f8f11932-6e66-5924-abac-b42e71391e69,K1360000000a,2409,"여덟동가리, 생것","여덟동가리,생것",여덟동가리,여덟동가리,어패류 및 그 제품,생것,수('09),10.4,INGREDIENT,1,1,GENERIC_RAW,1,PARTIAL,[],[],110,0,19.2,3.1,,,36,1.3,,15,1
2efdf490-8310-5470-85b5-9f7fe706f03b,K1370000000a,2410,"연어, 생것","연어,생것",연어,연어,어패류 및 그 제품,생것,수('09),10.4,INGREDIENT,1,1,GENERIC_RAW,12,PARTIAL,[],[],106,0.2,20.6,1.9,,95,24,1.1,330,18,1
c2b9e488-c5cc-550b-85d9-686f6d028e0d,K1370001240a,2411,"연어, 생것, 소금첨가","연어,생것,소금첨가",연어,연어,어패류 및 그 제품,,JAPAN('20),10.4,INGREDIENT,1,0,,12,QUALIFIED,"[""vitamin_a_mcg_rae""]","[""fiber_g"",""vitamin_a_mcg_rae""]",138,0.1,22.8,6.1,0,1200,28,1,380,0,1
f785a4dc-d4d6-5c7a-aa74-a29715be6141,K1370001249f,2412,"연어, 구운것, 소금첨가","연어,구운것,소금첨가",연어,연어,어패류 및 그 제품,,JAPAN('20),10.4,INGREDIENT,1,0,,12,QUALIFIED,"[""vitamin_a_mcg_rae""]","[""fiber_g"",""vitamin_a_mcg_rae""]",177,0.1,29.3,7.9,0,830,44,1.7,480,0,1
ee3c8a57-0f94-5bc1-aa7d-74c2f9a45788,K137000000Fa,2413,"연어, 훈제","연어,훈제",연어,연어,어패류 및 그 제품,,농진청('19),10.4,INGREDIENT,1,0,,12,MEASURED,[],[],212,0.19,23.48,11.96,0,443,11,0.32,395,13,2.35
73f53fb2-5fdf-5600-a1a8-0fd4b1aef9dc,K137000000Ra,2414,"연어, 통조림","연어,통조림",연어,연어,어패류 및 그 제품,통조림,농진청('19),10.4,INGREDIENT,1,0,,12,MEASURED,[],[],168,0.31,16.29,11.27,0,362,13,0.11,195,2,0
1770378e-5fc5-579d-bb34-8a491d96a03e,K137000251Ra,2415,"연어, 통조림, 고형물","연어,통조림,고형물",연어,연어,어패류 및 그 제품,,농진청('19),10.4,INGREDIENT,1,0,,12,MEASURED,[],[],188,2.85,16.36,12.32,0,351,13,0.17,188,2,0
70a73a5c-1445-5a70-bded-72bc4a3e3538,K138000D590a,2416,"연어, 알, 생것","연어,알,생것",연어,연어,어패류 및 그 제품,생것,수('82),10.4,INGREDIENT,1,0,,12,PARTIAL,[],[],238,0.8,25,15,,,89,12,,150,14
0d299629-eb80-50be-a392-d2087eddb681,K138000D59Ka,2417,"연어, 알, 염장","연어,알,염장",연어,연어,어패류 및 그 제품,염장,식약('96),10.4,INGREDIENT,1,0,,12,PARTIAL,[],[],245,3.4,27.3,13.6,,1246,86,1.9,141,162,11
a904ee8c-e4e5-5c64-8289-a9c5b31eee47,K1370010000a,2418,"연어, 은연어, 생것","연어,은연어,생것",연어,연어,어패류 및 그 제품,생것,수('09),10.4,INGREDIENT,1,0,,12,PARTIAL,[],[],106,0.2,21.7,1.4,0,,10,2.5,,,
b924e448-84ca-5d1d-adca-d643a88adb4a,K1370020000a,2419,"연어, 홍연어, 생것","연어,홍연어,생것",연어,연어,어패류 및 그 제품,생것,JAPAN('20),10.4,INGREDIENT,1,0,,12,QUALIFIED,"[""vitamin_c_mg""]","[""fiber_g""]",127,0.1,22.5,4.5,0,57,10,0.4,380,27,0
024d78b0-215d-5e4c-adcb-75073ecfd8d5,K1370020009f,2420,"연어, 홍연어, 구운것","연어,홍연어,구운것",연어,연어,어패류 및 그 제품,구운것,JAPAN('20),10.4,INGREDIENT,1,0,,12,QUALIFIED,[],"[""fiber_g""]",163,0.1,28.5,6,0,72,16,0.5,490,35,2
4cc76d95-524b-53cb-84d4-dea4e9bcc9cb,K137002000Fa,2421,"연어, 홍연어, 훈제","연어,홍연어,훈제",연어,연어,어패류 및 그 제품,,JAPAN('20),10.4,INGREDIENT,1,0,,12,QUALIFIED,[],"[""fiber_g"",""vitamin_c_mg""]",143,0.1,25.7,5.5,0,1500,19,0.8,250,43,0
54db15fc-8f8b-5d08-a843-b216bdc9b8b8,K1400000000a,2422,"열쌍동가리, 생것","열쌍동가리,생것",열쌍동가리,열쌍동가리,어패류 및 그 제품,생것,수('95),10.4,INGREDIENT,1,1,GENERIC_RAW,1,PARTIAL,[],[],86,0.1,18.3,0.9,,,35,0.9,,6,1
717ef5b6-e197-5d1a-a6b8-84012ea5d141,K1410000000a,2423,"우각바리, 생것","우각바리,생것",우각바리,우각바리,어패류 및 그 제품,생것,수('09),10.4,INGREDIENT,1,1,GENERIC_RAW,1,PARTIAL,[],[],91,0,19,1.2,,,85,1,,17,1
02dfbe25-15db-5ca4-be30-5c5696450840,K1430000000a,2424,"웅어, 생것","웅어,생것",웅어,웅어,어패류 및 그 제품,생것,수('09),10.4,INGREDIENT,1,1,GENERIC_RAW,1,PARTIAL,[],[],169,0,15.9,10.8,,,84,1.1,,24,1
2f180219-83ad-5638-8033-8fd042b507fe,K1440000000a,2425,"은어, 생것","은어,생것",은어,은어,어패류 및 그 제품,생것,수('09),10.4,INGREDIENT,1,1,GENERIC_RAW,9,PARTIAL,[],[],114,0.2,16.7,4.5,,70,31,1.3,370,27,2
7da25304-2132-5796-af08-f72a3b5d6b67,K1440000009f,2426,"은어, 구운것","은어,구운것",은어,은어,어패류 및 그 제품,구운것,JAPAN('20),10.4,INGREDIENT,1,0,,9,QUALIFIED,[],"[""fiber_g""]",149,0.1,26.6,6.8,0,110,480,5.5,510,120,2
6c58b8f8-5912-53f9-8293-c33892dbb1e2,K145000D370a,2427,"은어, 내장, 생것","은어,내장,생것",은어,은어,어패류 및 그 제품,생것,JAPAN('20),10.4,INGREDIENT,1,0,,9,QUALIFIED,[],"[""fiber_g""]",180,0.3,9.5,17.5,0,90,43,24,210,1700,5
98629be2-0ab1-5baa-a460-ecdc31600c0f,K145000D379f,2428,"은어, 내장, 구운것","은어,내장,구운것",은어,은어,어패류 및 그 제품,구운것,JAPAN('20),10.4,INGREDIENT,1,0,,9,QUALIFIED,[],"[""fiber_g""]",161,0.4,23,10.1,0,170,140,63,520,2000,5
e675dd97-5355-5af7-bc19-9bd001af9dd6,K1440010000a,2429,"은어, 양식, 생것","은어,양식,생것",은어,은어,어패류 및 그 제품,생것,JAPAN('20),10.4,INGREDIENT,1,0,,9,QUALIFIED,[],"[""fiber_g""]",138,0.6,17.8,7.9,0,55,250,0.8,360,55,2
3dcb1917-939c-5515-9977-d9ed14a28187,K1440010009f,2430,"은어, 양식, 구운것","은어,양식,구운것",은어,은어,어패류 및 그 제품,구운것,JAPAN('20),10.4,INGREDIENT,1,0,,9,QUALIFIED,[],"[""fiber_g""]",202,0.8,22.6,15.1,0,79,450,2,430,480,2
f828a959-52c7-5d37-a009-56c38fdf62be,K145001D370a,2431,"은어, 양식, 내장, 생것","은어,양식,내장,생것",은어,은어,어패류 및 그 제품,생것,JAPAN('20),10.4,INGREDIENT,1,0,,9,QUALIFIED,[],"[""fiber_g""]",485,0.3,7.4,55,0,75,55,8,160,4400,2
dbb9a4c1-2d4b-507e-a783-883673e68653,K145001D379f,2432,"은어, 양식, 내장, 구운것","은어,양식,내장,구운것",은어,은어,어패류 및 그 제품,구운것,JAPAN('20),10.4,INGREDIENT,1,0,,9,QUALIFIED,[],"[""fiber_g""]",500,0.4,15.2,52.3,0,100,130,19,270,6000,1
4c427402-3d82-5b88-9792-80e624b8ab96,K146001000Ia,2433,"은어, 내장, 젓갈","은어,내장,젓갈",은어,은어,어패류 및 그 제품,,수('82),10.4,INGREDIENT,1,0,,9,PARTIAL,[],[],125,0.8,11.4,8.5,,6900,152,26,190,57,0
76e2b3b8-0c2a-56b0-b0fa-3012bee2435a,K1470000000a,2434,"인상어, 생것","인상어,생것",인상어,인상어,어패류 및 그 제품,생것,수('09),10.4,INGREDIENT,1,1,GENERIC_RAW,1,PARTIAL,"[""vitamin_c_mg""]",[],133,0.4,21.8,4.2,,,89,1.8,,,0
4f07a0ac-1cf7-5a7d-82c0-d8262f4029ab,K1480000000a,2435,"임연수어, 생것","임연수어,생것",임연수어,임연수어,어패류 및 그 제품,생것,수('09),10.4,INGREDIENT,1,1,GENERIC_RAW,3,PARTIAL,[],[],152,0.5,19.6,7.1,0,,13,7.9,,23,0
b51bd9aa-5bca-54dc-8bad-ea0eb5bb87ea,K1480000004a,2436,"임연수어, 반건조","임연수어,반건조",임연수어,임연수어,어패류 및 그 제품,반건조,JAPAN('20),10.4,INGREDIENT,1,0,,3,QUALIFIED,[],"[""fiber_g""]",161,0.1,20.6,9.4,0,690,170,0.5,390,30,4
fa28a9f3-8ba1-5788-9103-a8fc8680263b,K148000000Ka,2437,"임연수어, 염장","임연수어,염장",임연수어,임연수어,어패류 및 그 제품,염장,식약('96),10.4,INGREDIENT,1,0,,3,PARTIAL,[],[],198,0.2,17.6,13.1,,151,37,1,266,35,1
00ddaa6f-7f8c-5ba0-939e-7e1e3117934b,K1490000000a,2438,"잉어, 생것","잉어,생것",잉어,잉어,어패류 및 그 제품,생것,수('09),10.4,INGREDIENT,1,1,GENERIC_RAW,3,PARTIAL,[],[],113,0.3,17.5,4,,48,50,1.4,370,11,1
2ac5072a-e0b9-54fb-a9f2-d6a6a267f288,K1490000009b,2439,"잉어, 삶은것","잉어,삶은것",잉어,잉어,어패류 및 그 제품,삶은것,JAPAN('20),10.4,INGREDIENT,1,0,,3,QUALIFIED,[],"[""fiber_g""]",190,0.2,19.2,13.4,0,47,13,0.6,330,3,1
69468807-d352-525f-8f47-5e821e6cabec,K150000D370a,2440,"잉어, 내장, 생것","잉어,내장,생것",잉어,잉어,어패류 및 그 제품,생것,JAPAN('20),10.4,INGREDIENT,1,0,,3,QUALIFIED,[],"[""fiber_g""]",258,1.3,9,25.9,0,95,9,3.1,240,500,2
e8e2c7ba-e91c-5d4d-a2df-8615299dab9e,K1510000000a,2441,"장갱이, 생것","장갱이,생것",장갱이,장갱이,어패류 및 그 제품,생것,수('09),10.4,INGREDIENT,1,1,GENERIC_RAW,1,PARTIAL,[],[],90,0,19.1,1,,,31,1.2,,9,1
9b75f1e7-3e66-529e-824c-69e8a173947d,K1520000000a,2442,"장문볼락, 생것","장문볼락,생것",장문볼락,장문볼락,어패류 및 그 제품,생것,식약('96),10.4,INGREDIENT,1,1,GENERIC_RAW,2,PARTIAL,[],[],87,0.2,15.7,2.1,,111,30,0.3,114,0,0
84fa5120-3fb9-548c-b1fa-d270279fc33c,K1520000009f,2443,"장문볼락, 구운것","장문볼락,구운것",장문볼락,장문볼락,어패류 및 그 제품,구운것,USDA('18),10.4,INGREDIENT,1,0,,2,MEASURED,[],[],96,0,18.51,1.87,0,347,34,0.27,226,15,0
93b35096-8cf9-545b-ae4b-c2e8918074e5,K1530010000a,2444,"장어, 갯장어, 생것","장어,갯장어,생것",장어,장어,어패류 및 그 제품,생것,수('09),10.4,INGREDIENT,1,0,,12,PARTIAL,[],[],170,0.4,17.9,9.9,0,,81,2.1,,540,0
4500b483-7003-5f67-a520-5a1baa620f9f,K1530020000a,2445,"장어, 먹장어, 생것","장어,먹장어,생것",장어,장어,어패류 및 그 제품,생것,수('09),10.4,INGREDIENT,1,0,,12,PARTIAL,[],[],129,0.4,16.9,6,,148,11,1.5,228,540,2
ed5bd231-4f18-5e63-9123-4625988f0fd5,K1530040000a,2446,"장어, 뱀장어, 생것","장어,뱀장어,생것",장어,장어,어패류 및 그 제품,생것,수('09),10.4,INGREDIENT,1,0,,12,PARTIAL,[],[],223,0.3,14.4,17.1,,65,157,1.6,250,1050,1
ed125ad9-1fe6-5466-a358-3767ead6aafd,K1530040009f,2447,"장어, 뱀장어, 구운것","장어,뱀장어,구운것",장어,장어,어패류 및 그 제품,구운것,USDA('18),10.4,INGREDIENT,1,0,,12,MEASURED,[],[],236,0,23.65,14.95,0,65,26,0.64,349,1137,1.8
bb2b4c7b-47fb-5814-8ca0-e4a6e563a59a,K153004000Df,2448,"장어, 뱀장어, 조미, 구운것","장어,뱀장어,조미,구운것",장어,장어,어패류 및 그 제품,구운것,수('09),10.4,INGREDIENT,1,0,,12,PARTIAL,[],[],249,0,30.4,14.2,,,1129,21,,,
7b199160-8fe3-5345-b77b-2e83347eb18c,K154001D330a,2449,"장어, 뱀장어, 간, 생것","장어,뱀장어,간,생것",장어,장어,어패류 및 그 제품,생것,수('09),10.4,INGREDIENT,1,0,,12,PARTIAL,[],[],197,22.3,12.2,6.3,,,27,2.7,,6000,10
0bf3a141-63d0-5bd8-947a-734cc6f28463,K1530050000a,2450,"장어, 붕장어, 생것","장어,붕장어,생것",장어,장어,어패류 및 그 제품,생것,수('09),10.4,INGREDIENT,1,1,NUTRITION_MEDOID_RAW,12,PARTIAL,[],[],135,0.3,17.4,6.4,0,,35,0.5,,360,2
f4e32285-3ba5-5841-a04c-d61deeee43e9,K1530050007a,2451,"장어, 붕장어, 냉동","장어,붕장어,냉동",장어,장어,어패류 및 그 제품,냉동,수('82),10.4,INGREDIENT,1,0,,12,PARTIAL,[],[],158,0.5,19,8,,,136,,,150,
3b85eb1a-7a55-5614-967a-ff0f58c5011b,K154002D439j,2452,"장어, 붕장어, 뼈, 튀긴것","장어,붕장어,뼈,튀긴것",장어,장어,어패류 및 그 제품,튀긴것,수('82),10.4,INGREDIENT,1,0,,12,PARTIAL,[],[],556,31.2,14.8,41.3,,,2372,164,,,
eee75e95-cfe7-5999-aea8-786b116684d6,K1530060000a,2453,"장어, 칠성장어, 생것","장어,칠성장어,생것",장어,장어,어패류 및 그 제품,생것,수('82),10.4,INGREDIENT,1,0,,12,PARTIAL,[],[],259,0.3,21,18,,80,9,18,220,7508,0
8a39575d-fa52-57b5-9129-d99cba6d88ff,K1530060001a,2454,"장어, 칠성장어, 말린것","장어,칠성장어,말린것",장어,장어,어패류 및 그 제품,말린것,수('82),10.4,INGREDIENT,1,0,,12,PARTIAL,[],[],415,0.5,33.3,29,,130,14,28,650,45045,0
d62cfdbe-cac7-51f3-8204-c99bcc383822,K1530001279f,2455,"장어, 양념, 구운것","장어,양념,구운것",장어,장어,어패류 및 그 제품,구운것,식약('11),10.4,INGREDIENT,1,0,,12,MEASURED,[],[],289,5.9,20.5,20.4,0.9,470,144,6,277,974,0
61fe5e92-a80b-52bc-9a2e-019fca9382b9,K1550000000a,2456,"전갱이, 생것","전갱이,생것",전갱이,전갱이,어패류 및 그 제품,생것,수('09),10.4,INGREDIENT,1,1,GENERIC_RAW,11,PARTIAL,[],[],133,0.1,20.7,4.8,0,,24,0.9,,6,1
fad1d74a-e40f-55ad-8f8f-82c6b5debf16,K1550000009b,2457,"전갱이, 삶은것","전갱이,삶은것",전갱이,전갱이,어패류 및 그 제품,삶은것,JAPAN('20),10.4,INGREDIENT,1,0,,11,QUALIFIED,[],"[""fiber_g""]",136,0.1,22.4,5.9,0,130,80,0.7,350,8,0
bd529003-3029-58ea-a0cd-593e6785f020,K1550000009f,2458,"전갱이, 구운것","전갱이,구운것",전갱이,전갱이,어패류 및 그 제품,구운것,JAPAN('20),10.4,INGREDIENT,1,0,,11,QUALIFIED,[],"[""fiber_g""]",157,0.1,25.9,6.4,0,180,100,0.8,470,8,0
b77d051b-34f2-5700-9036-fc699014c8a3,K1550000007a,2459,"전갱이, 냉동","전갱이,냉동",전갱이,전갱이,어패류 및 그 제품,냉동,수('82),10.4,INGREDIENT,1,0,,11,PARTIAL,[],[],119,0.3,20,3.5,,,11,,,12,0
e5f75f72-d5b5-5da1-bcd1-ecfda0aeffdb,K155000000Aa,2460,"전갱이, 소금에 절여 말린것","전갱이,소금에 절여 말린것",전갱이,전갱이,어패류 및 그 제품,,수('09),10.4,INGREDIENT,1,0,,11,PARTIAL,[],[],262,0.7,46,6.9,,,62,3,,0,0
c362ef05-585e-50aa-b4aa-4bd96316b8da,K155000000Ea,2461,"전갱이, 조미반건조","전갱이,조미반건조",전갱이,전갱이,어패류 및 그 제품,조미반건조,JAPAN('20),10.4,INGREDIENT,1,0,,11,QUALIFIED,"[""vitamin_a_mcg_rae""]","[""fiber_g"",""vitamin_a_mcg_rae"",""vitamin_c_mg""]",150,0.1,20.2,8.8,0,670,36,0.8,310,0,0
6918a993-7f84-5e20-b7ac-15b480d23d84,K155000000Ef,2462,"전갱이, 조미반건조, 구운것","전갱이,조미반건조,구운것",전갱이,전갱이,어패류 및 그 제품,구운것,JAPAN('20),10.4,INGREDIENT,1,0,,11,QUALIFIED,"[""vitamin_a_mcg_rae""]","[""fiber_g"",""vitamin_a_mcg_rae"",""vitamin_c_mg""]",194,0.1,24.6,12.3,0,770,57,0.9,350,0,0
bf324936-004b-5978-a333-7c1872e79fef,K155000000Ta,2463,"전갱이, 통조림, 조미","전갱이,통조림,조미",전갱이,전갱이,어패류 및 그 제품,조미,수('82),10.4,INGREDIENT,1,0,,11,PARTIAL,[],[],131,17.9,14.7,0.1,,900,28,8,160,0,
c49bb5e0-889b-507e-9577-962fdd96a798,K1560000007a,2464,"전갱이 튀김, 냉동","전갱이 튀김,냉동",전갱이 튀김,전갱이튀김,어패류 및 그 제품,냉동,수('82),10.4,INGREDIENT,1,1,LOWEST_COMPLEXITY_VARIANT,1,PARTIAL,[],[],144,14.8,16.1,2.3,,,23,,,1,1
32e16387-2239-5959-af6d-e9f17dcea4e6,K1550001130a,2465,"전갱이, 어린것, 생것","전갱이,어린것,생것",전갱이,전갱이,어패류 및 그 제품,생것,수('09),10.4,INGREDIENT,1,0,,11,PARTIAL,[],[],99,0.3,19.9,1.5,,,29,1.2,,3,1
607c8453-06b0-55d6-8f3f-c39e81b2180b,K1550010000a,2466,"전갱이, 갈전갱이, 생것","전갱이,갈전갱이,생것",전갱이,전갱이,어패류 및 그 제품,생것,수('09),10.4,INGREDIENT,1,0,,11,PARTIAL,[],[],111,0.1,19.6,3,,,49,1,,15,1
dc5bfa98-ff27-55a3-8b51-51f797edb4ec,K1550020000a,2467,"전갱이, 줄전갱이, 생것","전갱이,줄전갱이,생것",전갱이,전갱이,어패류 및 그 제품,생것,수('09),10.4,INGREDIENT,1,0,,11,PARTIAL,[],[],112,0.1,24,1.1,,,53,1.7,,5,1
880267b7-7c25-56f8-b1d3-ff3ac2c0359a,K1570000000a,2468,"전어, 생것","전어,생것",전어,전어,어패류 및 그 제품,생것,수('09),10.4,INGREDIENT,1,1,GENERIC_RAW,2,PARTIAL,[],[],107,0.2,19.2,2.7,0,,141,1.2,,0,0
0d161941-9561-549a-bcba-3e2a27888674,K159000000Ia,2469,"전어, 젓갈","전어,젓갈",전어,전어,어패류 및 그 제품,,수('09),10.4,INGREDIENT,1,0,,2,PARTIAL,[],[],124,0.5,15.3,6.7,,,466,8,,0,0
2bf26b1c-539a-5fa3-a6c1-0826f2971dbb,K1600000000a,2470,"점감펭, 생것","점감펭,생것",점감펭,점감펭,어패류 및 그 제품,생것,수('09),10.4,INGREDIENT,1,1,GENERIC_RAW,1,PARTIAL,[],[],90,0.3,19.4,0.7,,,32,1.1,,3,1
a42aa62b-4074-50fc-afe7-f33f79f19124,K1880000000a,2471,"점줄우럭, 생것","점줄우럭,생것",점줄우럭,점줄우럭,어패류 및 그 제품,생것,수('09),10.4,INGREDIENT,1,1,GENERIC_RAW,2,PARTIAL,[],[],100,0.1,19.3,1.9,,,57,1,,11,1
a5c179cf-23d2-54f7-a578-2ad270f23914,K1880000000i,2472,"점줄우럭, 구운것(오븐)","점줄우럭,구운것(오븐)",점줄우럭,점줄우럭,어패류 및 그 제품,구운것(오븐),USDA('18),10.4,INGREDIENT,1,0,,2,MEASURED,[],[],118,0,24.84,1.3,0,53,21,1.14,475,50,0
2a65fd8d-024e-5404-bf5e-9cda5eaac738,K1610000000a,2473,"정어리, 생것","정어리,생것",정어리,정어리,어패류 및 그 제품,생것,수('09),10.4,INGREDIENT,1,1,GENERIC_RAW,10,PARTIAL,[],[],171,0.2,20,9.1,,95,94,1.9,440,21,1
0d87598a-323a-59b9-9c9d-a7b5cb01bdda,K1610000009b,2474,"정어리, 삶은것","정어리,삶은것",정어리,정어리,어패류 및 그 제품,삶은것,JAPAN('20),10.4,INGREDIENT,1,0,,10,QUALIFIED,[],"[""fiber_g""]",182,0.2,22.4,8.7,0,80,82,2.3,280,5,0
98c5d256-591d-5fc4-bb84-e078324c7d5d,K1610000009f,2475,"정어리, 구운것","정어리,구운것",정어리,정어리,어패류 및 그 제품,구운것,JAPAN('20),10.4,INGREDIENT,1,0,,10,QUALIFIED,[],"[""fiber_g""]",199,0.2,25.3,9.4,0,100,98,2.5,350,8,0
2e919495-b55d-54a5-bce8-b210b7e16049,K1610000001a,2476,"정어리, 말린것","정어리,말린것",정어리,정어리,어패류 및 그 제품,말린것,수('82),10.4,INGREDIENT,1,0,,10,PARTIAL,[],[],334,0.6,45.6,14.8,,,1205,20,,6,0
58f7cb19-4d6f-5394-b82d-9068175fbf12,K1610000003a,2477,"정어리, 삶아서 말린것","정어리,삶아서 말린것",정어리,정어리,어패류 및 그 제품,,JAPAN('20),10.4,INGREDIENT,1,0,,10,MEASURED,[],[],113,0.1,24.5,2.1,0,1700,280,0.6,170,190,0
5b035b15-8101-58f4-8a0d-5267f5df5bce,K161000000Aa,2478,"정어리, 소금에 절여 말린것","정어리,소금에 절여 말린것",정어리,정어리,어패류 및 그 제품,,수('82),10.4,INGREDIENT,1,0,,10,PARTIAL,[],[],188,0.5,29.6,6.5,,2400,758,16,970,18,0
f235540f-b41e-59c0-9121-38ac7df6d046,K161000000Ka,2479,"정어리, 염장","정어리,염장",정어리,정어리,어패류 및 그 제품,염장,수('82),10.4,INGREDIENT,1,0,,10,PARTIAL,[],[],153,0.2,23.3,5.7,,,78,6,,0,0
e37d8955-2564-5e3c-a370-c271ac56c47f,K161000000Ra,2480,"정어리, 통조림","정어리,통조림",정어리,정어리,어패류 및 그 제품,통조림,수('82),10.4,INGREDIENT,1,0,,10,PARTIAL,[],[],122,0.3,19.3,4.8,,651,241,8,259,0,0
a05454d2-40ac-5c12-842e-4041f903231a,K161000000Sa,2481,"정어리, 통조림, 유지","정어리,통조림,유지",정어리,정어리,어패류 및 그 제품,,수('82),10.4,INGREDIENT,1,0,,10,PARTIAL,[],[],268,0.3,21.7,20,,,304,5,,3,0
609433e6-8b5a-54c4-9cc2-50af63350e68,K161000000Ta,2482,"정어리, 통조림, 조미","정어리,통조림,조미",정어리,정어리,어패류 및 그 제품,조미,식약('96),10.4,INGREDIENT,1,0,,10,PARTIAL,[],[],121,0.4,16.5,5.9,,450,85,2.5,222,18,0
f253a73f-4917-5c87-9a24-6be153addc98,K1620000000a,2483,"조기(참조기), 생것","조기(참조기),생것",조기(참조기),조기참조기,어패류 및 그 제품,생것,수('16),10.4,INGREDIENT,1,1,GENERIC_RAW,3,PARTIAL,[],[],118,0,19.02,4.04,0,51,19,0.43,329,,
cfe3a7a5-b0ee-5bc5-a259-f25c4f6280b6,K162000129Aa,2484,"조기(참조기), 굴비, 소금에 절여 말린것","조기(참조기),굴비,소금에 절여 말린것",조기(참조기),조기참조기,어패류 및 그 제품,,수('95),10.4,INGREDIENT,1,0,,3,PARTIAL,[],[],332,0.4,44.4,15.2,,412,68,14.4,320,0,0
173668d6-2579-5776-8096-c5f47b1beb02,K163000000Ia,2485,"조기(참조기), 젓갈","조기(참조기),젓갈",조기(참조기),조기참조기,어패류 및 그 제품,,수('18),10.4,INGREDIENT,1,0,,3,PARTIAL,[],[],123,8,15.5,2.8,,,305,1,,0,
9b58fe54-ea40-5f56-9431-69d64980c4f8,K1640000000a,2486,"준치, 생것","준치,생것",준치,준치,어패류 및 그 제품,생것,수('09),10.4,INGREDIENT,1,1,GENERIC_RAW,2,PARTIAL,[],[],129,0,20.1,4.7,,155,78,0.8,280,14,1
a3903b18-3744-55ce-be27-abdc7ab5d70f,K1640010000a,2487,"준치, 강준치, 생것","준치,강준치,생것",준치,준치,어패류 및 그 제품,생것,수('09),10.4,INGREDIENT,1,0,,2,PARTIAL,[],[],90,0.2,18.7,1.1,,,38,1.1,,9,1
5699844e-9b26-5869-8650-edad5cfcc7bf,K1650000000a,2488,"쥐치, 생것","쥐치,생것",쥐치,쥐치,어패류 및 그 제품,생것,수('09),10.4,INGREDIENT,1,1,GENERIC_RAW,6,PARTIAL,[],[],83,0.3,19.1,0.1,0,,56,0.4,,0,0
7dc9af33-bc51-5452-90a8-2058211d0e89,K165000D561a,2489,"쥐치, 포, 말린것","쥐치,포,말린것",쥐치,쥐치,어패류 및 그 제품,말린것,식약('96),10.4,INGREDIENT,1,0,,6,PARTIAL,[],[],339,34.3,41.8,2.3,,1504,126,4.7,503,0,0
8e7bcf8e-a147-545c-acd1-82032fe60c19,K165000D567a,2490,"쥐치, 포, 냉동","쥐치,포,냉동",쥐치,쥐치,어패류 및 그 제품,냉동,수('82),10.4,INGREDIENT,1,0,,6,PARTIAL,[],[],115,0.3,18,4,,,6,,,15,
01247077-79d0-59e7-bbdf-4a7897e20164,K165000D56Ba,2491,"쥐치, 포, 조미하여 말린것","쥐치,포,조미하여 말린것",쥐치,쥐치,어패류 및 그 제품,조미하여 말린것,농진청('16),10.4,INGREDIENT,1,0,,6,MEASURED,[],[],307,32.01,41.84,1.3,0,889,139,0.59,541,3,0
276c0b28-aa35-5356-868a-fb8fae5db61e,K1650010000a,2492,"쥐치, 말쥐치, 생것","쥐치,말쥐치,생것",쥐치,쥐치,어패류 및 그 제품,생것,수('16),10.4,INGREDIENT,1,0,,6,PARTIAL,[],[],145,0,17.3,7.62,0,169,24,1.17,358,,0
02fa8163-2873-58de-b0b0-af523b25be80,K165001000Ba,2493,"쥐치, 말쥐치, 조미하여 말린것","쥐치,말쥐치,조미하여 말린것",쥐치,쥐치,어패류 및 그 제품,조미하여 말린것,수('09),10.4,INGREDIENT,1,0,,6,PARTIAL,"[""vitamin_c_mg""]",[],312,34.3,38.7,2.2,,,154,3.4,,,0
98fa17bd-b398-5af5-abb5-21b9d5cb669a,K1660000000a,2494,"참마자, 생것","참마자,생것",참마자,참마자,어패류 및 그 제품,생것,수('09),10.4,INGREDIENT,1,1,GENERIC_RAW,1,PARTIAL,[],[],90,0.3,17.7,1.5,,,58,1.4,,8,1
4b1e1c89-c7ab-55c8-90f6-8c470ea65580,K1670000000a,2495,"청새치, 생것","청새치,생것",청새치,청새치,어패류 및 그 제품,생것,JAPAN('20),10.4,INGREDIENT,1,1,GENERIC_RAW,1,QUALIFIED,[],"[""fiber_g""]",107,0.1,23.1,1.8,0,65,5,0.6,380,8,2
fdbd9cd5-82ac-549a-9d94-79adf860aed9,K1680000000a,2496,"청어, 생것","청어,생것",청어,청어,어패류 및 그 제품,생것,수('09),10.4,INGREDIENT,1,1,GENERIC_RAW,8,PARTIAL,[],[],213,0.4,16.3,15.1,0,,35,0.8,,69,1
34c55a45-d247-54d0-b6b9-9ed696d669c7,K1680000001a,2497,"청어, 말린것","청어,말린것",청어,청어,어패류 및 그 제품,말린것,수('82),10.4,INGREDIENT,1,0,,8,PARTIAL,[],[],418,1,44.5,24,,1300,87,10.4,250,12,0
a33cf0c0-4ba0-515c-8fa7-fd83950b43e3,K1680000003a,2498,"청어, 삶아서 말린것","청어,삶아서 말린것",청어,청어,어패류 및 그 제품,,수('82),10.4,INGREDIENT,1,0,,8,PARTIAL,[],[],123,0,18.7,4.7,,,73,2.1,,9,0
e774a498-f15e-5d6a-88cb-c6e076acc3e5,K168000000Ka,2499,"청어, 염장","청어,염장",청어,청어,어패류 및 그 제품,염장,수('82),10.4,INGREDIENT,1,0,,8,PARTIAL,[],[],159,0.2,17.5,9,,538,55,6,298,0,0
ce0e0c3d-1ffc-5d65-8a17-bcde595c5a30,K168000000Fa,2500,"청어, 훈제","청어,훈제",청어,청어,어패류 및 그 제품,,JAPAN('20),10.4,INGREDIENT,1,0,,8,QUALIFIED,"[""carbohydrate_g"",""vitamin_a_mcg_rae""]","[""fiber_g"",""vitamin_a_mcg_rae"",""vitamin_c_mg""]",280,0,23.1,22.1,0,3900,150,3.5,280,0,0
957c91f3-1b21-5bd0-b047-97397d605a1f,K169000D590a,2501,"청어, 알, 생것","청어,알,생것",청어,청어,어패류 및 그 제품,생것,수('09),10.4,INGREDIENT,1,0,,8,PARTIAL,[],[],102,0.5,19.6,2.4,0,,38,2.3,,11,1
9b57a8c3-2e8b-5676-b5f2-ca584ef153d9,K169000D591a,2502,"청어, 알, 말린것","청어,알,말린것",청어,청어,어패류 및 그 제품,말린것,JAPAN('20),10.4,INGREDIENT,1,0,,8,QUALIFIED,[],"[""fiber_g""]",358,0.5,65.2,13.6,0,1400,65,1.9,46,7,0
856c91ce-6765-5cc8-bcd3-56982a0bec5a,K169000D59Ka,2503,"청어, 알, 염장","청어,알,염장",청어,청어,어패류 및 그 제품,염장,JAPAN('20),10.4,INGREDIENT,1,0,,8,QUALIFIED,[],"[""fiber_g""]",80,0.6,15,3,0,480,8,0.4,2,2,0
b17473c9-1a49-5a56-b67e-bd26ea1ab3a4,K1700000000a,2504,"초어, 생것","초어,생것",초어,초어,어패류 및 그 제품,생것,수('09),10.4,INGREDIENT,1,1,GENERIC_RAW,1,PARTIAL,[],[],89,0.2,17.1,1.7,,,66,1.7,,15,1
213a04be-2d65-5d55-8fd6-9cb426d60ceb,K1710000000a,2505,"통치, 생것","통치,생것",통치,통치,어패류 및 그 제품,생것,수('09),10.4,INGREDIENT,1,1,GENERIC_RAW,1,PARTIAL,[],[],138,0.1,20,5.7,,108,43,0.8,247,14,0
ad797043-405d-5347-93d1-fabf9a9d86f4,K1720000000a,2506,"투라치, 생것","투라치,생것",투라치,투라치,어패류 및 그 제품,생것,수('09),10.4,INGREDIENT,1,1,GENERIC_RAW,1,PARTIAL,[],[],79,0.5,18.1,0.1,,,34,0.3,,,
9658cc3c-7672-5d33-86ab-68c9f8c8d02d,K1730000000a,2507,"틸라피아, 생것","틸라피아,생것",틸라피아,틸라피아,어패류 및 그 제품,생것,수('09),10.4,INGREDIENT,1,1,GENERIC_RAW,1,PARTIAL,[],[],126,0.2,19.3,4.7,,60,35,1.1,370,5,1
b4914e7b-6105-50ad-b582-4c7a0685d648,K1740000000a,2508,"푸렁통구멍, 생것","푸렁통구멍,생것",푸렁통구멍,푸렁통구멍,어패류 및 그 제품,생것,수('09),10.4,INGREDIENT,1,1,GENERIC_RAW,1,PARTIAL,[],[],76,0.2,17.4,0.2,0,,19,0.4,,0,1
221421fe-d8f8-53a4-8162-1476f1069b71,K1750000000a,2509,"풀반지, 생것","풀반지,생것",풀반지,풀반지,어패류 및 그 제품,생것,수('09),10.4,INGREDIENT,1,1,GENERIC_RAW,1,PARTIAL,[],[],167,0.2,16.9,10.1,,,118,1.4,,,
771fe8df-a134-51be-8bd2-6f086a80fb09,K1760000000a,2510,"피라미, 생것","피라미,생것",피라미,피라미,어패류 및 그 제품,생것,수('09),10.4,INGREDIENT,1,1,GENERIC_RAW,1,PARTIAL,[],[],105,0.2,18.5,2.8,,53,59,1.9,241,27,0
9e6a9b72-9704-5658-8e31-146c449fe44a,K1770000000a,2511,"학공치, 생것","학공치,생것",학공치,학공치,어패류 및 그 제품,생것,수('09),10.4,INGREDIENT,1,1,GENERIC_RAW,2,PARTIAL,[],[],94,0.7,17.8,1.7,0,,20,3.5,,8,1
c50065fa-0bbd-5c3e-b604-e9612c5b3015,K177000000Ba,2512,"학공치, 조미하여 말린것","학공치,조미하여 말린것",학공치,학공치,어패류 및 그 제품,조미하여 말린것,국('83),10.4,INGREDIENT,1,0,,2,PARTIAL,[],[],325,17.7,59.1,2,,,310,19.5,,0,0
4abafb67-b5e3-5ad1-b353-f16f4bad3fc0,K1780000000a,2513,"향어, 생것","향어,생것",향어,향어,어패류 및 그 제품,생것,수('18),10.4,INGREDIENT,1,1,GENERIC_RAW,1,PARTIAL,[],[],158,0.1,18.4,8.7,,,23,0.8,,17,1
63fd7f11-4afb-5ddc-af2c-c2394ff8e37a,K1790000000a,2514,"홍감펭, 생것","홍감펭,생것",홍감펭,홍감펭,어패류 및 그 제품,생것,수('09),10.4,INGREDIENT,1,1,GENERIC_RAW,1,PARTIAL,[],[],108,0.2,16.7,3.9,,,33,0.7,,,
b58f06f0-4f16-5674-b234-53c777273d67,K1800000000a,2515,"홍어, 생것","홍어,생것",홍어,홍어,어패류 및 그 제품,생것,수('09),10.4,INGREDIENT,1,1,GENERIC_RAW,1,PARTIAL,[],[],87,0,19.6,0.5,,222,305,1.2,240,0,0
dfd56266-6241-5550-b78e-fad78374cacb,K1810000000a,2516,"홍치, 생것","홍치,생것",홍치,홍치,어패류 및 그 제품,생것,수('09),10.4,INGREDIENT,1,1,GENERIC_RAW,1,PARTIAL,[],[],93,0.1,18.9,1.4,,,20,1.2,,6,1
a1d70bbf-7b2b-5cde-8661-75fc4181a391,K1820000000a,2517,"황매퉁이, 생것","황매퉁이,생것",황매퉁이,황매퉁이,어패류 및 그 제품,생것,수('09),10.4,INGREDIENT,1,1,GENERIC_RAW,1,PARTIAL,[],[],97,0.1,20,1.3,,,54,0.6,,5,1
5f7a5021-230e-5357-a9fd-36908bc6a188,K1830000000a,2518,"황새치, 생것","황새치,생것",황새치,황새치,어패류 및 그 제품,생것,수('82),10.4,INGREDIENT,1,1,GENERIC_RAW,3,PARTIAL,[],[],81,0,17,1,,,100,6.2,,36,2
666eb703-20cd-5dcf-b57d-9603131529f1,K1830000009f,2519,"황새치, 구운것","황새치,구운것",황새치,황새치,어패류 및 그 제품,구운것,USDA('18),10.4,INGREDIENT,1,0,,3,MEASURED,[],[],172,0,23.45,7.93,0,97,6,0.45,499,43,0
a1497791-2292-5acb-86aa-f007218de635,K184000000Ia,2520,"황새치, 젓갈","황새치,젓갈",황새치,황새치,어패류 및 그 제품,,식약('96),10.4,INGREDIENT,1,0,,3,PARTIAL,[],[],117,2.7,15.7,4.8,,7683,462,2.2,467,0,0
b365ca71-a9a3-5fc1-9d18-3451e2efa831,K1850000000a,2521,"황어, 생것","황어,생것",황어,황어,어패류 및 그 제품,생것,수('09),10.4,INGREDIENT,1,1,GENERIC_RAW,1,PARTIAL,[],[],95,0.2,18.3,1.8,,45,65,1.5,340,15,0
d3966f4e-7d98-502f-a052-8391f465fadc,K1860010000a,2522,"횟대, 빨간횟대, 생것","횟대,빨간횟대,생것",횟대,횟대,어패류 및 그 제품,생것,수('09),10.4,INGREDIENT,1,1,NUTRITION_MEDOID_RAW,1,PARTIAL,[],[],74,0.3,17.1,0.1,0,,48,0.8,,3,0
5892ff1d-3b91-5c9e-b03d-e2058ac1c4ff,K1870000000a,2523,"히메치, 생것","히메치,생것",히메치,히메치,어패류 및 그 제품,생것,수('09),10.4,INGREDIENT,1,1,GENERIC_RAW,1,PARTIAL,[],[],99,0,20.9,1.1,,,39,1,,6,1
36804bba-40aa-512d-88dc-f59deebc4d22,K4000000000a,2524,"가리비, 생것","가리비,생것",가리비,가리비,어패류 및 그 제품,생것,수('16),10.4,INGREDIENT,1,1,GENERIC_RAW,11,PARTIAL,[],[],80,0,15.18,1.73,0,735,65,2.95,221,,2
2fcb2868-e683-5973-b007-b9c30fb3529a,K4000000009b,2525,"가리비, 삶은것","가리비,삶은것",가리비,가리비,어패류 및 그 제품,삶은것,JAPAN('20),10.4,INGREDIENT,1,0,,11,QUALIFIED,[],"[""fiber_g""]",89,1.9,17.6,1.9,0,250,24,2.8,330,34,2
52118424-6271-55bc-af06-a27a9d17c133,K4000000009j,2526,"가리비, 튀긴것(빵가루)","가리비,튀긴것(빵가루)",가리비,가리비,어패류 및 그 제품,튀긴것(빵가루),USDA('18),10.4,INGREDIENT,1,0,,11,PARTIAL,[],[],216,10.13,18.07,10.94,,464,42,0.82,333,,2.3
dfdbf0cb-ab53-53a5-8b5c-4a13ca030ab4,K4000000001a,2527,"가리비, 말린것","가리비,말린것",가리비,가리비,어패류 및 그 제품,말린것,수('82),10.4,INGREDIENT,1,0,,11,PARTIAL,[],[],349,4.4,77.6,0.4,,2300,6,3,960,0,
b25383a7-d53d-53b0-a42e-68b123f69304,K400000000Ra,2528,"가리비, 통조림","가리비,통조림",가리비,가리비,어패류 및 그 제품,통조림,수('82),10.4,INGREDIENT,1,0,,11,PARTIAL,[],[],107,4.4,21.6,0.3,,500,45,1.4,250,0,
3322e9d4-978c-5d36-875c-ed0d154cc5c1,K4000001300a,2529,"가리비, 관자, 생것","가리비,관자,생것",가리비,가리비,어패류 및 그 제품,생것,JAPAN('20),10.4,INGREDIENT,1,0,,11,QUALIFIED,[],"[""fiber_g""]",82,3.5,16.9,0.3,0,120,7,0.2,380,1,2
d1f0c6da-99e8-5bbb-a20c-644c22a06660,K4000001303a,2530,"가리비, 관자, 삶아서 말린것","가리비,관자,삶아서 말린것",가리비,가리비,어패류 및 그 제품,,JAPAN('20),10.4,INGREDIENT,1,0,,11,QUALIFIED,"[""vitamin_a_mcg_rae""]","[""fiber_g"",""vitamin_c_mg""]",301,7.6,65.7,1.4,0,2500,34,1.2,810,0,0
8047f51d-3f4b-5b22-ab47-c2c2626e71b4,K4000001307a,2531,"가리비, 관자, 냉동","가리비,관자,냉동",가리비,가리비,어패류 및 그 제품,냉동,수('82),10.4,INGREDIENT,1,0,,11,PARTIAL,[],[],105,2.4,20.8,0.8,,254,10,1.3,369,0,3
8ef5d503-ab23-5b1c-ba5c-b24b04b7a5ff,K4000010000a,2532,"가리비, 국자가리비, 생것","가리비,국자가리비,생것",가리비,가리비,어패류 및 그 제품,생것,JAPAN('20),10.4,INGREDIENT,1,0,,11,QUALIFIED,"[""vitamin_c_mg""]","[""fiber_g""]",55,1.5,10.8,0.8,0,450,48,2,260,6,0
b343e5bc-88b0-512a-86a0-db459b943513,K4000020000a,2533,"가리비, 비단가리비, 생것","가리비,비단가리비,생것",가리비,가리비,어패류 및 그 제품,생것,수('09),10.4,INGREDIENT,1,0,,11,PARTIAL,"[""vitamin_a_mcg_rae""]",[],76,1.4,14.5,1,,,61,3.2,,0,1
9617c7ae-6a8c-54ee-a2e4-ef533bd2a1c1,K4000040000a,2534,"가리비, 큰가리비, 생것","가리비,큰가리비,생것",가리비,가리비,어패류 및 그 제품,생것,수('16),10.4,INGREDIENT,1,0,,11,PARTIAL,[],[],60,0,12.3,0.82,0,371,31,0.92,200,,0
512dbf46-b9d1-5546-bb0f-5c6f4a442d52,K4020000000a,2535,"각시수랑, 생것","각시수랑,생것",각시수랑,각시수랑,어패류 및 그 제품,생것,수('09),10.4,INGREDIENT,1,1,GENERIC_RAW,1,PARTIAL,[],[],70,0.9,15,0.3,,,29,2.1,,,
f80b78ab-7956-5b12-b6b7-d6ff0cb87946,K4030010000a,2536,"고둥, 갈색고리돼지고둥, 생것","고둥,갈색고리돼지고둥,생것",고둥,고둥,어패류 및 그 제품,생것,수('09),10.4,INGREDIENT,1,0,,18,PARTIAL,[],[],92,4.3,16.1,0.7,,,419,5,,,
179ce1e6-3473-582d-a46a-46829db36e47,K4030020000a,2537,"고둥, 갈색띠매물고둥, 생것","고둥,갈색띠매물고둥,생것",고둥,고둥,어패류 및 그 제품,생것,수('09),10.4,INGREDIENT,1,0,,18,PARTIAL,[],[],78,3,15.1,0.2,0,,36,1.6,,11,2
203ec39d-d61e-58fa-a6ea-4f41dc18fda9,K4030030000a,2538,"고둥, 관절매물고둥(보라골뱅이), 생것","고둥,관절매물고둥(보라골뱅이),생것",고둥,고둥,어패류 및 그 제품,생것,수('09),10.4,INGREDIENT,1,1,NUTRITION_MEDOID_RAW,18,MEASURED,[],[],104,4.5,17.7,1.1,0,0,94,2.3,0,1,1
55ca30d3-f7d5-500d-bdfb-8f67c90de09c,K4030040000a,2539,"고둥, 긴고둥(긴뿔고둥), 생것","고둥,긴고둥(긴뿔고둥),생것",고둥,고둥,어패류 및 그 제품,생것,수('09),10.4,INGREDIENT,1,0,,18,PARTIAL,[],[],118,4.8,17.2,2.7,,215,122,7.2,300,4,2
754b646c-4bfc-596b-9a98-7876f5c3e432,K4030050000a,2540,"고둥, 나팔고둥, 생것","고둥,나팔고둥,생것",고둥,고둥,어패류 및 그 제품,생것,수('09),10.4,INGREDIENT,1,0,,18,PARTIAL,[],[],111,3.9,15.9,3,,217,95,5,323,4,2
e6919f70-1693-5f4e-b422-5ae46d45096c,K4030060000a,2541,"고둥, 두드럭고둥, 생것","고둥,두드럭고둥,생것",고둥,고둥,어패류 및 그 제품,생것,수('09),10.4,INGREDIENT,1,0,,18,PARTIAL,[],[],89,5.5,14.2,0.7,,,68,2.1,,,
557a48f3-61cc-5eb6-a3d4-08fae351a19e,K4030070000a,2542,"고둥, 매끈이고둥, 생것","고둥,매끈이고둥,생것",고둥,고둥,어패류 및 그 제품,생것,수('09),10.4,INGREDIENT,1,0,,18,PARTIAL,[],[],108,2.3,22.5,0.4,0,,97,2.5,,0,3
ef82b765-1eac-5695-9c12-d678cce8a9ce,K4030080000a,2543,"고둥, 물레고둥, 생것","고둥,물레고둥,생것",고둥,고둥,어패류 및 그 제품,생것,수('09),10.4,INGREDIENT,1,0,,18,PARTIAL,[],[],88,3.2,17.1,0.3,0,,587,2.1,,0,2
ea95bb4e-caf5-53e9-9e46-a42cb47d0984,K4030090000a,2544,"고둥, 민허리돼지고둥, 생것","고둥,민허리돼지고둥,생것",고둥,고둥,어패류 및 그 제품,생것,수('09),10.4,INGREDIENT,1,0,,18,PARTIAL,[],[],105,3.2,16.5,2.4,,,193,7.2,,29,2
d9a974d6-20c3-5e67-997d-2eefd533be9c,K4030100000a,2545,"고둥, 보말고둥, 생것","고둥,보말고둥,생것",고둥,고둥,어패류 및 그 제품,생것,수('09),10.4,INGREDIENT,1,0,,18,PARTIAL,[],[],93,2.6,14.6,2.2,,,240,12.9,,4,2
11c97a89-0e25-5f90-a1db-db7cf9b1f33f,K4030100009b,2546,"고둥, 보말고둥, 삶은것","고둥,보말고둥,삶은것",고둥,고둥,어패류 및 그 제품,삶은것,국('86),10.4,INGREDIENT,1,0,,18,PARTIAL,[],[],106,5.3,18.4,0.7,,446,90,1.4,250,0,0
5d957dcc-6794-5e81-8fde-241b0f930c9a,K4030110000a,2547,"고둥, 비단고둥, 생것","고둥,비단고둥,생것",고둥,고둥,어패류 및 그 제품,생것,수('09),10.4,INGREDIENT,1,0,,18,PARTIAL,"[""vitamin_a_mcg_rae""]",[],95,2.8,17,1.2,,,70,25.4,,0,2
cffdd7b2-fb27-52c2-8b4e-69c04bd28347,K4030120000a,2548,"고둥, 세고리물레고둥, 생것","고둥,세고리물레고둥,생것",고둥,고둥,어패류 및 그 제품,생것,수('09),10.4,INGREDIENT,1,0,,18,PARTIAL,[],[],74,2.4,15,0.1,,,163,1.6,,,
aaa4711c-e930-58fd-9bdb-aa0dd94e6ccf,K4030130000a,2549,"고둥, 위고둥, 생것","고둥,위고둥,생것",고둥,고둥,어패류 및 그 제품,생것,수('09),10.4,INGREDIENT,1,0,,18,PARTIAL,[],[],66,1.1,11.2,1.5,,,144,3.7,,4,2
d0aa04c9-bf88-50d9-89d4-95a4657c74c6,K4030140000a,2550,"고둥, 조각매물고둥, 생것","고둥,조각매물고둥,생것",고둥,고둥,어패류 및 그 제품,생것,수('09),10.4,INGREDIENT,1,0,,18,PARTIAL,[],[],127,4.4,17.7,3.6,,,87,1.8,,4,2
38dc6b74-d6bc-51cb-8c5c-7f2aa6baa4cb,K4030150000a,2551,"고둥, 콩깍지고둥, 생것","고둥,콩깍지고둥,생것",고둥,고둥,어패류 및 그 제품,생것,수('09),10.4,INGREDIENT,1,0,,18,PARTIAL,"[""vitamin_a_mcg_rae""]",[],100,3,19.7,0.5,,,77,2.3,,0,2
6083342b-b3a7-5208-aca0-761215114c27,K4030160000a,2552,"고둥, 털탑고둥, 생것","고둥,털탑고둥,생것",고둥,고둥,어패류 및 그 제품,생것,수('09),10.4,INGREDIENT,1,0,,18,PARTIAL,[],[],145,5.5,20.7,3.7,,,128,3.5,,10,2
95a57dd3-2905-5746-98a7-f285899006bb,K4030170000a,2553,"고둥, 피뿔고둥, 생것","고둥,피뿔고둥,생것",고둥,고둥,어패류 및 그 제품,생것,수('09),10.4,INGREDIENT,1,0,,18,PARTIAL,[],[],110,8,17.9,0.2,0,,77,3.3,,3,4
911cf53a-4158-57ba-a0fa-af4e5b0932ad,K4040010000a,2554,"굴, 석굴, 생것","굴,석굴,생것",굴,굴,어패류 및 그 제품,생것,식약('96),10.4,INGREDIENT,1,1,NUTRITION_MEDOID_RAW,10,PARTIAL,[],[],64,3.7,8.9,1.2,,232,43,3.9,259,16,5
57dee205-8093-5fee-9061-8e6e3ac825a6,K4040020000a,2555,"굴, 참굴, 생것","굴,참굴,생것",굴,굴,어패류 및 그 제품,생것,수('16),10.4,INGREDIENT,1,0,,10,PARTIAL,[],[],83,5.27,9.66,2.19,0,480,428,8.72,322,,
f2f56de8-3981-538f-8e9d-e251298f2cca,K4040020009b,2556,"굴, 참굴, 삶은것","굴,참굴,삶은것",굴,굴,어패류 및 그 제품,삶은것,JAPAN('20),10.4,INGREDIENT,1,0,,10,QUALIFIED,[],"[""fiber_g""]",90,7.1,9.9,3.6,0,350,59,2.9,180,43,3
e535e584-7cd4-5e0e-9a8e-0453a2d92e8b,K4040030000a,2557,"굴, 참굴, 양식, 생것","굴,참굴,양식,생것",굴,굴,어패류 및 그 제품,생것,수('89),10.4,INGREDIENT,1,0,,10,PARTIAL,[],[],88,5.1,10.5,2.4,,,84,3.8,,15,3
088a64d3-78e4-501b-9920-c1108b72dd8e,K405001000Ia,2558,"굴, 참굴, 양념젓갈(어리굴젓)","굴,참굴,양념젓갈(어리굴젓)",굴,굴,어패류 및 그 제품,,수('09),10.4,INGREDIENT,1,0,,10,PARTIAL,[],[],91,8.1,8.6,2.7,,2374,196,8.8,213,6,1
8e1069a2-7e10-5f11-bb75-f08299000fa4,K4040040000a,2559,"굴, 토굴, 생것","굴,토굴,생것",굴,굴,어패류 및 그 제품,생것,수('09),10.4,INGREDIENT,1,0,,10,PARTIAL,[],[],82,5.3,10.2,1.8,,,123,3.4,,10,4
3d8fefda-2681-5e30-8565-043d23aab8ad,K4040000007a,2560,"굴, 냉동","굴,냉동",굴,굴,어패류 및 그 제품,냉동,수('82),10.4,INGREDIENT,1,0,,10,PARTIAL,[],[],97,5.1,10,3.6,,,3,,,,5
e8f510ac-3f21-5826-b297-4749559a69c3,K4040000009k,2561,"굴, 튀긴것(튀김옷)","굴,튀긴것(튀김옷)",굴,굴,어패류 및 그 제품,튀긴것(튀김옷),USDA('18),10.4,INGREDIENT,1,0,,10,PARTIAL,[],[],199,11.62,8.77,12.58,,417,62,6.95,244,,3.8
bc5c6932-666b-570e-93b7-0eda7aafdabc,K404000000Ra,2562,"굴, 통조림","굴,통조림",굴,굴,어패류 및 그 제품,통조림,국('77),10.4,INGREDIENT,1,0,,10,PARTIAL,[],[],83,0,14.7,2.7,,378,37,3.3,162,,0
081a3069-1d25-5c18-829e-a141e61a417b,K404000000Ua,2563,"굴, 통조림, 훈제","굴,통조림,훈제",굴,굴,어패류 및 그 제품,,JAPAN('20),10.4,INGREDIENT,1,0,,10,QUALIFIED,"[""vitamin_a_mcg_rae""]","[""fiber_g"",""vitamin_c_mg""]",294,11.2,12.5,22.6,0,300,35,4.5,140,0,0
40cb3b6c-8370-55d1-913d-d7168b7659f2,K4060000000a,2564,"꼬막, 생것","꼬막,생것",꼬막,꼬막,어패류 및 그 제품,생것,수('09),10.4,INGREDIENT,1,1,GENERIC_RAW,2,PARTIAL,[],[],63,1.6,12.6,0.3,0,,83,6.8,,39,3
8067b675-8139-51ad-a221-486a82b56252,K4060010000a,2565,"꼬막, 새꼬막, 생것","꼬막,새꼬막,생것",꼬막,꼬막,어패류 및 그 제품,생것,수('16),10.4,INGREDIENT,1,0,,2,PARTIAL,[],[],74,2.87,12.29,1.11,0,419,68,3.75,180,,0
83520bee-7cf7-51ec-8780-473d4a399306,K4070000000a,2566,"다슬기, 생것","다슬기,생것",다슬기,다슬기,어패류 및 그 제품,생것,수('18),10.4,INGREDIENT,1,1,GENERIC_RAW,7,PARTIAL,[],[],85,5.7,11.9,1.2,,,1117,3.3,,,
48cfbf69-e0c2-556d-806a-d4592efb2ee2,K4070010000a,2567,"다슬기, 곳체다슬기, 생것","다슬기,곳체다슬기,생것",다슬기,다슬기,어패류 및 그 제품,생것,수('18),10.4,INGREDIENT,1,0,,7,PARTIAL,[],[],71,4,11.6,0.6,,,195,1.1,,,
9a785368-3f46-5ff3-8f08-c479bc525630,K4070020000a,2568,"다슬기, 띠구슬다슬기, 생것","다슬기,띠구슬다슬기,생것",다슬기,다슬기,어패류 및 그 제품,생것,수('09),10.4,INGREDIENT,1,0,,7,PARTIAL,[],[],117,9.8,16.9,0.6,,,469,6.4,,,
482963f0-d599-5bbe-a248-d3340c89fb0d,K4070030000a,2569,"다슬기, 염주알다슬기, 생것","다슬기,염주알다슬기,생것",다슬기,다슬기,어패류 및 그 제품,생것,수('09),10.4,INGREDIENT,1,0,,7,PARTIAL,[],[],113,11.2,12.7,1.4,,,1098,11.2,,,
d208b8a9-db9b-5dd1-a8a7-797c0d3ae762,K4070040000a,2570,"다슬기, 좀주름다슬기, 생것","다슬기,좀주름다슬기,생것",다슬기,다슬기,어패류 및 그 제품,생것,수('09),10.4,INGREDIENT,1,0,,7,PARTIAL,[],[],88,6,14,0.5,,,865,1.7,,,
3ba28870-d0d9-5d08-9943-1b1493933ecc,K4070060000a,2571,"다슬기, 주름다슬기, 생것","다슬기,주름다슬기,생것",다슬기,다슬기,어패류 및 그 제품,생것,수('09),10.4,INGREDIENT,1,0,,7,PARTIAL,[],[],98,5.6,14.2,1.6,,,989,8.2,,,
8b317696-a085-5b0a-bffa-367958566710,K4070050000a,2572,"다슬기, 참다슬기, 생것","다슬기,참다슬기,생것",다슬기,다슬기,어패류 및 그 제품,생것,수('09),10.4,INGREDIENT,1,0,,7,PARTIAL,[],[],76,4.9,12.3,0.4,,,623,2.4,,,
9f4611e6-d1df-56bb-a093-5a751d2d5af4,K4080010000a,2573,"담치, 지중해담치, 생것","담치,지중해담치,생것",담치,담치,어패류 및 그 제품,생것,수('09),10.4,INGREDIENT,1,0,,7,PARTIAL,[],[],54,2.9,8.9,0.5,,,63,8.6,,,
404951d9-f3e1-51b9-846d-40f539231247,K4080020000a,2574,"담치, 진주담치, 생것","담치,진주담치,생것",담치,담치,어패류 및 그 제품,생것,수('09),10.4,INGREDIENT,1,0,,7,PARTIAL,[],[],75,5.1,10.3,1.1,,,82,6.6,,26,3
57d38fde-ddd7-59c1-b646-bbc0a8425b1c,K4080020009f,2575,"담치, 진주담치, 구운것","담치,진주담치,구운것",담치,담치,어패류 및 그 제품,구운것,USDA('18),10.4,INGREDIENT,1,0,,7,MEASURED,[],[],172,7.39,23.8,4.48,0,369,33,6.72,268,91,13.6
f63d64fc-00c7-5ae7-88cb-335e6685d9b1,K4080030000a,2576,"담치, 진주담치, 양식, 생것","담치,진주담치,양식,생것",담치,담치,어패류 및 그 제품,생것,수('09),10.4,INGREDIENT,1,1,NUTRITION_MEDOID_RAW,7,PARTIAL,[],[],84,4.4,11.9,1.7,,,58,5.1,,30,2
7f38940b-badd-505f-a7e9-d621b95106b7,K4270000000a,2577,"담치, 참담치(홍합), 생것","담치,참담치(홍합),생것",담치,담치,어패류 및 그 제품,생것,수('09),10.4,INGREDIENT,1,0,,7,PARTIAL,[],[],82,3.1,13.8,1.2,,,43,6.1,,,
49c837f8-88e1-5e4d-a6d4-4d052ebd0232,K4270000003a,2578,"담치, 참담치(홍합), 삶아서 말린것","담치,참담치(홍합),삶아서 말린것",담치,담치,어패류 및 그 제품,,수('09),10.4,INGREDIENT,1,0,,7,PARTIAL,[],[],391,14.1,56.1,10.2,,499,225,17.3,250,75,8
49bb8751-5443-5733-89ca-5ba56dc0151f,K427000000Ra,2579,"담치, 참담치(홍합), 통조림","담치,참담치(홍합),통조림",담치,담치,어패류 및 그 제품,통조림,수('82),10.4,INGREDIENT,1,0,,7,PARTIAL,[],[],89,1.3,15.8,2.3,,,165,10,,0,0
c300bc48-561f-54b3-b437-513f8988f740,K4090000000a,2580,"대수리, 생것","대수리,생것",대수리,대수리,어패류 및 그 제품,생것,수('09),10.4,INGREDIENT,1,1,GENERIC_RAW,1,PARTIAL,[],[],112,1.9,18.8,2.6,,,187,3.9,,2,3
c01cc642-f900-5ce5-b205-557c9591e8da,K4100010000a,2581,"대합, 북방대합, 생것","대합,북방대합,생것",대합,대합,어패류 및 그 제품,생것,수('09),10.4,INGREDIENT,1,1,NUTRITION_MEDOID_RAW,1,PARTIAL,[],[],62,1,12,0.8,,,98,5.4,,0,2
26377ba7-b2ed-5357-ba40-73841ddbddc8,K4110000000a,2582,"동죽, 생것","동죽,생것",동죽,동죽,어패류 및 그 제품,생것,수('09),10.4,INGREDIENT,1,0,,1,PARTIAL,[],[],69,0.9,11.8,1.6,,,90,22.7,,2,1
819a76f4-f736-5ff0-a279-95776707b69b,K4120010000a,2583,"맛, 붉은맛(큰죽합), 생것","맛,붉은맛(큰죽합),생것",맛,맛,어패류 및 그 제품,생것,수('09),10.4,INGREDIENT,1,1,NUTRITION_MEDOID_RAW,1,PARTIAL,[],[],95,2.5,16.1,1.8,,,64,12.5,,9,2
c1fcda24-1621-5814-ab4c-c3bb7ff7b657,K4130000000a,2584,"바지락, 생것","바지락,생것",바지락,바지락,어패류 및 그 제품,생것,수('16),10.4,INGREDIENT,1,1,GENERIC_RAW,7,PARTIAL,[],[],74,3.2,12.27,0.93,0,383,70,2.68,121,,2
e40a4239-5bea-5eff-821c-1d4dff8eb6a3,K4130010000a,2585,"바지락, 양식, 생것","바지락,양식,생것",바지락,바지락,어패류 및 그 제품,생것,수('89),10.4,INGREDIENT,1,0,,7,PARTIAL,[],[],68,0.7,13,1.1,,370,90,13.3,230,12,2
e53ce10d-0937-57b4-9e75-467f7a4a81c0,K4130000001a,2586,"바지락, 말린것","바지락,말린것",바지락,바지락,어패류 및 그 제품,말린것,수('09),10.4,INGREDIENT,1,0,,7,PARTIAL,[],[],347,0,74,3.7,,,,,,,
c36faf75-aa60-548f-8382-72aac5679059,K4130000009r,2587,"바지락, 장조림","바지락,장조림",바지락,바지락,어패류 및 그 제품,,수('82),10.4,INGREDIENT,1,0,,7,PARTIAL,[],[],235,29.1,24.8,2.1,,,232,50,,,0
f056d44f-0ddc-518f-8d4b-d1963c2986c5,K413000000Ra,2588,"바지락, 통조림","바지락,통조림",바지락,바지락,어패류 및 그 제품,통조림,수('82),10.4,INGREDIENT,1,0,,7,PARTIAL,[],[],91,2.1,15.2,2.4,,,76,16,,,
1f0f244e-8166-5823-825f-1f6f3a0b6deb,K413000000Ta,2589,"바지락, 통조림, 조미","바지락,통조림,조미",바지락,바지락,어패류 및 그 제품,조미,수('82),10.4,INGREDIENT,1,0,,7,PARTIAL,[],[],106,8.8,16,0.8,,,66,16,,,
05366939-9dae-5744-8a9a-91875ba94b33,K414000000Ia,2590,"바지락, 젓갈","바지락,젓갈",바지락,바지락,어패류 및 그 제품,,수('09),10.4,INGREDIENT,1,0,,7,PARTIAL,[],[],51,1.5,8.5,1,,,112,16.9,,6,1
3065a1dc-3224-5392-8a83-984ac67d0ce9,K4150000000a,2591,"백합, 생것","백합,생것",백합,백합,어패류 및 그 제품,생것,수('09),10.4,INGREDIENT,1,1,GENERIC_RAW,6,PARTIAL,[],[],74,3.6,11.7,1,,,161,11.9,,0,3
d23a3e63-c1e2-548e-a9c3-fd7d8cdf217d,K4150000009b,2592,"백합, 삶은것","백합,삶은것",백합,백합,어패류 및 그 제품,삶은것,JAPAN('20),10.4,INGREDIENT,1,0,,6,QUALIFIED,[],"[""fiber_g""]",79,2.9,14.9,1.5,0,490,130,3.9,180,16,1
005b0e52-6a98-5f1c-836a-3b0a431d522f,K4150000009f,2593,"백합, 구운것","백합,구운것",백합,백합,어패류 및 그 제품,구운것,JAPAN('20),10.4,INGREDIENT,1,0,,6,QUALIFIED,[],"[""fiber_g""]",70,2.8,13.3,1,0,770,140,3.3,230,16,2
5ef20378-bec5-5d39-a25d-11d7f4f39da2,K415000000Ta,2594,"백합, 통조림, 조미","백합,통조림,조미",백합,백합,어패류 및 그 제품,조미,수('82),10.4,INGREDIENT,1,0,,6,PARTIAL,[],[],123,10.9,19.6,0.1,,2100,46,5.8,520,,
8e43d186-9dba-5f6d-b3d2-c8ec445890e6,K4150010000a,2595,"백합, 말백합, 생것","백합,말백합,생것",백합,백합,어패류 및 그 제품,생것,수('09),10.4,INGREDIENT,1,0,,6,PARTIAL,[],[],58,2.5,10.1,0.5,,,92,2.4,,,
1e6c65a1-72ed-503d-a326-f29ffe0df819,K4160000000a,2596,"소라, 생것","소라,생것",소라,소라,어패류 및 그 제품,생것,수('09),10.4,INGREDIENT,1,1,GENERIC_RAW,2,PARTIAL,[],[],107,4,20.7,0.3,0,,92,8.2,,0,1
ee66ac87-652c-54c6-bd69-c2af1e49465b,K416000000Ra,2597,"소라, 통조림","소라,통조림",소라,소라,어패류 및 그 제품,통조림,수('82),10.4,INGREDIENT,1,0,,2,PARTIAL,[],[],123,10.9,19.6,0.1,,,49,7.6,,,0
f4993964-e3ca-5cd2-93a6-c8c20fdf6cd4,K4170000000a,2598,"수랑, 생것","수랑,생것",수랑,수랑,어패류 및 그 제품,생것,수('09),10.4,INGREDIENT,1,1,GENERIC_RAW,1,PARTIAL,"[""vitamin_a_mcg_rae""]",[],86,2.9,15.9,0.7,,220,57,1.8,320,0,2
f576b4a7-5d62-5d0e-a745-86e9e56440c6,K4180000000a,2599,"오분자기, 생것","오분자기,생것",오분자기,오분자기,어패류 및 그 제품,생것,수('09),10.4,INGREDIENT,1,1,GENERIC_RAW,1,PARTIAL,"[""vitamin_a_mcg_rae""]",[],95,4.6,13.3,2.1,,,89,4.7,,0,3
1e124b00-642c-591b-a355-9ad03e53f46d,K4190010000a,2600,"우렁이, 논우렁이, 생것","우렁이,논우렁이,생것",우렁이,우렁이,어패류 및 그 제품,생것,수('82),10.4,INGREDIENT,1,0,,5,PARTIAL,[],[],73,3.8,10.5,1.4,,81,1202,5.8,170,,0
fe6b2e43-11ec-598c-8e97-a98a0f296021,K4190030000a,2601,"우렁이, 왕우렁, 생것","우렁이,왕우렁,생것",우렁이,우렁이,어패류 및 그 제품,생것,수('09),10.4,INGREDIENT,1,0,,5,PARTIAL,[],[],66,3.1,10.6,0.9,,,1567,16.8,,60,2
d781e96c-9c93-56c1-b5a4-6e6654c4d5d8,K4190040000a,2602,"우렁이, 큰구슬우렁이(골뱅이), 생것","우렁이,큰구슬우렁이(골뱅이),생것",우렁이,우렁이,어패류 및 그 제품,생것,수('09),10.4,INGREDIENT,1,0,,5,PARTIAL,[],[],71,0.3,17.4,0.1,,,46,2.6,,55,1
c4e7346c-c5b2-5fa4-818f-eabb6f1c2e88,K419004251Ra,2603,"우렁이, 큰구슬우렁이(골뱅이), 통조림, 고형물","우렁이,큰구슬우렁이(골뱅이),통조림,고형물",우렁이,우렁이,어패류 및 그 제품,,농진청('19),10.4,INGREDIENT,1,0,,5,MEASURED,[],[],109,5.97,19.33,0.83,0,504,31,0.95,82,1,0
7b0655ca-f227-53cd-8277-ddd8d6c62023,K4200010009a,2604,큰우슬우렁이(골뱅이) 무침,큰우슬우렁이(골뱅이) 무침,큰우슬우렁이(골뱅이) 무침,큰우슬우렁이골뱅이무침,어패류 및 그 제품,,식약('11),10.4,INGREDIENT,1,1,EXACT_BASE_NAME,1,MEASURED,[],[],109,15.7,7.1,2,3.7,526,38,6.9,224,69,0
f7ed4854-7d5a-533a-93f0-fd08bebffb0c,K4190050000a,2605,"우렁이, 큰논우렁이, 생것","우렁이,큰논우렁이,생것",우렁이,우렁이,어패류 및 그 제품,생것,수('09),10.4,INGREDIENT,1,1,NUTRITION_MEDOID_RAW,5,PARTIAL,[],[],71,4.9,9.8,1,0,,1003,17.1,,15,1
0c3ba33f-7b3f-5a34-9500-2fafbf0afc20,K4210000000a,2606,"재첩, 생것","재첩,생것",재첩,재첩,어패류 및 그 제품,생것,수('09),10.4,INGREDIENT,1,1,GENERIC_RAW,1,PARTIAL,[],[],94,5.8,12.5,1.9,,390,181,21,210,4,2
e4b99376-589b-5184-87d0-4499e4521880,K4220010000a,2607,"전복, 둥근전복, 생것","전복,둥근전복,생것",전복,전복,어패류 및 그 제품,생것,수('09),10.4,INGREDIENT,1,0,,9,PARTIAL,[],[],85,4.5,14.3,0.7,,,52,2,,0,2
00f59bb6-af11-5f9e-9bcd-c555cee05dfb,K4220020000a,2608,"전복, 말전복, 생것","전복,말전복,생것",전복,전복,어패류 및 그 제품,생것,수('09),10.4,INGREDIENT,1,0,,9,PARTIAL,[],[],77,3.8,12.8,0.8,,,51,2,,0,2
252b3648-6579-5eaa-bfed-7b0d9e4e833a,K4220030000a,2609,"전복, 북방전복, 생것","전복,북방전복,생것",전복,전복,어패류 및 그 제품,생것,수('09),10.4,INGREDIENT,1,1,NUTRITION_MEDOID_RAW,9,PARTIAL,[],[],91,5.1,15,0.7,,,49,2.4,,0,2
837e78fa-6229-5d5b-a128-8d6c3ba8af23,K423000D370a,2610,"전복, 내장, 생것","전복,내장,생것",전복,전복,어패류 및 그 제품,생것,수('82),10.4,INGREDIENT,1,0,,9,PARTIAL,[],[],150,0,18.5,7.6,,,27,107.8,,,
3da22464-31fc-53b5-b416-3af6555ccd39,K4220000001a,2611,"전복, 말린것","전복,말린것",전복,전복,어패류 및 그 제품,말린것,수('82),10.4,INGREDIENT,1,0,,9,PARTIAL,[],[],254,2.3,56,0.9,,3000,71,14.6,520,0,
ae612194-595e-5d56-be7c-ae75db7cdb97,K4220000009j,2612,"전복, 튀긴것","전복,튀긴것",전복,전복,어패류 및 그 제품,튀긴것,USDA('18),10.4,INGREDIENT,1,0,,9,MEASURED,[],[],189,11.05,19.63,6.78,0,591,37,3.8,284,2,1.8
761277d0-51ea-5a72-8de4-4a29c9d10d6a,K422000000Rb,2613,"전복, 통조림, 삶은것","전복,통조림,삶은것",전복,전복,어패류 및 그 제품,삶은것,수('82),10.4,INGREDIENT,1,0,,9,PARTIAL,[],[],96,7.3,16.3,0.2,,600,24,3.6,130,0,
dca9b6fd-4342-5c66-aa15-ebf2e81adc71,K422000000Ta,2614,"전복, 통조림, 조미","전복,통조림,조미",전복,전복,어패류 및 그 제품,조미,수('82),10.4,INGREDIENT,1,0,,9,PARTIAL,[],[],131,17.9,14.7,0.1,,900,28,8,160,0,
11cb0bb0-1717-5d99-920c-b3c7b96fdbc2,K424000000Ia,2615,"전복, 젓갈","전복,젓갈",전복,전복,어패류 및 그 제품,,수('82),10.4,INGREDIENT,1,0,,9,PARTIAL,[],[],96,1,12.2,4.8,,2000,223,56,240,,
bdc3e19b-a8aa-5128-9c1b-762f9b05df8c,K4250010000a,2616,"조개, 가무락조개, 생것","조개,가무락조개,생것",조개,조개,어패류 및 그 제품,생것,수('09),10.4,INGREDIENT,1,0,,23,PARTIAL,[],[],77,2.8,14.1,0.6,0,,54,2.4,,9,2
08022636-4e6a-59b6-ab78-ccf0ea934722,K4250020000a,2617,"조개, 개량조개(명주조개), 생것","조개,개량조개(명주조개),생것",조개,조개,어패류 및 그 제품,생것,수('09),10.4,INGREDIENT,1,0,,23,PARTIAL,[],[],62,1.1,12,0.7,,380,65,11,260,15,3
b4bcc12b-fc97-51f7-a948-c4435d5e7558,K4250020001a,2618,"조개, 개량조개(명주조개), 말린것","조개,개량조개(명주조개),말린것",조개,조개,어패류 및 그 제품,말린것,수('09),10.4,INGREDIENT,1,0,,23,PARTIAL,"[""vitamin_a_mcg_rae""]",[],276,7,54.2,2,,,464,12,,0,2
b5f415bb-f065-508d-a4fd-40919783291f,K4250030000a,2619,"조개, 개조개, 생것","조개,개조개,생것",조개,조개,어패류 및 그 제품,생것,수('09),10.4,INGREDIENT,1,1,NUTRITION_MEDOID_RAW,23,PARTIAL,[],[],64,3,10.9,0.6,0,,83,6,,0,2
9365ee51-0734-5566-b2ee-f0372d03f5c1,K4250040000a,2620,"조개, 떡조개, 생것","조개,떡조개,생것",조개,조개,어패류 및 그 제품,생것,수('09),10.4,INGREDIENT,1,0,,23,PARTIAL,"[""vitamin_a_mcg_rae""]",[],87,7.4,11.2,1,,,104,3.8,,0,2
abb688dd-9783-5b49-b303-e2e3f2375bd1,K4250050000a,2621,"조개, 맛조개, 생것","조개,맛조개,생것",조개,조개,어패류 및 그 제품,생것,식약('96),10.4,INGREDIENT,1,0,,23,PARTIAL,[],[],56,1.3,9.7,1,,303,166,5.5,151,16,1
830cd40e-0a33-5abc-8787-dc07d2987952,K4250050001a,2622,"조개, 맛조개, 말린것","조개,맛조개,말린것",조개,조개,어패류 및 그 제품,말린것,국('77),10.4,INGREDIENT,1,0,,23,PARTIAL,[],[],349,14.4,57.9,4.8,,,198,3.8,,,0
090e0ecc-c8cf-52c3-8f5d-81086558c825,K4250070000a,2623,"조개, 살조개, 생것","조개,살조개,생것",조개,조개,어패류 및 그 제품,생것,수('09),10.4,INGREDIENT,1,0,,23,PARTIAL,[],[],89,3.6,14.2,1.5,,,145,14.4,,9,3
35f7c3ea-9927-5b77-83a7-c42c332a8bc2,K4250080000a,2624,"조개, 새조개, 생것","조개,새조개,생것",조개,조개,어패류 및 그 제품,생것,수('09),10.4,INGREDIENT,1,0,,23,PARTIAL,[],[],114,1.3,21.5,1.9,,100,32,3.7,190,0,2
18bf8a64-eb42-51b9-9834-6c171e8c21e4,K4250080001a,2625,"조개, 새조개, 말린것","조개,새조개,말린것",조개,조개,어패류 및 그 제품,말린것,국('83),10.4,INGREDIENT,1,0,,23,PARTIAL,[],[],293,5.2,61.1,1.5,,,207,11.2,,0,0
edb31233-60bc-545a-ac54-18f35b6a54ce,K425008000Ba,2626,"조개, 새조개, 조미하여 말린것","조개,새조개,조미하여 말린것",조개,조개,어패류 및 그 제품,조미하여 말린것,수('82),10.4,INGREDIENT,1,0,,23,PARTIAL,[],[],300,7.9,57.9,4.1,,,287,83.1,,,
81ddcd68-5139-5d19-80df-be935586624c,K4250090000a,2627,"조개, 왕우럭조개, 생것","조개,왕우럭조개,생것",조개,조개,어패류 및 그 제품,생것,수('09),10.4,INGREDIENT,1,0,,23,PARTIAL,[],[],101,2.7,16.4,2.2,,330,85,6.3,420,15,2
4f325ff1-e307-5e91-8530-713db7d1af75,K4250100000a,2628,"조개, 우럭, 생것","조개,우럭,생것",조개,조개,어패류 및 그 제품,생것,수('09),10.4,INGREDIENT,1,0,,23,PARTIAL,[],[],99,2.7,16.3,2,,89,56,4.1,400,13,2
a5a520da-1842-52cd-b27a-83c055cfd1db,K4250110000a,2629,"조개, 접시조개(비단조개), 생것","조개,접시조개(비단조개),생것",조개,조개,어패류 및 그 제품,생것,수('09),10.4,INGREDIENT,1,0,,23,PARTIAL,[],[],68,3,11.9,0.6,,,64,5.8,,0,2
01c78ce9-9361-5310-8073-974945f7a436,K4250130000a,2630,"조개, 진주조개, 생것","조개,진주조개,생것",조개,조개,어패류 및 그 제품,생것,수('09),10.4,INGREDIENT,1,0,,23,PARTIAL,"[""vitamin_a_mcg_rae""]",[],56,1.1,10.1,0.9,,,94,2.6,,0,2
d1425d2b-4944-5794-ae08-ea6bcf2af1ac,K4250140000a,2631,"조개, 키조개, 생것","조개,키조개,생것",조개,조개,어패류 및 그 제품,생것,수('09),10.4,INGREDIENT,1,0,,23,PARTIAL,[],[],57,0.8,10.3,1.1,,260,38,8.2,260,4,2
ae023257-32ca-592f-ab8e-c57d8add0c66,K4250141310a,2632,"조개, 키조개, 패주, 생것","조개,키조개,패주,생것",조개,조개,어패류 및 그 제품,생것,수('09),10.4,INGREDIENT,1,0,,23,PARTIAL,[],[],70,1.9,12.4,1.1,,,32,6.5,,,
1a6e99bc-cbe6-5e4a-9e56-cb7241b6586a,K4250141320a,2633,"조개, 키조개, 근육, 생것","조개,키조개,근육,생것",조개,조개,어패류 및 그 제품,생것,수('09),10.4,INGREDIENT,1,0,,23,PARTIAL,[],[],91,2.7,18.6,0.2,,,17,0.8,,,
c9b9bb04-4c7b-51e6-a9aa-36730efdb459,K4250150000a,2634,"조개, 펄조개, 생것","조개,펄조개,생것",조개,조개,어패류 및 그 제품,생것,수('09),10.4,INGREDIENT,1,0,,23,PARTIAL,[],[],74,6,9.4,1,,,266,18.2,,2,2
f893d392-7c2c-529e-b1b9-2f981bb308bc,K4250160000a,2635,"조개, 피조개, 생것","조개,피조개,생것",조개,조개,어패류 및 그 제품,생것,수('09),10.4,INGREDIENT,1,0,,23,PARTIAL,[],[],66,2.7,11.6,0.6,,,36,3.7,,39,3
dfa00eb6-47a8-5456-a18d-90698762b838,K425016000Ta,2636,"조개, 피조개, 통조림, 조미","조개,피조개,통조림,조미",조개,조개,어패류 및 그 제품,조미,수('82),10.4,INGREDIENT,1,0,,23,PARTIAL,[],[],115,7.8,18,1.3,,,54,8,,,0
faec2ffa-1a0f-5532-ba9e-2883edc5ed00,K4250170000a,2637,"조개, 피조개, 양식, 생것","조개,피조개,양식,생것",조개,조개,어패류 및 그 제품,생것,수('89),10.4,INGREDIENT,1,0,,23,PARTIAL,[],[],83,3,11.8,2.2,,292,60,7.4,270,41,3
15bcab5f-e0bd-56b0-915f-384af421f041,K425000000Ia,2638,"조개, 젓갈","조개,젓갈",조개,조개,어패류 및 그 제품,,농진청('19),10.4,INGREDIENT,1,0,,23,MEASURED,[],[],71,5.45,10.83,0.63,0,3797,44,12.38,174,6,0
37ed296f-c0f7-5613-a93b-9974a625a631,K6000010000a,2639,"가재, 갯가재, 생것","가재,갯가재,생것",가재,가재,어패류 및 그 제품,생것,수('08),10.4,INGREDIENT,1,0,,4,PARTIAL,[],[],87,0.8,16.1,1.7,,,149,1.2,,0,0
95b72303-c81c-5cae-bc84-03bddd35cb0a,K6000010009b,2640,"가재, 갯가재, 삶은것","가재,갯가재,삶은것",가재,가재,어패류 및 그 제품,삶은것,JAPAN('20),10.4,INGREDIENT,1,0,,4,QUALIFIED,[],"[""fiber_g""]",89,0.2,19.2,1.7,0,310,88,0.8,230,181,0
aace30de-b0f5-5847-a7ba-5d2a2a64d55b,K6000020000a,2641,"가재, 바닷가재, 생것","가재,바닷가재,생것",가재,가재,어패류 및 그 제품,생것,USDA('18),10.4,INGREDIENT,1,1,NUTRITION_MEDOID_RAW,4,MEASURED,[],[],77,0,15.97,0.95,0,58,27,0.84,302,16,1.2
0c8aef13-b5f7-51bc-a042-b5c5f092dd7e,K6000020009e,2642,"가재, 바닷가재, 찐것","가재,바닷가재,찐것",가재,가재,어패류 및 그 제품,찐것,USDA('18),10.4,INGREDIENT,1,0,,4,MEASURED,[],[],82,0,16.77,1.2,0,94,60,0.83,296,15,0.9
5d5cc8c8-436e-59bf-b653-5db052825114,K6010000000a,2643,"개불, 생것","개불,생것",개불,개불,어패류 및 그 제품,생것,수('89),10.4,INGREDIENT,1,1,GENERIC_RAW,1,PARTIAL,[],[],53,1.6,10.5,0.2,0,,29,5.5,,0,2
42a66f8d-e38b-5657-b113-ae1268a55ace,K6020010000a,2644,"게, 꽃게, 생것","게,꽃게,생것",게,게,어패류 및 그 제품,생것,수('16),10.4,INGREDIENT,1,1,NUTRITION_MEDOID_RAW,16,PARTIAL,[],[],77,0.43,16.19,0.7,0,418,127,0.74,216,,0
7190fe17-dbe4-586e-8890-c9bce8875d3f,K6020010009e,2645,"게, 꽃게, 찐것","게,꽃게,찐것",게,게,어패류 및 그 제품,찐것,USDA('18),10.4,INGREDIENT,1,0,,16,MEASURED,[],[],83,0,17.88,0.74,0,395,91,0.5,259,1,3.3
e51a8928-9951-54de-b168-2fb53e60e454,K6020020000a,2646,"게, 닭게, 생것","게,닭게,생것",게,게,어패류 및 그 제품,생것,수('09),10.4,INGREDIENT,1,0,,16,PARTIAL,"[""vitamin_c_mg""]",[],69,0.1,15.2,0.5,,,95,0.8,,,0
786fdc71-e45a-5304-8a9d-10ddbed6012c,K6020020009b,2647,"게, 닭게, 삶은것","게,닭게,삶은것",게,게,어패류 및 그 제품,삶은것,수('82),10.4,INGREDIENT,1,0,,16,PARTIAL,[],[],73,0.6,16.1,0.3,,,42,5.4,,,
2cc7dbf8-fd83-569b-bcd5-b18175028daa,K604001000Ia,2648,"게, 닭게, 젓갈","게,닭게,젓갈",게,게,어패류 및 그 제품,,수('82),10.4,INGREDIENT,1,0,,16,PARTIAL,[],[],57,0.8,12.2,0.6,,,3750,3.4,,,0
4d164551-637f-5718-ac12-11ac2317abd8,K6020030000a,2649,"게, 대게, 생것","게,대게,생것",게,게,어패류 및 그 제품,생것,수('09),10.4,INGREDIENT,1,0,,16,PARTIAL,[],[],85,0.5,17.4,1,,475,158,0.5,,1,0
52a6f394-6e45-50b5-8b58-7e9428f6e8c2,K6020030009b,2650,"게, 대게, 삶은것","게,대게,삶은것",게,게,어패류 및 그 제품,삶은것,JAPAN('20),10.4,INGREDIENT,1,0,,16,QUALIFIED,"[""vitamin_a_mcg_rae"",""vitamin_c_mg""]","[""fiber_g""]",65,0.1,15,0.6,0,240,120,0.7,240,0,0
d2dd0f2e-1017-5f58-857d-53b1927c4e66,K6020030003a,2651,"게, 대게, 삶아서 말린것","게,대게,삶아서 말린것",게,게,어패류 및 그 제품,,수('09),10.4,INGREDIENT,1,0,,16,PARTIAL,[],[],314,2,66.7,2.6,,,669,3.9,,,1
9e9ef3df-352c-52b0-a7a6-0b116cb3a37c,K602003000Ra,2652,"게, 대게, 통조림","게,대게,통조림",게,게,어패류 및 그 제품,통조림,JAPAN('20),10.4,INGREDIENT,1,0,,16,QUALIFIED,[],"[""fiber_g""]",69,0.2,16.3,0.4,0,670,68,0.5,21,0,0
6bbca63d-1aa8-53f9-bfab-99a280d1e36c,K6020040000a,2653,"게, 민꽃게, 생것","게,민꽃게,생것",게,게,어패류 및 그 제품,생것,수('09),10.4,INGREDIENT,1,0,,16,PARTIAL,[],[],86,2,14.8,1.6,,,79,1.9,,,
743a8c0d-5216-54e1-907e-94e1b839694d,K6020060000a,2654,"게, 방게, 생것","게,방게,생것",게,게,어패류 및 그 제품,생것,수('86),10.4,INGREDIENT,1,0,,16,PARTIAL,[],[],66,0.9,11.9,1.3,,134,4668,4.8,165,0,0
e4cb1809-1265-56ee-8e4e-1526c3315cc0,K6020100000a,2655,"게, 붉은대게, 생것","게,붉은대게,생것",게,게,어패류 및 그 제품,생것,수('09),10.4,INGREDIENT,1,0,,16,PARTIAL,[],[],48,0.3,10.5,0.3,,,211,1.5,,,
dfbfd250-ff98-5f69-91e7-93cb036f3d0d,K6020070000a,2656,"게, 왕게, 생것","게,왕게,생것",게,게,어패류 및 그 제품,생것,수('09),10.4,INGREDIENT,1,0,,16,PARTIAL,[],[],67,0.6,13.7,0.7,,550,69,2.1,370,0,
7e8504de-aeea-5e26-891f-64b83493c03e,K6020070009b,2657,"게, 왕게, 삶은것","게,왕게,삶은것",게,게,어패류 및 그 제품,삶은것,JAPAN('20),10.4,INGREDIENT,1,0,,16,QUALIFIED,"[""vitamin_c_mg""]","[""fiber_g""]",77,0.3,17.5,1.5,0,310,48,0.2,230,1,0
6498fb77-cded-5aac-a636-c32cf7d71e86,K6020080000a,2658,"게, 주름송편게, 생것","게,주름송편게,생것",게,게,어패류 및 그 제품,생것,수('09),10.4,INGREDIENT,1,0,,16,PARTIAL,[],[],87,1.1,18.8,0.3,,,66,0.6,,,
1ac28869-716f-5680-8163-7b724a3e9ef1,K6020090000a,2659,"게, 참게, 생것","게,참게,생것",게,게,어패류 및 그 제품,생것,수('09),10.4,INGREDIENT,1,0,,16,PARTIAL,[],[],175,0.2,14.4,12,,,359,11.4,,200,1
d4aeb594-2a55-5d10-99dc-621637b1530a,K6030000009a,2660,"게맛살, 어육함량이 낮은것","게맛살,어육함량이 낮은것",게맛살,게맛살,어패류 및 그 제품,,농진청('19),10.4,INGREDIENT,1,0,,3,MEASURED,[],[],119,19.45,7.7,1.12,0,668,303,0.26,41,1,0
837eae08-5ea8-5f45-828b-26dbaed77720,K6030000009c,2661,"게맛살, 어육함량이 낮은것, 데친것","게맛살,어육함량이 낮은것,데친것",게맛살,게맛살,어패류 및 그 제품,데친것,농진청('19),10.4,INGREDIENT,1,1,LOWEST_COMPLEXITY_VARIANT,3,MEASURED,[],[],118,19.31,7.71,1.09,0,600,298,0.24,38,1,0
f2d56d8f-1576-5a64-a856-73acad47ada6,K6030010009a,2662,"게맛살, 어육함량이 높은것","게맛살,어육함량이 높은것",게맛살,게맛살,어패류 및 그 제품,,농진청('19),10.4,INGREDIENT,1,0,,3,MEASURED,[],[],93,9.52,11.67,0.87,0,777,288,0.18,73,0,0
b2d67881-b229-53cc-a444-a573bc65341d,K6050000000a,2663,"군소, 생것","군소,생것",군소,군소,어패류 및 그 제품,생것,수('09),10.4,INGREDIENT,1,1,GENERIC_RAW,2,PARTIAL,[],[],36,0.5,5.8,1,,,109,1.7,,0,1
b80c5142-afd5-5d1b-9713-d4fe127c4ffc,K6050010000a,2664,"군소, 풍선군소, 생것","군소,풍선군소,생것",군소,군소,어패류 및 그 제품,생것,수('08),10.4,INGREDIENT,1,0,,2,PARTIAL,[],[],43,0.5,7.7,0.9,,,117,2.2,,0,1
855ecf13-e445-51d8-8c38-e53289d7cd06,K6060010000a,2665,"꼴뚜기, 불똥꼴뚜기, 생것","꼴뚜기,불똥꼴뚜기,생것",꼴뚜기,꼴뚜기,어패류 및 그 제품,생것,수('82),10.4,INGREDIENT,1,0,,9,PARTIAL,[],[],91,0.6,14.4,3,,170,9,5,290,15,
40decca0-a70e-52be-a0de-dc11324d83d0,K6060010009b,2666,"꼴뚜기, 불똥꼴뚜기, 삶은것","꼴뚜기,불똥꼴뚜기,삶은것",꼴뚜기,꼴뚜기,어패류 및 그 제품,삶은것,JAPAN('20),10.4,INGREDIENT,1,0,,9,QUALIFIED,"[""vitamin_c_mg""]","[""fiber_g""]",91,0.4,17.7,2.9,0,240,22,1.1,240,1900,0
96972bf8-d8b5-5198-84a0-df1a89e3c4a3,K6060010009p,2667,"꼴뚜기, 불똥꼴뚜기, 조린것","꼴뚜기,불똥꼴뚜기,조린것",꼴뚜기,꼴뚜기,어패류 및 그 제품,,JAPAN('20),10.4,INGREDIENT,1,0,,9,QUALIFIED,[],"[""fiber_g""]",245,22.9,27,6.7,0,1200,26,2.7,96,690,0
0f87d61f-b013-5442-acad-11e1c2329d2e,K606001000Ga,2668,"꼴뚜기, 불똥꼴뚜기, 조미훈제","꼴뚜기,불똥꼴뚜기,조미훈제",꼴뚜기,꼴뚜기,어패류 및 그 제품,조미훈제,JAPAN('20),10.4,INGREDIENT,1,0,,9,QUALIFIED,[],"[""fiber_g""]",305,21.3,43.1,7.5,0,1500,55,10,240,150,0
4ad09ba5-2af6-58ee-993f-ece918fde850,K6060000000a,2669,"꼴뚜기, 참꼴뚜기, 생것","꼴뚜기,참꼴뚜기,생것",꼴뚜기,꼴뚜기,어패류 및 그 제품,생것,수('09),10.4,INGREDIENT,1,1,NUTRITION_MEDOID_RAW,9,PARTIAL,[],[],78,1,13.6,1.8,,152,48,1,244,0,0
055c9539-8e93-5ca9-8be6-74e717cdb172,K6060000003a,2670,"꼴뚜기, 참꼴뚜기, 삶아서 말린것","꼴뚜기,참꼴뚜기,삶아서 말린것",꼴뚜기,꼴뚜기,어패류 및 그 제품,,수('09),10.4,INGREDIENT,1,0,,9,PARTIAL,[],[],286,1.7,51.3,6.6,,1060,505,4.4,532,70,1
d8730217-be05-574c-957c-d3075cf8ba66,K6060020000a,2671,"꼴뚜기, 창꼴뚜기, 생것","꼴뚜기,창꼴뚜기,생것",꼴뚜기,꼴뚜기,어패류 및 그 제품,생것,수('09),10.4,INGREDIENT,1,0,,9,PARTIAL,[],[],70,0.8,14.7,0.5,,,22,0.9,,,
f80a0a50-8f6f-5b32-b1b6-d80fd1ea81b8,K607000000Ia,2672,"꼴뚜기, 젓갈","꼴뚜기,젓갈",꼴뚜기,꼴뚜기,어패류 및 그 제품,,수('09),10.4,INGREDIENT,1,0,,9,PARTIAL,[],[],83,0.3,16,2,,1436,110,5.6,204,0,0
dd2d9f57-a121-5efd-b71d-08704615c75e,K607000127Ia,2673,"꼴뚜기, 양념젓갈","꼴뚜기,양념젓갈",꼴뚜기,꼴뚜기,어패류 및 그 제품,,식약('96),10.4,INGREDIENT,1,0,,9,PARTIAL,[],[],114,14.8,9.6,1.8,,1687,30,0.5,232,74,4
18c3f462-dabb-57ae-b870-3fa6739bd324,K6080000000a,2674,"낙지, 생것","낙지,생것",낙지,낙지,어패류 및 그 제품,생것,수('16),10.4,INGREDIENT,1,1,GENERIC_RAW,3,PARTIAL,[],[],73,0,16.3,0.43,0,479,26,1.48,237,,
4b2bc13d-d649-5247-b9a7-08c83fb56d62,K6080010000a,2675,"낙지, 세발낙지, 생것","낙지,세발낙지,생것",낙지,낙지,어패류 및 그 제품,생것,식약('96),10.4,INGREDIENT,1,0,,3,PARTIAL,[],[],55,0.1,11.5,0.6,,227,15,0.5,273,0,0
130fdb5f-9d15-5717-855c-052342a943b8,K806000127Ia,2676,"낙지, 양념젓갈","낙지,양념젓갈",낙지,낙지,어패류 및 그 제품,,농진청('16),10.4,INGREDIENT,1,0,,3,MEASURED,[],[],161,27.14,10,1.36,2.3,1363,54,2.35,232,72,0
668db10f-6de4-53e4-8c15-01df2286c366,K6100000000a,2677,"멍게(우렁쉥이), 생것","멍게(우렁쉥이),생것",멍게(우렁쉥이),멍게우렁쉥이,어패류 및 그 제품,생것,JAPAN('20),10.4,INGREDIENT,1,1,GENERIC_RAW,1,PARTIAL,"[""vitamin_a_mcg_rae""]",[],27,0.8,5,0.8,,1300,32,5.7,570,0,3
81c8153f-4ec6-5e85-b55e-8f27eb76a056,K6100030000a,2678,"멍게, 양식, 생것","멍게,양식,생것",멍게,멍게,어패류 및 그 제품,생것,수('89),10.4,INGREDIENT,1,1,NUTRITION_MEDOID_RAW,4,PARTIAL,[],[],73,4.9,8.7,2.1,,1300,36,6.9,570,0,3
cc21888d-e1a1-5cb1-a934-fe6948b08710,K807000127Ia,2679,"멍게, 양념젓갈","멍게,양념젓갈",멍게,멍게,어패류 및 그 제품,,농진청('16),10.4,INGREDIENT,1,0,,4,MEASURED,[],[],140,22.99,9.25,1.19,2.3,1712,41,1.77,232,98,0
4a35281c-f1a8-5c84-a5ab-2ffabe28c1aa,K6100010000a,2680,"멍게, 끈멍게, 생것","멍게,끈멍게,생것",멍게,멍게,어패류 및 그 제품,생것,수('89),10.4,INGREDIENT,1,0,,4,PARTIAL,[],[],63,5,7.4,1.5,,,38,2.4,,0,2
32f8f24a-b8fe-5cb8-aa12-6d85947ce6a9,K6100020000a,2681,"멍게, 붉은멍게, 생것","멍게,붉은멍게,생것",멍게,멍게,어패류 및 그 제품,생것,수('09),10.4,INGREDIENT,1,0,,4,PARTIAL,[],[],75,3.7,9.2,2.6,,,37,1.8,,0,2
a4018607-f814-5eb0-8347-63cc335bbc5c,K6110000000a,2682,"문어, 생것","문어,생것",문어,문어,어패류 및 그 제품,생것,JAPAN('20),10.4,INGREDIENT,1,1,GENERIC_RAW,5,QUALIFIED,"[""vitamin_c_mg""]","[""fiber_g""]",70,0.1,16.4,0.7,0,280,16,0.6,290,5,0
beca9802-df00-5fc1-8a3b-f5e4c11c25fb,K6110000009b,2683,"문어, 삶은것","문어,삶은것",문어,문어,어패류 및 그 제품,삶은것,JAPAN('20),10.4,INGREDIENT,1,0,,5,QUALIFIED,"[""vitamin_c_mg""]","[""fiber_g""]",91,0.1,21.7,0.7,0,230,19,0.2,240,5,0
fd0cdb6d-3088-5c03-bbb2-72f1f66bf338,K6110010000a,2684,"문어, 대문어, 생것","문어,대문어,생것",문어,문어,어패류 및 그 제품,생것,수('09),10.4,INGREDIENT,1,0,,5,PARTIAL,[],[],58,0.3,12.2,0.6,,,21,0.7,,,
3af956da-40e7-5498-80f1-d8be6b20e5cc,K6110000001a,2685,"문어, 대문어, 말린것","문어,대문어,말린것",문어,문어,어패류 및 그 제품,말린것,수('09),10.4,INGREDIENT,1,0,,5,PARTIAL,[],[],348,3.6,72,3.1,,815,115,3,930,3,0
1bf22b43-5fee-5639-abaf-84e7998d28e9,K6110030000a,2686,"문어, 참문어, 생것","문어,참문어,생것",문어,문어,어패류 및 그 제품,생것,수('09),10.4,INGREDIENT,1,0,,5,PARTIAL,[],[],56,0.1,12.7,0.2,,,23,0.5,,,
38208198-b7cc-58a2-a207-05e13228d4f1,K6120000000a,2687,"미더덕, 생것","미더덕,생것",미더덕,미더덕,어패류 및 그 제품,생것,수('09),10.4,INGREDIENT,1,1,GENERIC_RAW,2,PARTIAL,[],[],44,4.1,4.3,1.2,0,,40,3.2,,0,4
b18ecf8e-99e2-5111-b466-02d67a96d3c9,K6120010000a,2688,"미더덕, 주름미더덕, 생것","미더덕,주름미더덕,생것",미더덕,미더덕,어패류 및 그 제품,생것,수('09),10.4,INGREDIENT,1,0,,2,PARTIAL,[],[],52,2.3,9,0.7,,,89,8.5,,,
35522275-1b58-573a-b0d2-78e2f51484de,K6130010000a,2689,"새우, 가시발새우, 생것","새우,가시발새우,생것",새우,새우,어패류 및 그 제품,생것,수('09),10.4,INGREDIENT,1,0,,38,PARTIAL,[],[],71,0.6,15.2,0.5,0,,196,7.4,,0,0
9d8a40af-5841-5419-ac98-d5e111ea57fb,K6130030000a,2690,"새우, 각시흰새우, 생것","새우,각시흰새우,생것",새우,새우,어패류 및 그 제품,생것,수('09),10.4,INGREDIENT,1,0,,38,PARTIAL,[],[],85,1,15.7,1.6,,,1341,1.8,,9,2
2d3b810b-6689-5dc9-b571-b87bb006fc4d,K6130040000a,2691,"새우, 긴뿔천길새우, 생것","새우,긴뿔천길새우,생것",새우,새우,어패류 및 그 제품,생것,수('09),10.4,INGREDIENT,1,0,,38,PARTIAL,"[""vitamin_c_mg""]",[],92,0,20,0.8,,,71,1.4,,0,0
7c836eb4-20e3-5bdb-b71e-4479d9298149,K6130050000a,2692,"새우, 꽃새우, 생것","새우,꽃새우,생것",새우,새우,어패류 및 그 제품,생것,수('82),10.4,INGREDIENT,1,0,,38,PARTIAL,[],[],114,0.6,22,2,,,48,6,,0,0
b795977e-0c80-594d-a0cd-8464c60fe931,K6130050003a,2693,"새우, 꽃새우, 삶아서 말린것","새우,꽃새우,삶아서 말린것",새우,새우,어패류 및 그 제품,,수('09),10.4,INGREDIENT,1,0,,38,MEASURED,[],[],307,4.1,55.5,5.9,0,3500,4068,15.6,680,0,0
ae71de8c-46b9-5a6d-9d97-699440480c51,K6130050009e,2694,"새우, 꽃새우, 찐것","새우,꽃새우,찐것",새우,새우,어패류 및 그 제품,찐것,USDA('18),10.4,INGREDIENT,1,0,,38,MEASURED,[],[],119,1.52,22.78,1.7,0,947,91,0.32,170,90,0
e25268f0-4cec-51e9-8d95-85bad19959a2,K6130050009k,2695,"새우, 꽃새우, 튀긴것(빵가루)","새우,꽃새우,튀긴것(빵가루)",새우,새우,어패류 및 그 제품,튀긴것(빵가루),USDA('18),10.4,INGREDIENT,1,0,,38,PARTIAL,[],[],242,11.47,21.39,12.28,0.4,344,67,1.26,225,,1.5
fe354063-9623-588f-94e0-9ebb7fa13ea1,K6130050007a,2696,"새우, 꽃새우, 냉동","새우,꽃새우,냉동",새우,새우,어패류 및 그 제품,냉동,수('82),10.4,INGREDIENT,1,0,,38,PARTIAL,[],[],114,0.6,22,2,,,2410,,,,
76247929-5a70-5153-9032-fe14f036947f,K6130050009r,2697,"새우, 꽃새우, 장조림","새우,꽃새우,장조림",새우,새우,어패류 및 그 제품,,수('82),10.4,INGREDIENT,1,0,,38,PARTIAL,[],[],230,25.8,25.9,2.6,,,125,20,,,0
f193c42c-a996-5d10-b981-1ff61d064c67,K6130060000a,2698,"새우, 닭새우, 생것","새우,닭새우,생것",새우,새우,어패류 및 그 제품,생것,수('09),10.4,INGREDIENT,1,0,,38,PARTIAL,[],[],88,1.3,17,1.2,,130,68,2,380,0,2
6baa8f2f-6c26-5acb-81dc-5b4f369ea80c,K6130070000a,2699,"새우, 대하, 생것","새우,대하,생것",새우,새우,어패류 및 그 제품,생것,수('09),10.4,INGREDIENT,1,1,NUTRITION_MEDOID_RAW,38,PARTIAL,[],[],82,0.1,18.1,0.6,,120,74,1.4,340,0,1
16617261-e47c-5bd8-85f4-61c6fe6836e0,K6130070001a,2700,"새우, 대하, 말린것","새우,대하,말린것",새우,새우,어패류 및 그 제품,말린것,국('77),10.4,INGREDIENT,1,0,,38,PARTIAL,[],[],360,15.6,62.4,3.5,,620,236,4.6,1100,,0
ea73a91f-89b3-51c9-af6b-31c69a104312,K6130090000a,2701,"새우, 물렁가시붉은새우, 생것","새우,물렁가시붉은새우,생것",새우,새우,어패류 및 그 제품,생것,수('09),10.4,INGREDIENT,1,0,,38,PARTIAL,[],[],83,0.6,18,0.5,,,,,,,
d0e61236-5407-5d18-9700-199c0c811b95,K6130110000a,2702,"새우, 보리새우, 생것","새우,보리새우,생것",새우,새우,어패류 및 그 제품,생것,수('09),10.4,INGREDIENT,1,0,,38,PARTIAL,[],[],71,0.1,15.1,0.7,,140,87,1.1,450,0,1
c65bd9a7-fb25-50f0-b310-5b7ddfae1ca5,K6130110009b,2703,"새우, 보리새우, 삶은것","새우,보리새우,삶은것",새우,새우,어패류 및 그 제품,삶은것,JAPAN('20),10.4,INGREDIENT,1,0,,38,QUALIFIED,"[""carbohydrate_g"",""vitamin_c_mg""]","[""fiber_g""]",116,0,28.2,0.5,0,200,61,1,500,5,0
6ea84bdf-f6a0-512b-92b2-e79c0ad2f256,K6130120000a,2704,"새우, 부채새우, 생것","새우,부채새우,생것",새우,새우,어패류 및 그 제품,생것,수('09),10.4,INGREDIENT,1,0,,38,PARTIAL,[],[],65,0,13.7,0.8,,362,84,1.3,224,0,1
8b808256-40bc-5dd5-a171-11e2d23a90f2,K6130130000a,2705,"새우, 중하, 생것","새우,중하,생것",새우,새우,어패류 및 그 제품,생것,수('09),10.4,INGREDIENT,1,0,,38,PARTIAL,[],[],94,0.1,20.1,0.9,,270,77,2.6,240,0,1
ef1d0265-9e9e-5505-a895-f4c179d2215f,K6130130003a,2706,"새우, 중하, 삶아서 말린것","새우,중하,삶아서 말린것",새우,새우,어패류 및 그 제품,,수('09),10.4,INGREDIENT,1,0,,38,PARTIAL,[],[],300,2.9,54.4,6.2,,,2767,12.1,,0,0
35f9557d-b2e7-57d3-b3fc-12315ec55554,K613013000Ba,2707,"새우, 중하, 조미하여 말린것","새우,중하,조미하여 말린것",새우,새우,어패류 및 그 제품,조미하여 말린것,수('09),10.4,INGREDIENT,1,0,,38,PARTIAL,[],[],319,46.7,28.5,2,0,,1078,6.5,,0,0
beb675f4-0576-5ef8-8d75-64558f2f9f8d,K613013000Ra,2708,"새우, 중하, 통조림","새우,중하,통조림",새우,새우,어패류 및 그 제품,통조림,수('82),10.4,INGREDIENT,1,0,,38,PARTIAL,[],[],95,0.6,21.5,0.7,,540,56,3,30,0,0
cc39560b-16ac-5a60-bcb7-be9b40a3cb43,K617003000Ia,2709,"새우, 중하, 젓갈","새우,중하,젓갈",새우,새우,어패류 및 그 제품,,수('82),10.4,INGREDIENT,1,0,,38,PARTIAL,[],[],88,0.3,15.8,2.6,,,688,24,,,
6f5f7a1f-79f0-527a-aae4-333285173d24,K6130140000a,2710,"새우, 젓새우, 생것","새우,젓새우,생것",새우,새우,어패류 및 그 제품,생것,수('09),10.4,INGREDIENT,1,0,,38,PARTIAL,[],[],62,2.6,9.6,1.2,,360,695,0.7,320,3,2
790a510c-2312-54cc-a69f-716d36276605,K6130140009p,2711,"새우, 젓새우, 조린것","새우,젓새우,조린것",새우,새우,어패류 및 그 제품,,JAPAN('20),10.4,INGREDIENT,1,0,,38,PARTIAL,[],[],230,35.1,19.1,1.8,,2700,490,7.1,350,171,0
c524506a-b512-5288-bb5a-3d633bc879cc,K617006000Ia,2712,"새우, 젓새우, 젓갈","새우,젓새우,젓갈",새우,새우,어패류 및 그 제품,,수('09),10.4,INGREDIENT,1,0,,38,PARTIAL,[],[],53,0.7,10.4,0.9,,6200,871,6.2,210,0,0
8390874e-5a65-5011-a122-efa9d09bef38,K6130150000a,2713,"새우, 징거미새우, 생것","새우,징거미새우,생것",새우,새우,어패류 및 그 제품,생것,수('09),10.4,INGREDIENT,1,0,,38,PARTIAL,[],[],90,0,18.3,1.4,,,115,1.8,,0,1
b1832d56-d83b-5b9c-ac04-92984af74540,K6130160000a,2714,"새우, 철모새우(도화새우), 생것","새우,철모새우(도화새우),생것",새우,새우,어패류 및 그 제품,생것,수('09),10.4,INGREDIENT,1,0,,38,PARTIAL,[],[],90,0.9,18.5,0.9,,,338,0.6,,,
7d92efd2-3746-5cde-ae61-74a6d0fcb63f,K6130170000a,2715,"새우, 펄닭새우, 생것","새우,펄닭새우,생것",새우,새우,어패류 및 그 제품,생것,수('09),10.4,INGREDIENT,1,0,,38,PARTIAL,[],[],61,0,13.2,0.6,,,168,1,,0,1
b0e30ea1-521c-5176-b6e7-f3ee9a37c7a9,K6130180000a,2716,"새우, 흰다리새우, 생것","새우,흰다리새우,생것",새우,새우,어패류 및 그 제품,생것,수('16),10.4,INGREDIENT,1,0,,38,PARTIAL,[],[],98,0,21.17,0.89,0,122,49,0.89,330,,0
ace4095b-9e06-53b6-bf8d-36c15030c6bf,K615000B050a,2717,"새우, 껍질, 생것","새우,껍질,생것",새우,새우,어패류 및 그 제품,생것,수('82),10.4,INGREDIENT,1,0,,38,PARTIAL,[],[],323,6.1,44,11.9,,,5,0.1,,,
847ea8f2-1cb5-5202-abcc-3d6f4f4df932,K6140000001n,2718,"새우 볶음, 말린것, 볶은것","새우 볶음,말린것,볶은것",새우 볶음,새우볶음,어패류 및 그 제품,,식약('11),10.4,INGREDIENT,1,1,LOWEST_COMPLEXITY_VARIANT,1,MEASURED,[],[],342,28.5,23.4,13.4,2.1,981,1567,41,364,46,0
974ce833-d3dc-5137-90ea-216194a702b3,K6160000007a,2719,"새우 튀김용, 냉동","새우 튀김용,냉동",새우 튀김용,새우튀김용,어패류 및 그 제품,냉동,JAPAN('20),10.4,INGREDIENT,1,1,LOWEST_COMPLEXITY_VARIANT,2,PARTIAL,"[""vitamin_a_mcg_rae""]",[],139,20.3,10.2,1.9,,340,42,1.5,95,0,1
6da3585b-addb-52bc-80bd-e06417a4b6a6,K6160000009a,2720,"새우 튀김용, 튀긴것(빵가루)","새우 튀김용,튀긴것(빵가루)",새우 튀김용,새우튀김용,어패류 및 그 제품,튀긴것(빵가루),농진청('17),10.4,INGREDIENT,1,0,,2,MEASURED,[],[],263,28.84,6.43,13.53,1.5,392,78,0.45,48,0,0
114fb0a5-d84a-594f-84b5-af3a0226e842,K617004000Ia,2721,"새우, 젓갈","새우,젓갈",새우,새우,어패류 및 그 제품,,농진청('19),10.4,INGREDIENT,1,0,,38,MEASURED,[],[],40,1.2,8.09,0.32,0,8003,441,0.52,214,28,0
55fc5737-7429-5208-a492-05294968f33d,K617007000Ia,2722,"새우, 젓갈, 추젓","새우,젓갈,추젓",새우,새우,어패류 및 그 제품,,농진청('05),10.4,INGREDIENT,1,0,,38,PARTIAL,[],[],47,1.2,9.1,0.6,,9138,461,0.9,312,14,0
e5ac6ce2-7ff2-5960-a677-6f307ac1fe0f,K617001136Ia,2723,"새우, 젓갈, 토굴대때기젓","새우,젓갈,토굴대때기젓",새우,새우,어패류 및 그 제품,,농진청('05),10.4,INGREDIENT,1,0,,38,PARTIAL,[],[],53,1.7,10.1,0.6,,8155,591,2,320,33,0
27eb502c-0549-57e2-84fc-dce85959fc9a,K617002136Ia,2724,"새우, 젓갈, 토굴동백하젓","새우,젓갈,토굴동백하젓",새우,새우,어패류 및 그 제품,,농진청('05),10.4,INGREDIENT,1,0,,38,PARTIAL,[],[],49,1.6,8.3,1,,9173,473,1.2,286,31,0
be673f84-b15b-5721-a131-00f6805cde20,K617009136Ia,2725,"새우, 젓갈, 토굴오젓","새우,젓갈,토굴오젓",새우,새우,어패류 및 그 제품,,농진청('05),10.4,INGREDIENT,1,0,,38,PARTIAL,[],[],57,2.5,10.8,0.4,,8634,390,0.5,349,33,0
7bcfb77d-6969-5d2c-9f0e-d1c7c8aa5c02,K617005136Ia,2726,"새우, 젓갈, 토굴육젓","새우,젓갈,토굴육젓",새우,새우,어패류 및 그 제품,,농진청('05),10.4,INGREDIENT,1,0,,38,PARTIAL,[],[],56,1.9,10.8,0.6,,8791,396,0.6,342,39,0
5274a3e6-0c26-5881-a704-c71acc054705,K617007136Ia,2727,"새우, 젓갈, 토굴추젓","새우,젓갈,토굴추젓",새우,새우,어패류 및 그 제품,,농진청('05),10.4,INGREDIENT,1,0,,38,PARTIAL,[],[],46,1.5,8.9,0.5,,8794,421,1.2,244,30,0
ee98b08d-6db6-5e3d-8c9b-39dddd2793bd,K6180000000a,2728,"성게, 생것","성게,생것",성게,성게,어패류 및 그 제품,생것,수('82),10.4,INGREDIENT,1,1,GENERIC_RAW,7,PARTIAL,[],[],148,2,15.8,8.5,,190,20,4,490,,0
a04d13d6-b0d2-5c40-a7a4-c959ff3932d8,K620000000Ia,2729,"성게, 젓갈","성게,젓갈",성게,성게,어패류 및 그 제품,,국('77),10.4,INGREDIENT,1,0,,7,PARTIAL,[],[],128,4.4,21.4,2.8,,680,32,6.2,450,,0
c4e8118d-3dcd-595c-b371-d31916bec9a8,K620002000Ia,2730,"성게, 알, 젓갈","성게,알,젓갈",성게,성게,어패류 및 그 제품,,식약('96),10.4,INGREDIENT,1,0,,7,PARTIAL,[],[],104,13.4,9.2,1.5,,4091,22,0.7,171,53,0
e16a6c45-3d9d-5952-85fa-ec2d21a03d01,K6180010000a,2731,"성게, 보라성게, 생것","성게,보라성게,생것",성게,성게,어패류 및 그 제품,생것,수('09),10.4,INGREDIENT,1,0,,7,PARTIAL,[],[],173,7.6,16.1,8.7,,,70,2.4,,120,0
cfc46118-0ac3-5a12-bb59-8eee1d9c3c5f,K619001D599a,2732,"성게, 보라성게, 알, 생것","성게,보라성게,알,생것",성게,성게,어패류 및 그 제품,생것,수('89),10.4,INGREDIENT,1,0,,7,PARTIAL,[],[],173,7.6,16.1,8.7,,,70,2.4,,225,0
009fa8ad-ada5-5bea-a313-73e65a7ab24e,K620001000Ia,2733,"성게, 보라성게, 알, 젓갈","성게,보라성게,알,젓갈",성게,성게,어패류 및 그 제품,,수('09),10.4,INGREDIENT,1,0,,7,PARTIAL,[],[],143,7.3,18.3,4.5,,,44,1.8,,94,0
b2a4bb9c-12a3-5481-aa5f-a6e738daab9b,K618000000Ra,2734,"성게, 통조림","성게,통조림",성게,성게,어패류 및 그 제품,통조림,국('77),10.4,INGREDIENT,1,0,,7,PARTIAL,[],[],138,8.9,14,5.1,,,136,5,,,0
07eda474-7de6-5e2e-8c86-08c1e648d3bc,K6230000000a,2735,"오징어, 생것","오징어,생것",오징어,오징어,어패류 및 그 제품,생것,수('16),10.4,INGREDIENT,1,1,GENERIC_RAW,16,PARTIAL,[],[],94,0.16,18.84,1.44,0,199,11,0.18,351,,0
048ac98c-e38a-5c5b-ad07-053f815c85ee,K6230000009f,2736,"오징어, 구운것","오징어,구운것",오징어,오징어,어패류 및 그 제품,구운것,JAPAN('20),10.4,INGREDIENT,1,0,,16,QUALIFIED,[],"[""fiber_g""]",108,0.1,23.6,1,0,330,14,0.2,360,22,1
316aec4e-32e1-5359-8b8d-c06d6907541f,K6230000009j,2737,"오징어, 튀긴것","오징어,튀긴것",오징어,오징어,어패류 및 그 제품,튀긴것,USDA('18),10.4,INGREDIENT,1,0,,16,MEASURED,[],[],175,7.79,17.94,7.48,0,306,39,1.01,279,11,4.2
e169ac78-74d9-5787-95c8-2283b716424d,K6230000001a,2738,"오징어, 말린것","오징어,말린것",오징어,오징어,어패류 및 그 제품,말린것,수('95),10.4,INGREDIENT,1,0,,16,PARTIAL,[],[],352,0.2,67.8,6.9,,980,252,2.8,750,0,0
e37b5a7d-b3c7-5b17-9c42-baa94f203b91,K6230000007a,2739,"오징어, 냉동","오징어,냉동",오징어,오징어,어패류 및 그 제품,냉동,수('82),10.4,INGREDIENT,1,0,,16,PARTIAL,[],[],88,0.5,17,1.5,,,11,,,2,
7d84d396-d4a5-53b3-b9b7-756885536c8a,K623000000Df,2740,"오징어, 조미, 구운것","오징어,조미,구운것",오징어,오징어,어패류 및 그 제품,구운것,식약('96),10.4,INGREDIENT,1,0,,16,PARTIAL,[],[],300,26.6,40.1,3.7,,1685,24,1.3,250,0,0
d6df2bd2-6f1e-5c60-b8fd-fdd07554cd33,K623000000Ga,2741,"오징어, 조미훈제","오징어,조미훈제",오징어,오징어,어패류 및 그 제품,조미훈제,수('09),10.4,INGREDIENT,1,0,,16,PARTIAL,[],[],205,12.4,34.4,2,,1228,29,4.3,164,0,0
151c652c-67ae-5e7d-9b61-bf2eb6a76fa6,K623000F06Ba,2742,"오징어, 채, 조미하여 말린것","오징어,채,조미하여 말린것",오징어,오징어,어패류 및 그 제품,조미하여 말린것,농진청('19),10.4,INGREDIENT,1,0,,16,MEASURED,[],[],282,22.79,39.31,2.41,0,1123,14,0.16,270,9,0
f676e070-3f73-52a1-88df-41807ef152c4,K623000D56Ba,2743,"오징어, 포, 조미하여 말린것","오징어,포,조미하여 말린것",오징어,오징어,어패류 및 그 제품,조미하여 말린것,수('82),10.4,INGREDIENT,1,0,,16,PARTIAL,[],[],280,0.4,63.5,2.7,,930,35,3,590,0,0
32027ca9-465d-5b58-abb7-e48009dba32e,K6230010000a,2744,"오징어, 갑오징어, 생것","오징어,갑오징어,생것",오징어,오징어,어패류 및 그 제품,생것,수('09),10.4,INGREDIENT,1,0,,16,PARTIAL,"[""vitamin_c_mg""]",[],75,0.1,15.1,1.2,,214,25,0.9,320,3,0
a461bce5-5f10-5431-b6cf-a3e7a06b5086,K6230010001a,2745,"오징어, 갑오징어, 말린것","오징어,갑오징어,말린것",오징어,오징어,어패류 및 그 제품,말린것,수('09),10.4,INGREDIENT,1,0,,16,PARTIAL,[],[],339,3.2,66.8,4.7,,,137,4,,0,0
08b8e382-2e60-5d14-b763-b1f9c196d73f,K6230020000a,2746,"오징어, 살오징어, 생것","오징어,살오징어,생것",오징어,오징어,어패류 및 그 제품,생것,수('09),10.4,INGREDIENT,1,0,,16,PARTIAL,[],[],72,0.2,15.7,0.5,,,25,1.6,,,
7ceba7a1-eccd-5999-ac5e-dc9f017be6f4,K6230030000a,2747,"오징어, 쇠갑오징어, 생것","오징어,쇠갑오징어,생것",오징어,오징어,어패류 및 그 제품,생것,수('09),10.4,INGREDIENT,1,0,,16,PARTIAL,[],[],79,0.2,16.9,0.7,,,14,0.5,,,
63026b31-2163-57f5-b868-c27966896ff9,K6230040000a,2748,"오징어, 참갑오징어, 생것","오징어,참갑오징어,생것",오징어,오징어,어패류 및 그 제품,생것,수('09),10.4,INGREDIENT,1,0,,16,PARTIAL,[],[],76,0.2,17.3,0.2,,,13,0.4,,,
4619f578-30f5-589a-a9b7-c1e351bf78d2,K627000127Ia,2749,"오징어, 양념젓갈","오징어,양념젓갈",오징어,오징어,어패류 및 그 제품,,농진청('19),10.4,INGREDIENT,1,0,,16,MEASURED,[],[],166,27,9.88,2.04,0,2278,29,1.05,172,38,12.77
edd6db3c-36c3-519d-9aed-6d2b54cf89cd,K627001000Ia,2750,"오징어, 내장, 젓갈","오징어,내장,젓갈",오징어,오징어,어패류 및 그 제품,,수('82),10.4,INGREDIENT,1,0,,16,PARTIAL,[],[],98,5,16,1.5,,,72,5,,,0
68bc99b2-1461-52d2-a0dc-a7aed878e8e7,K6240000009j,2751,오징어 튀김,오징어 튀김,오징어 튀김,오징어튀김,어패류 및 그 제품,,식약('11),10.4,INGREDIENT,1,1,EXACT_BASE_NAME,1,MEASURED,[],[],308,24.3,11.9,18.1,0.7,360,25,3.1,132,2,6
15869687-67b8-5a85-b772-f4c475f18805,K6280000009n,2752,오징어채 볶음,오징어채 볶음,오징어채 볶음,오징어채볶음,어패류 및 그 제품,,식약('11),10.4,INGREDIENT,1,1,EXACT_BASE_NAME,1,MEASURED,[],[],278,41.4,18.6,4.2,1.5,1161,27,8.6,199,54,4
4e51bffb-65ca-5371-b671-63ed1528bbec,K6290000000a,2753,"주꾸미, 생것","주꾸미,생것",주꾸미,주꾸미,어패류 및 그 제품,생것,수('09),10.4,INGREDIENT,1,1,GENERIC_RAW,1,PARTIAL,[],[],52,0.5,10.8,0.5,,,19,1.4,,0,0
632aed7f-d3a0-5d8a-bdde-2812eeb1f821,K6300000000a,2754,"크릴, 생것","크릴,생것",크릴,크릴,어패류 및 그 제품,생것,수('08),10.4,INGREDIENT,1,1,GENERIC_RAW,2,PARTIAL,[],[],76,0.2,12.1,2.6,,420,401,2,320,158,2
532a4db7-1ebf-5c44-beec-425d3d4982f2,K6300000009b,2755,"크릴, 삶은것","크릴,삶은것",크릴,크릴,어패류 및 그 제품,삶은것,JAPAN('20),10.4,INGREDIENT,1,0,,2,PARTIAL,"[""carbohydrate_g""]",[],78,0,13.8,3,,620,350,0.6,200,150,4
9542e7d6-b291-5dde-a748-94ab9dd92fab,K6320000009a,2756,크릴 페이스트,크릴 페이스트,크릴 페이스트,크릴페이스트,어패류 및 그 제품,,수('08),10.4,INGREDIENT,1,1,EXACT_BASE_NAME,1,PARTIAL,[],[],130,2,16.5,5.5,,,180,,,,
0f7d9d53-be66-540c-9104-59ca94c886ce,K6330000000a,2757,"한치, 생것","한치,생것",한치,한치,어패류 및 그 제품,생것,식약('96),10.4,INGREDIENT,1,1,GENERIC_RAW,1,PARTIAL,[],[],81,0.3,14.9,1.8,,258,12,0.4,113,3,0
14d001d1-c73f-58b5-8299-fad606306c53,K6340000000a,2758,"해삼, 생것","해삼,생것",해삼,해삼,어패류 및 그 제품,생것,수('09),10.4,INGREDIENT,1,1,GENERIC_RAW,5,PARTIAL,[],[],24,1.3,3.7,0.4,,1300,119,2.1,70,0,0
0bd6bd40-5bf3-5100-a4fc-b3a53294b337,K6340000001a,2759,"해삼, 말린것","해삼,말린것",해삼,해삼,어패류 및 그 제품,말린것,수('09),10.4,INGREDIENT,1,0,,5,PARTIAL,[],[],331,3,77.6,0.9,,2842,1384,53,214,0,0
1a81b04a-e5ee-5d92-ae3d-020844adf4d9,K634000000Ka,2760,"해삼, 염장","해삼,염장",해삼,해삼,어패류 및 그 제품,염장,수('89),10.4,INGREDIENT,1,0,,5,PARTIAL,[],[],34,2.4,4.9,0.5,,6000,75,5.5,40,0,0
c1cd366f-8b7c-53b4-98c6-aed62e9336cd,K635000000Ia,2761,"해삼, 젓갈","해삼,젓갈",해삼,해삼,어패류 및 그 제품,,수('82),10.4,INGREDIENT,1,0,,5,PARTIAL,[],[],32,2.5,5.5,0,,,36,10,,0,0
03bb35c1-64bc-5ea8-9531-c47a8cc0cf05,K635001000Ia,2762,"해삼, 내장, 젓갈","해삼,내장,젓갈",해삼,해삼,어패류 및 그 제품,,수('09),10.4,INGREDIENT,1,0,,5,PARTIAL,[],[],43,0.8,7.7,1,,4100,80,4.3,380,55,0
5d4c897a-f350-5f59-a976-81253c5b4747,K6360000000a,2763,"해파리, 생것","해파리,생것",해파리,해파리,어패류 및 그 제품,생것,수('09),10.4,INGREDIENT,1,1,GENERIC_RAW,1,PARTIAL,[],[],6,0.1,1.3,0,0,,2,,,,
6c448c8d-6497-5902-b3a7-38c1d91f50e2,L0010000000a,2764,"갈래곰보, 생것","갈래곰보,생것",갈래곰보,갈래곰보,해조류,생것,수('09),10.4,INGREDIENT,1,1,GENERIC_RAW,1,PARTIAL,"[""vitamin_c_mg""]",[],12,4.6,0.9,0.2,,380,79,1.2,48,0,0
8ed281ac-3584-5fde-b088-17727b610500,L0020000001a,2765,"곰피, 말린것","곰피,말린것",곰피,곰피,해조류,말린것,수('82),10.4,INGREDIENT,1,1,LOWEST_COMPLEXITY_VARIANT,2,PARTIAL,[],[],141,54.7,12.9,1.3,,,921,20.6,,2,0
cd9efc50-4e8b-5ff3-a1ad-2977d7f03414,L0020000005a,2766,"곰피, 가루","곰피,가루",곰피,곰피,해조류,,수('82),10.4,INGREDIENT,1,0,,2,PARTIAL,[],[],129,51.4,10,1.4,,,,,,,
29a1db68-34b5-5977-bfda-6956c3fd385d,L0030010001a,2767,"김, 김밥용김, 말린것","김,김밥용김,말린것",김,김,해조류,말린것,농진청('19),10.4,INGREDIENT,1,0,,7,MEASURED,[],[],182,46.19,38.46,2.82,45.6,903,184,8.48,2655,1291,148.04
ee7dac2d-473d-5865-892b-8463098c7e33,L0030030001a,2768,"김, 둥근돌김, 말린것","김,둥근돌김,말린것",김,김,해조류,말린것,수('95),10.4,INGREDIENT,1,0,,7,PARTIAL,[],[],165,43.3,35.5,1.7,,,412,18.6,,2100,71
dc3c8e08-c873-5471-b4f0-bbcd31d3d67c,L0030040009f,2769,"김, 조미김, 구운것","김,조미김,구운것",김,김,해조류,구운것,농진청('15),10.4,INGREDIENT,1,0,,7,PARTIAL,[],[],307,4.82,37.69,49.23,,1299,174,5.78,1328,991,78.11
d664bdcc-90e1-52cd-9167-175635bd40bb,L0030090000a,2770,"김, 참김, 생것","김,참김,생것",김,김,해조류,생것,수('95),10.4,INGREDIENT,1,1,NUTRITION_MEDOID_RAW,7,PARTIAL,[],[],12,2,3.3,0.4,,144,490,4.5,2208,,
e34b5927-96d6-50e5-9787-3910c9eaba80,L0030090009f,2771,"김, 참김, 구운것","김,참김,구운것",김,김,해조류,구운것,농진청('01),10.4,INGREDIENT,1,0,,7,PARTIAL,[],[],174,41.7,43.3,0.9,,491,257,18.3,2931,1011,106
7d749461-3ba4-5e8a-b183-603bbb0129fd,L0030090001a,2772,"김, 참김, 말린것","김,참김,말린것",김,김,해조류,말린것,수('09),10.4,INGREDIENT,1,0,,7,PARTIAL,[],[],165,40.3,38.6,1.7,,1294,325,17.6,3503,1875,93
01728963-397f-5d0e-94ca-78aa8b2610a9,L0030100001a,2773,"김, 초밥김, 말린것","김,초밥김,말린것",김,김,해조류,말린것,국('88),10.4,INGREDIENT,1,0,,7,PARTIAL,[],[],151,40.9,32.7,0.8,,120,196,17.6,2520,1687,21
a932242b-b090-5cf6-9ce0-4d8994971f01,L0040000000a,2774,"꼬시래기, 생것","꼬시래기,생것",꼬시래기,꼬시래기,해조류,생것,수('09),10.4,INGREDIENT,1,1,GENERIC_RAW,1,PARTIAL,[],[],17,6.2,1.8,0.2,,75,630,6.9,42,20,9
a0094b06-5edf-50ca-bb6c-8be59cfbd53e,L0050000000a,2775,"다시마, 생것","다시마,생것",다시마,다시마,해조류,생것,수('09),10.4,INGREDIENT,1,1,GENERIC_RAW,3,PARTIAL,[],[],12,4.2,1.1,0.2,,75,103,2.4,1242,65,14
eb231c22-d449-58e4-b132-0df5e1e30114,L0050000001a,2776,"다시마, 말린것","다시마,말린것",다시마,다시마,해조류,말린것,수('09),10.4,INGREDIENT,1,0,,3,PARTIAL,[],[],110,45.2,7.4,1.1,,3100,708,6.3,7500,48,18
82c34db5-3295-5c53-8ab4-c48a63715302,L005000000Ka,2777,"다시마, 염장","다시마,염장",다시마,다시마,해조류,염장,식약('96),10.4,INGREDIENT,1,0,,3,PARTIAL,[],[],16,6,1.2,0.3,,10854,145,1.4,468,10,0
bd6ae90f-6165-57ca-bf69-523a938b2c07,L0070000009a,2778,다시마 육수,다시마 육수,다시마 육수,다시마육수,해조류,,농진청('11),10.4,INGREDIENT,1,1,EXACT_BASE_NAME,1,PARTIAL,[],[],1,0.3,0.1,0,,31,2,0,86,0,0
dca2ffe3-0be6-5892-90b2-003cac5d93be,L0080000009a,2779,다시마 튀각,다시마 튀각,다시마 튀각,다시마튀각,해조류,,식약('96),10.4,INGREDIENT,1,1,EXACT_BASE_NAME,1,PARTIAL,[],[],228,58.8,3.6,23,,1383,240,5,4258,43,17
c18b22e5-9acc-5e9b-98a1-8f7b64f6ae2e,L0090000001a,2780,"대황, 말린것","대황,말린것",대황,대황,해조류,말린것,수('09),10.4,INGREDIENT,1,1,LOWEST_COMPLEXITY_VARIANT,1,PARTIAL,[],[],145,64.5,7.3,0.2,,2900,811,5.5,3700,38,1
85f39f9a-27aa-5d46-8f48-c10b27c2fcd7,L0100000001a,2781,"뜸부기, 말린것","뜸부기,말린것",뜸부기,뜸부기,해조류,말린것,수('09),10.4,INGREDIENT,1,1,LOWEST_COMPLEXITY_VARIANT,1,PARTIAL,[],[],128,52.1,6.1,2.5,,,1090,23.9,,27,6
3d331814-4671-5c45-aba8-b8636a483bb5,L0110000000a,2782,"매생이, 생것","매생이,생것",매생이,매생이,해조류,생것,수('16),10.4,INGREDIENT,1,1,GENERIC_RAW,2,PARTIAL,[],[],39,8.19,3.88,3.29,6.5,104,91,18.3,263,,0
13983345-d936-5caa-89ac-29e26794a003,L0110000001a,2783,"매생이, 말린것","매생이,말린것",매생이,매생이,해조류,말린것,수('09),10.4,INGREDIENT,1,0,,2,PARTIAL,[],[],125,40.6,20.6,0.5,,,574,43.1,,,
b7d24f20-e021-5f4b-a0c7-968fd1cddc3c,L0120000000a,2784,"모자반, 생것","모자반,생것",모자반,모자반,해조류,생것,수('09),10.4,INGREDIENT,1,1,GENERIC_RAW,4,PARTIAL,[],[],18,6.7,1.8,0.2,0,,209,2.1,,,
49c7a7f4-7e46-5de2-8e11-578a11e9b76d,L0120000001a,2785,"모자반, 말린것","모자반,말린것",모자반,모자반,해조류,말린것,국('78),10.4,INGREDIENT,1,0,,4,PARTIAL,[],[],129,45.7,15.2,1.7,,,935,67.3,,368,2
7e9d3b11-020f-506d-a12e-2ab8e13b84c1,L0120000005a,2786,"모자반, 가루","모자반,가루",모자반,모자반,해조류,,수('82),10.4,INGREDIENT,1,0,,4,PARTIAL,[],[],127,40.8,14,3.9,,,,,,,
73e517bb-24c8-5b64-b01d-8c6e7b414915,L012000000Ka,2787,"모자반, 염장","모자반,염장",모자반,모자반,해조류,염장,수('09),10.4,INGREDIENT,1,0,,4,PARTIAL,[],[],18,5.4,3.1,0.2,,,221,9.1,,23,3
0d2a6bbb-db00-5b4c-8a42-af97e66cb87c,L0130000000a,2788,"미역, 생것","미역,생것",미역,미역,해조류,생것,수('16),10.4,INGREDIENT,1,1,GENERIC_RAW,8,PARTIAL,[],[],12,3.7,1.68,0.29,3.6,361,79,0.46,1112,,7.5
fbf5e723-aecf-57c2-b88d-158f66c476eb,L0130020000a,2789,"미역, 양식, 생것","미역,양식,생것",미역,미역,해조류,생것,수('09),10.4,INGREDIENT,1,0,,8,PARTIAL,[],[],15,5,2.1,0.2,,,153,1,,154,18
c150569b-597c-5a50-b8d8-6525cab9537d,L0130000001a,2790,"미역, 말린것","미역,말린것",미역,미역,해조류,말린것,농진청('17),10.4,INGREDIENT,1,0,,8,MEASURED,[],[],150,43.65,20.31,4.83,35.6,7535,1109,6.1,432,515,0
38d92f10-df24-5ba1-bb25-7a27eee17311,L0130000005a,2791,"미역, 가루","미역,가루",미역,미역,해조류,,수('82),10.4,INGREDIENT,1,0,,8,PARTIAL,[],[],134,52.4,10.7,1.8,,,,,,,
0955243b-fe04-5e71-a078-b6a1f259be95,L013000000Ka,2792,"미역, 염장","미역,염장",미역,미역,해조류,염장,수('09),10.4,INGREDIENT,1,0,,8,PARTIAL,[],[],34,8.8,6,0.9,,13000,178,3.2,250,81,3
5c64e45b-7863-5e0f-97bb-a3687b9d9458,L013000000Kc,2793,"미역, 염장, 데친것","미역,염장,데친것",미역,미역,해조류,데친것,수('95),10.4,INGREDIENT,1,0,,8,PARTIAL,[],[],35,9.3,6,0.9,,13000,178,3.2,250,81,3
b11c6b39-0a19-51a8-a059-6628da005f9e,L013000B160a,2794,"미역, 줄기, 생것","미역,줄기,생것",미역,미역,해조류,생것,수('09),10.4,INGREDIENT,1,0,,8,PARTIAL,[],[],14,4.6,1.8,0.2,,520,120,0.4,1900,30,12
c9d658a2-0306-5b9e-952a-7cd658303a96,L013000B16Lb,2795,"미역, 줄기, 염장 후 탈염, 삶은것","미역,줄기,염장 후 탈염,삶은것",미역,미역,해조류,삶은것,JAPAN('20),10.4,INGREDIENT,1,0,,8,MEASURED,[],[],18,5.5,1.1,0.3,5.1,3100,86,0.4,88,5,0
87bffa1c-5a76-5a34-87b9-cfca77ec1597,L0140000009j,2796,미역 튀각,미역 튀각,미역 튀각,미역튀각,해조류,,농진청('15),10.4,INGREDIENT,1,1,EXACT_BASE_NAME,1,PARTIAL,[],[],283,46.21,9.75,38.02,38.7,1038,766,11.75,,27,0
aca3f3de-9b61-5033-873b-f3e750344183,L0150000001a,2797,"불등풀가사리, 말린것","불등풀가사리,말린것",불등풀가사리,불등풀가사리,해조류,말린것,수('09),10.4,INGREDIENT,1,1,LOWEST_COMPLEXITY_VARIANT,1,PARTIAL,[],[],147,55.7,16.5,0.6,0,,481,28.4,,0,6
a51b89d2-2aec-5cfe-bd6d-1463de95ba8c,L0170000001a,2798,"석묵, 말린것","석묵,말린것",석묵,석묵,해조류,말린것,수('09),10.4,INGREDIENT,1,1,LOWEST_COMPLEXITY_VARIANT,1,PARTIAL,[],[],38,9.1,9.6,0.2,0,,215,7.6,,2,0
2bea6e53-8df2-59d1-975a-e9b2601742fe,L0180000000a,2799,"순채, 생것","순채,생것",순채,순채,해조류,생것,수('09),10.4,INGREDIENT,1,1,GENERIC_RAW,1,PARTIAL,[],[],22,7.1,2.5,0.7,0,,171,6.9,,533,97
80a498f8-02a7-5a50-bb49-ed606155ced3,L0190000000a,2800,"우뭇가사리, 생것","우뭇가사리,생것",우뭇가사리,우뭇가사리,해조류,생것,수('09),10.4,INGREDIENT,1,1,GENERIC_RAW,1,PARTIAL,[],[],46,18.5,4.2,0.2,0,,183,3.9,,180,15
41942b3b-7663-5180-b5f0-c0f4e297e129,L0200000009a,2801,우뭇가사리묵(우무),우뭇가사리묵(우무),우뭇가사리묵(우무),우뭇가사리묵우무,해조류,,수('09),10.4,INGREDIENT,1,1,EXACT_BASE_NAME,1,PARTIAL,[],[],2,0.8,0.1,0,0,,10,0.3,,0,0
6482cd94-91b4-5964-9af2-2a9187802082,L0210000009a,2802,한천,한천,한천,한천,해조류,,수('09),10.4,INGREDIENT,1,1,EXACT_BASE_NAME,1,PARTIAL,[],[],154,74.6,2.3,0.1,0,,523,7.8,,0,0
30609d9c-4fd8-51a9-afa5-091b689997b9,L0220000001a,2803,"진두발, 말린것","진두발,말린것",진두발,진두발,해조류,말린것,수('82),10.4,INGREDIENT,1,1,LOWEST_COMPLEXITY_VARIANT,1,PARTIAL,[],[],119,53.5,2.5,1.5,,551,535,320,3628,,1
ef9d4540-0b57-5561-b7e9-7148791d8069,L0230000000a,2804,"청각, 생것","청각,생것",청각,청각,해조류,생것,수('09),10.4,INGREDIENT,1,1,GENERIC_RAW,2,PARTIAL,[],[],8,1.6,1.4,0.4,0,,37,2.5,,23,9
c7896e4b-d469-5932-8679-a0c05c1ee52b,L0230000001a,2805,"청각, 말린것","청각,말린것",청각,청각,해조류,말린것,수('09),10.4,INGREDIENT,1,0,,2,PARTIAL,[],[],137,52.8,13.8,0.8,0,,,,,,
35e7726d-67c3-5409-a80c-3375c6b3064b,L0250000001a,2806,"클로렐라, 말린것","클로렐라,말린것",클로렐라,클로렐라,해조류,말린것,수('82),10.4,INGREDIENT,1,1,LOWEST_COMPLEXITY_VARIANT,1,PARTIAL,[],[],174,25.7,45.3,7.2,,,117,73.4,,,
beb8f3ef-b744-5efa-a7ea-6e64c6e89635,L0260000000a,2807,"톳, 생것","톳,생것",톳,톳,해조류,생것,수('09),10.4,INGREDIENT,1,1,GENERIC_RAW,3,PARTIAL,[],[],16,5,1.9,0.4,0,,157,3.9,,32,4
50214ef8-573b-5856-8cbb-3dd74d9c58ea,L0260000001a,2808,"톳, 말린것","톳,말린것",톳,톳,해조류,말린것,수('82),10.4,INGREDIENT,1,0,,3,PARTIAL,[],[],81,32,6.6,0.8,,,768,76.2,,,
925e2118-195f-5a2d-aa96-2375d3b7f75f,L0260000003a,2809,"톳, 삶아서 말린것","톳,삶아서 말린것",톳,톳,해조류,,수('09),10.4,INGREDIENT,1,0,,3,PARTIAL,[],[],135,59.7,6.2,0.8,,,1250,47,,38,0
3398ea30-3135-54a5-9866-2abe733178fe,L0270000000a,2810,"파래, 생것","파래,생것",파래,파래,해조류,생것,수('16),10.4,INGREDIENT,1,1,GENERIC_RAW,7,PARTIAL,[],[],11,2.95,2.18,0.15,2.1,122,55,4.1,131,,36
6ce21d39-db12-5730-97fc-10561166af39,L0270000001a,2811,"파래, 말린것","파래,말린것",파래,파래,해조류,말린것,JAPAN('20),10.4,INGREDIENT,1,0,,7,MEASURED,[],[],201,41.7,22.1,0.6,29.1,3900,490,5.3,3200,208,25
b1e36548-a8c9-5c23-bf45-05924b26fb39,L0270010001a,2812,"파래, 가시파래, 말린것","파래,가시파래,말린것",파래,파래,해조류,말린것,수('95),10.4,INGREDIENT,1,0,,7,PARTIAL,[],[],136,46.5,20,0.7,,110,646,37.2,370,173,36
316f0e7e-05b6-5724-9280-df53ddfbb256,L0270020001a,2813,"파래, 갈파래, 말린것","파래,갈파래,말린것",파래,파래,해조류,말린것,수('09),10.4,INGREDIENT,1,0,,7,PARTIAL,[],[],129,40.1,23.1,0.5,0,,1015,8.7,,65,13
77d178db-0e4c-5c58-8ad2-d72e5faf40fd,L0270030000a,2814,"파래, 납작파래, 생것","파래,납작파래,생것",파래,파래,해조류,생것,수('09),10.4,INGREDIENT,1,0,,7,PARTIAL,[],[],17,3.5,3.3,0.7,0,,93,11.9,,53,17
8c09e643-f378-5477-991d-03f670b053d9,L0270040001a,2815,"파래, 창자파래, 말린것","파래,창자파래,말린것",파래,파래,해조류,말린것,수('09),10.4,INGREDIENT,1,0,,7,PARTIAL,[],[],142,45.8,23.6,0.8,0,,866,28.5,,1437,40
e79172ff-d692-5789-81c9-c06a6541fae2,L0270050001a,2816,"파래, 홑파래, 말린것","파래,홑파래,말린것",파래,파래,해조류,말린것,수('95),10.4,INGREDIENT,1,0,,7,PARTIAL,[],[],146,53.2,17.2,1.1,,,630,10.3,,315,53
72e67ca3-18f5-503e-9ed6-fe5fe7dbcad9,M0010000009a,2817,모유,모유,모유,모유,우유 및 그 제품,,JAPAN('20),10.4,INGREDIENT,1,1,EXACT_BASE_NAME,1,QUALIFIED,[],"[""fiber_g""]",61,7.2,1.1,3.5,0,15,27,0.04,48,45,5
06e7b10f-6633-53b8-9278-3b112c6a9137,M0020000009a,2818,분유,분유,분유,분유,우유 및 그 제품,,농진청('15),10.4,INGREDIENT,1,1,EXACT_BASE_NAME,6,MEASURED,[],[],498,56.6,13.98,23.93,0,173,680,5.87,789,526,92.25
f67903c7-0471-5a53-9bde-c6ca9a4e3228,M0020010009a,2819,"분유, 1단계","분유,1단계",분유,분유,우유 및 그 제품,,농진청('15),10.4,INGREDIENT,1,0,,6,MEASURED,[],[],508,56.88,12.41,25.75,0,164,553,3.98,697,557,100.5
332574d3-a528-5e4f-a366-ff442f236643,M0020020009a,2820,"분유, 2단계","분유,2단계",분유,분유,우유 및 그 제품,,농진청('15),10.4,INGREDIENT,1,0,,6,MEASURED,[],[],506,56.93,12.63,25.38,0,171,635,5.72,739,490,93.29
be7e1ca6-4079-5124-8f27-fa8477417c7a,M0020030009a,2821,"분유, 3단계","분유,3단계",분유,분유,우유 및 그 제품,,농진청('15),10.4,INGREDIENT,1,0,,6,MEASURED,[],[],477,56.04,16.91,20.65,0,185,851,7.9,929,529,82.98
35e950fb-38ff-5f56-952d-a1ae90e3cfd5,M0020040009a,2822,"분유, 전지","분유,전지",분유,분유,우유 및 그 제품,,농진청('15),10.4,INGREDIENT,1,0,,6,MEASURED,[],[],509,39.07,25.46,27.32,0,322,977,0.13,1298,419,8.41
146e914d-2c2e-5c66-80bd-50b84563a91b,M0020050009a,2823,"분유, 탈지","분유,탈지",분유,분유,우유 및 그 제품,,농진청('15),10.4,INGREDIENT,1,0,,6,MEASURED,[],[],358,53.16,33.88,0.97,0,432,1414,0.15,1665,0,10.1
8d70eaa0-3cfe-53b7-9cb6-e386a81d4a6a,M0030000009a,2824,산양유,산양유,산양유,산양유,우유 및 그 제품,,농진청('16),10.4,INGREDIENT,1,1,EXACT_BASE_NAME,1,MEASURED,[],[],62,4.03,3.16,3.62,0,40,149,0.03,201,67,0.33
b77f6507-15db-5eff-8248-d432e293b704,M0040000009a,2825,셔벗,셔벗,셔벗,셔벗,우유 및 그 제품,,농진청('21),10.4,INGREDIENT,1,1,EXACT_BASE_NAME,1,MEASURED,[],[],143,30.31,0.83,2.05,0,15,42,0,71,0,1.66
7ec8f4b7-06ae-580c-88d1-3b890de80db2,M0050000009a,2826,아이스밀크,아이스밀크,아이스밀크,아이스밀크,우유 및 그 제품,,JAPAN('20),10.4,INGREDIENT,1,1,EXACT_BASE_NAME,1,QUALIFIED,"[""vitamin_c_mg""]","[""fiber_g""]",167,23.9,3.4,6.4,0,75,110,0.1,140,21,0
e2e81b34-aebe-5d63-a4d8-6a72bf975738,M0060001399a,2828,"아이스크림, 바닐라맛","아이스크림,바닐라맛",아이스크림,아이스크림,우유 및 그 제품,,농진청('16),10.4,INGREDIENT,1,1,LOWEST_COMPLEXITY_VARIANT,9,MEASURED,[],[],179,22.25,4.98,7.83,0,70,80,0.04,188,117,1.69
4e1853d8-7c1d-59a5-935a-c8ca4a3e3c0f,M0060002089a,2830,"아이스크림, 유지방 8%","아이스크림,유지방 8%",아이스크림,아이스크림,우유 및 그 제품,,JAPAN('20),10.4,INGREDIENT,1,0,,9,MEASURED,"[""vitamin_c_mg""]",[],178,23.2,3.9,8,0.1,110,140,0.1,190,55,0
29a05bf0-56c8-5308-a320-ff0e58cddd05,M0060011399a,2832,"아이스크림, 소프트 아이스크림, 바닐라맛","아이스크림,소프트 아이스크림,바닐라맛",아이스크림,아이스크림,우유 및 그 제품,,농진청('17),10.4,INGREDIENT,1,0,,9,MEASURED,[],[],139,23.5,2.38,3.98,0,33,71,0,110,11,0
9ca65b34-2d6c-5f59-980b-8a0de33e73ff,M007000E039a,2833,"연유, 점성이 낮은것","연유,점성이 낮은것",연유,연유,우유 및 그 제품,,농진청('14),10.4,INGREDIENT,1,0,,2,MEASURED,[],[],126,13.1,5.56,5.73,0,87,165,0.28,226,169,0
bb2e193e-0c95-569b-ac89-f76bf8333ea1,M007000E019a,2834,"연유, 점성이 높은것","연유,점성이 높은것",연유,연유,우유 및 그 제품,,농진청('14),10.4,INGREDIENT,1,1,LOWEST_COMPLEXITY_VARIANT,2,MEASURED,[],[],367,66.31,7.76,7.84,0,101,273,0,366,95,2.19
02c79bd4-38f8-5d33-b660-c05ad71d2c2b,M0080010009a,2835,"요구르트, 액상","요구르트,액상",요구르트,요구르트,우유 및 그 제품,,농진청('15),10.4,INGREDIENT,1,1,LOWEST_COMPLEXITY_VARIANT,11,MEASURED,[],[],65,15.23,1.29,0.02,0.6,17,45,0.02,60,0,0.46
01608cb5-270e-5ad9-a49c-c9f36b9fe1b8,M0080012319a,2836,"요구르트, 액상, 저당","요구르트,액상,저당",요구르트,요구르트,우유 및 그 제품,,농진청('15),10.4,INGREDIENT,1,0,,11,MEASURED,[],[],45,10.38,1.11,0.02,0.7,18,45,0.1,60,0,0.46
ada318b0-6abf-50d6-83f3-be4c336d72fd,M0080011389a,2837,"요구르트, 액상(농후), 딸기맛","요구르트,액상(농후),딸기맛",요구르트,요구르트,우유 및 그 제품,,농진청('14),10.4,INGREDIENT,1,0,,11,MEASURED,[],[],85,13.49,3.29,2.22,0.2,46,133,0.08,176,23,0.91
7fe7e40c-f2f5-5d36-9d90-ab95c374d8d0,M008001E019a,2838,"요구르트, 액상(농후), 플레인","요구르트,액상(농후),플레인",요구르트,요구르트,우유 및 그 제품,,농진청('14),10.4,INGREDIENT,1,0,,11,MEASURED,[],[],85,11.66,3.03,2.96,0,39,110,0.04,141,60,0
99002a0c-6d89-5805-854f-8cee5a9cf32f,M0080030009a,2839,"요구르트, 액상(농후), 식이섬유 첨가","요구르트,액상(농후),식이섬유 첨가",요구르트,요구르트,우유 및 그 제품,,농진청('15),10.4,INGREDIENT,1,0,,11,MEASURED,[],[],97,13.81,3.19,3.26,1.7,44,123,0.07,163,33,0.7
8426443f-bea3-56d8-b568-a6fa795c3edc,M0080032149a,2840,"요구르트, 액상(농후), 사과맛, 식이섬유 첨가","요구르트,액상(농후),사과맛,식이섬유 첨가",요구르트,요구르트,우유 및 그 제품,,농진청('15),10.4,INGREDIENT,1,0,,11,MEASURED,[],[],109,18.91,2.57,2.71,4.8,37,115,0.04,153,30,0.62
2063b31c-a37c-593b-b16c-1e09d3121f4e,M0080032329a,2841,"요구르트, 액상(농후), 저지방, 식이섬유 첨가","요구르트,액상(농후),저지방,식이섬유 첨가",요구르트,요구르트,우유 및 그 제품,,농진청('15),10.4,INGREDIENT,1,0,,11,MEASURED,[],[],74,12.08,3.54,1.36,2.4,45,133,0.08,180,19,1.06
5e237bfd-09db-58f0-9f28-9f4c300caa6b,M0080032339a,2842,"요구르트, 액상(농후), 플레인, 식이섬유 첨가","요구르트,액상(농후),플레인,식이섬유 첨가",요구르트,요구르트,우유 및 그 제품,,농진청('15),10.4,INGREDIENT,1,0,,11,MEASURED,[],[],87,12.3,2.31,3.22,4.4,38,119,0.01,148,32,0.57
20d90366-e258-587f-ab6d-d54d890821f6,M0080041389a,2843,"요구르트, 호상, 딸기맛","요구르트,호상,딸기맛",요구르트,요구르트,우유 및 그 제품,,농진청('15),10.4,INGREDIENT,1,0,,11,MEASURED,[],[],95,15.53,2.95,2.46,0.7,41,123,0.06,163,38,1.48
5d1971a4-bb68-514a-93a4-7d64c9163acc,M0080042349a,2844,"요구르트, 호상, 망고맛","요구르트,호상,망고맛",요구르트,요구르트,우유 및 그 제품,,농진청('15),10.4,INGREDIENT,1,0,,11,MEASURED,[],[],92,12.44,4.55,2.7,1.1,53,142,0.03,202,54,4.71
ecc757d6-3760-5f95-a909-2b8816a6b3fc,M0080042339a,2845,"요구르트, 호상, 플레인","요구르트,호상,플레인",요구르트,요구르트,우유 및 그 제품,,농진청('19),10.4,INGREDIENT,1,0,,11,MEASURED,[],[],86,9.69,4.53,3.21,1,56,136,0.03,176,59,2.56
75d3101e-7d33-5999-8e9f-2ff7f3daa0dd,M0090000009a,2846,우유,우유,우유,우유,우유 및 그 제품,,농진청('22),10.4,INGREDIENT,1,1,EXACT_BASE_NAME,8,MEASURED,[],[],67,4.86,3.09,3.85,0,40,118,0.03,162,55,0.79
936e958d-8723-59ca-adb7-9e5bdc31c390,M0090011389a,2847,"우유, 가공우유, 딸기맛","우유,가공우유,딸기맛",우유,우유,우유 및 그 제품,,농진청('16),10.4,INGREDIENT,1,0,,8,MEASURED,[],[],68,12.34,2.29,1.12,0,30,78,0.03,107,17,0.25
75dac807-8840-54c2-8beb-2be3dacd2918,M0090011459a,2848,"우유, 가공우유, 바나나맛","우유,가공우유,바나나맛",우유,우유,우유 및 그 제품,,농진청('16),10.4,INGREDIENT,1,0,,8,MEASURED,[],[],90,13.13,2.63,3.02,0,34,89,0.04,125,52,0
4d19cc98-6d74-5933-8c5b-952d4d698285,M0090011429a,2849,"우유, 가공우유, 초코맛","우유,가공우유,초코맛",우유,우유,우유 및 그 제품,,농진청('16),10.4,INGREDIENT,1,0,,8,MEASURED,[],[],71,12.14,2.61,1.41,0,32,83,0.6,153,16,0
5ec9f9b6-2b22-5628-94d0-b6ef81c7ec83,M0090011439a,2850,"우유, 가공우유, 커피맛","우유,가공우유,커피맛",우유,우유,우유 및 그 제품,,농진청('16),10.4,INGREDIENT,1,0,,8,MEASURED,[],[],61,9.82,2.44,1.38,0,29,81,0.05,125,20,0
917f5435-2236-5dea-8f87-f4cc2c02fa3a,M0090021469a,2851,"우유, 강화우유, 고칼슘","우유,강화우유,고칼슘",우유,우유,우유 및 그 제품,,농진청('16),10.4,INGREDIENT,1,0,,8,MEASURED,[],[],63,6.53,2.98,2.77,0,37,205,1.19,144,171,0.46
73278103-48fd-5a35-bc15-d3d4cc465498,M0090040009a,2852,"우유, 저지방우유","우유,저지방우유",우유,우유,우유 및 그 제품,,농진청('22),10.4,INGREDIENT,1,0,,8,MEASURED,[],[],46,4.96,3.25,1.44,0,40,121,0.03,165,13,0.27
6c6cace7-8693-52de-880b-d62bdc7f09af,M0100110009a,2853,"치즈, 고다","치즈,고다",치즈,치즈,우유 및 그 제품,,USDA('18),10.4,INGREDIENT,1,0,,12,MEASURED,[],[],356,2.22,24.94,27.44,0,819,700,0.24,121,165,0
5e8e4f10-b44f-5225-9fe6-e1141666e21b,M0100100009a,2854,"치즈, 카망베르","치즈,카망베르",치즈,치즈,우유 및 그 제품,,USDA('18),10.4,INGREDIENT,1,0,,12,MEASURED,[],[],300,0.46,19.8,24.26,0,842,388,0.33,187,241,0
91a11f9d-a2fd-57ba-8cb1-3c6c2462b8e0,M0100130009a,2855,"치즈, 리코타","치즈,리코타",치즈,치즈,우유 및 그 제품,,JAPAN('20),10.4,INGREDIENT,1,0,,12,QUALIFIED,[],"[""fiber_g""]",159,6.7,7.1,11.5,0,160,340,0.1,210,160,
60a1bde1-c95c-5fee-85cc-1342908f2657,M0100020009a,2856,"치즈, 모차렐라","치즈,모차렐라",치즈,치즈,우유 및 그 제품,,농진청('20),10.4,INGREDIENT,1,1,LOWEST_COMPLEXITY_VARIANT,12,MEASURED,[],[],236,3.15,17.34,16.49,0,243,365,0.07,50,137,0
93373ea6-1662-5e8d-8df4-72250d753be8,M0100022659a,2857,"치즈, 모차렐라, 슈레드타입","치즈,모차렐라,슈레드타입",치즈,치즈,우유 및 그 제품,,농진청('20),10.4,INGREDIENT,1,0,,12,MEASURED,[],[],293,5.66,26.6,17.37,0,402,890,0.14,89,87,0
f8974f94-ffa8-50d0-a648-57363e50cb8d,M0100090009a,2858,"치즈, 브리","치즈,브리",치즈,치즈,우유 및 그 제품,,USDA('18),10.4,INGREDIENT,1,0,,12,MEASURED,[],[],334,0.45,20.75,27.68,0,629,184,0.5,152,174,0
30a79d17-93c7-527b-82a8-93db8656824e,M0100120009a,2859,"치즈, 브릭","치즈,브릭",치즈,치즈,우유 및 그 제품,,USDA('18),10.4,INGREDIENT,1,0,,12,MEASURED,[],[],371,2.79,23.24,29.68,0,560,674,0.43,136,292,0
e3a59cc0-add6-5289-8d03-f50513f5eab0,M0100080009a,2860,"치즈, 블루","치즈,블루",치즈,치즈,우유 및 그 제품,,USDA('18),10.4,INGREDIENT,1,0,,12,MEASURED,[],[],353,2.34,21.4,28.74,0,1146,528,0.31,256,198,0
4c408317-a4ea-5dd3-8f6f-8ffb3dc5a935,M0100040009a,2861,"치즈, 체다","치즈,체다",치즈,치즈,우유 및 그 제품,,농진청('16),10.4,INGREDIENT,1,0,,12,MEASURED,[],[],298,6.17,18.76,21.3,0,928,626,0.09,62,80,0.07
fbd76bd2-a2bd-5e2d-a96f-987dd6323f01,M0100050009a,2862,"치즈, 카테지","치즈,카테지",치즈,치즈,우유 및 그 제품,,JAPAN('20),10.4,INGREDIENT,1,0,,12,QUALIFIED,[],"[""fiber_g"",""vitamin_c_mg""]",99,1.9,13.3,4.5,0,400,55,0.1,50,35,0
541d578d-1782-500b-84d1-d7c73e647a44,M0100060009a,2863,"치즈, 크림","치즈,크림",치즈,치즈,우유 및 그 제품,,USDA('18),10.4,INGREDIENT,1,0,,12,MEASURED,[],[],350,5.52,6.15,34.44,0,314,97,0.11,132,308,0
f2204673-afc4-5cdd-884b-f743b5cc047b,M0100070009a,2864,"치즈, 파르메산(파마산)","치즈,파르메산(파마산)",치즈,치즈,우유 및 그 제품,,USDA('18),10.4,INGREDIENT,1,0,,12,MEASURED,[],[],420,13.91,28.42,27.84,0,1804,853,0.49,180,261,0
ac80011f-9f85-5259-952b-0324f8622bd9,M0120000005a,2865,"커피크리머, 가루","커피크리머,가루",커피크리머,커피크리머,우유 및 그 제품,,농진청('16),10.4,INGREDIENT,1,1,LOWEST_COMPLEXITY_VARIANT,3,MEASURED,[],[],514,62.2,1.57,29.11,0,21,339,0.2,1195,0,0
437e1427-8577-5b12-8836-cec40d453071,M0120021489a,2866,"커피크리머, 액상, 식물성지방","커피크리머,액상,식물성지방",커피크리머,커피크리머,우유 및 그 제품,,JAPAN('20),10.4,INGREDIENT,1,0,,3,QUALIFIED,"[""vitamin_c_mg""]","[""fiber_g""]",244,1.8,4.3,24.8,0,160,21,0.1,45,1,0
cee82c36-7283-5053-8bc2-497e2141f683,M0120021499a,2867,"커피크리머, 액상, 유지방","커피크리머,액상,유지방",커피크리머,커피크리머,우유 및 그 제품,,JAPAN('20),10.4,INGREDIENT,1,0,,3,QUALIFIED,"[""vitamin_c_mg""]","[""fiber_g""]",205,5.5,5.2,18.3,0,150,30,0.1,55,150,0
fcee91ce-92b6-5560-9820-469508c3f21f,M0130070009a,2868,"크림, 생크림","크림,생크림",크림,크림,우유 및 그 제품,,농진청('19),10.4,INGREDIENT,1,1,LOWEST_COMPLEXITY_VARIANT,3,MEASURED,[],[],368,4.98,2.03,37.81,0,25,63,0.04,91,238,0
2d38f703-1cac-595f-aab2-7805b544ca5a,M0130050009a,2869,"크림, 휘핑, 동물성","크림,휘핑,동물성",크림,크림,우유 및 그 제품,,농진청('19),10.4,INGREDIENT,1,0,,3,MEASURED,[],[],354,6.43,2.01,35.55,0,41,59,0,87,245,0.33
73ea329e-3743-501b-8e10-f560cdf3a7c0,M0130060009a,2870,"크림, 휘핑, 식물성","크림,휘핑,식물성",크림,크림,우유 및 그 제품,,농진청('19),10.4,INGREDIENT,1,0,,3,MEASURED,[],[],268,17.96,0.11,21.76,0,47,2,0,31,2,0
721c8b46-3bfb-5717-8106-74ac212bd5cf,N0270000009a,2871,고추기름,고추기름,고추기름,고추기름,유지류,,농진청('14),10.4,INGREDIENT,1,0,,1,MEASURED,[],[],919,0,0.02,99.8,0,0,13,0.05,0,128,0
4b3d1c09-d766-5b13-bf9c-e536d9d11c13,N0010000009a,2872,닭기름,닭기름,닭기름,닭기름,유지류,,USDA('18),10.4,INGREDIENT,1,0,,1,MEASURED,[],[],900,0,0,99.8,0,0,0,0,0,0,0
95e756a1-587c-53f5-865b-31dfc1f80d9b,N0020000009a,2873,돼지기름,돼지기름,돼지기름,돼지기름,유지류,,농진청('19),10.4,INGREDIENT,1,0,,1,MEASURED,[],[],915,0.58,0,99.38,0,17,0,0,23,0,0
f514db7a-db39-5ec2-a8b1-c3629f41b761,N0030000009a,2874,들기름,들기름,들기름,들기름,유지류,,농진청('22),10.4,INGREDIENT,1,0,,1,MEASURED,[],[],920,0.08,0,99.92,0,0,0,0,0,2,0
a0d8a6a3-0d75-57f7-9100-6eb4bef87a75,N0050000009a,2875,땅콩 버터,땅콩 버터,땅콩 버터,땅콩버터,유지류,,농진청('13),10.4,INGREDIENT,1,0,,3,MEASURED,[],[],658,18.9,25.8,51.91,6,370,57,1.85,558,0,0
fc31b494-705e-537d-86f5-b6d5cc50b68f,N0050040009a,2876,"땅콩 버터, 청크","땅콩 버터,청크",땅콩 버터,땅콩버터,유지류,,USDA('18),10.4,INGREDIENT,1,0,,3,MEASURED,[],[],589,21.57,24.06,49.94,8,486,45,1.9,745,0,0
09ab3f85-6fb8-53cb-9531-76611d722dbd,N0050050009a,2877,"땅콩 버터, 크림","땅콩 버터,크림",땅콩 버터,땅콩버터,유지류,,USDA('18),10.4,INGREDIENT,1,0,,3,MEASURED,[],[],598,22.31,22.21,51.36,5,426,49,1.74,558,0,0
4ae93240-1400-5eee-89e1-a9253d5089f0,N0040000009a,2878,땅콩기름,땅콩기름,땅콩기름,땅콩기름,유지류,,USDA('18),10.4,INGREDIENT,1,0,,1,MEASURED,[],[],884,0,0,100,0,0,0,0.03,0,0,0
42894e23-140b-50dc-bfdc-b84ea8151c55,N0060000009a,2879,마가린,마가린,마가린,마가린,유지류,,농진청('17),10.4,INGREDIENT,1,0,,1,MEASURED,[],[],714,12.06,0.2,72.41,0,296,20,0,23,94,0
5a96d3db-0da7-51d1-ba45-c23c091274d5,N0070000009a,2880,면실유,면실유,면실유,면실유,유지류,,JAPAN('20),10.4,INGREDIENT,1,0,,1,QUALIFIED,[],"[""vitamin_c_mg""]",883,0,0,100,0,0,0,0,0,0,0
fd52eaf3-8d43-5fcb-abfd-134f31ba0a48,N0080000009a,2881,"버터, 가염","버터,가염",버터,버터,유지류,,농진청('14),10.4,INGREDIENT,1,0,,2,MEASURED,[],[],760,1.46,0.59,82.04,0,360,16,0.03,29,524,0
94d35272-80c6-59ce-8998-82ab9d4855d0,N0090000009a,2882,복숭아씨기름,복숭아씨기름,복숭아씨기름,복숭아씨기름,유지류,,농진청('98),10.4,INGREDIENT,1,0,,1,PARTIAL,[],[],911,0.3,0.5,98.9,,13,6,1,6,0,0
e9807e28-a7b2-5c29-893f-32f25476f1cd,N0110000009a,2883,쇠기름,쇠기름,쇠기름,쇠기름,유지류,,JAPAN('20),10.4,INGREDIENT,1,0,,1,MEASURED,"[""calcium_mg""]",[],869,0,0.2,99.8,0,1,0,0.1,1,85,0
a85165ec-c92c-5d0d-bf06-674191b21d28,N0120000009a,2884,쇼트닝,쇼트닝,쇼트닝,쇼트닝,유지류,,농진청('19),10.4,INGREDIENT,1,0,,1,MEASURED,[],[],917,0.48,0,99.52,0,15,0,0,31,0,0
a6dbd2b0-e28e-5869-8806-2a3068ea5170,N0130000009a,2885,쌀겨기름(미강유),쌀겨기름(미강유),쌀겨기름(미강유),쌀겨기름미강유,유지류,,농진청('20),10.4,INGREDIENT,1,0,,1,MEASURED,[],[],921,0.05,0,99.95,0,0,0,0,0,0,0
2a963a48-28d7-5539-9990-db36b5a5c980,N0280000009a,2886,아마씨유,아마씨유,아마씨유,아마씨유,유지류,,USDA('18),10.4,INGREDIENT,1,0,,1,MEASURED,[],[],884,0,0.11,99.98,0,0,1,0,0,0,0
b7de05cd-a2f2-5f29-b9bb-925d80b1a85f,N0300000009a,2887,아몬드유,아몬드유,아몬드유,아몬드유,유지류,,USDA('18),10.4,INGREDIENT,1,0,,1,MEASURED,[],[],884,0,0,100,0,0,0,0,0,0,0
3ad764dd-8c85-5938-98df-0e77fe791d2f,N0320000009a,2888,아보카도유,아보카도유,아보카도유,아보카도유,유지류,,농진청('19),10.4,INGREDIENT,1,0,,1,MEASURED,[],[],917,0.48,0,99.52,0,13,0,0,19,4,0
f85287f3-9d8d-5672-8eb7-fe0f001c5d2f,N0150000009a,2889,연어기름,연어기름,연어기름,연어기름,유지류,,USDA('18),10.4,INGREDIENT,1,0,,1,MEASURED,[],[],902,0,0,100,0,0,0,0,0,0,0
00cdafa6-74f1-5c6b-b1a9-b3b79bd242da,N0160000009a,2890,옥수수기름,옥수수기름,옥수수기름,옥수수기름,유지류,,농진청('14),10.4,INGREDIENT,1,0,,1,MEASURED,[],[],919,0.17,0,99.74,0,25,0,0.57,0,0,0
93698355-d270-5415-afeb-6367d62e3890,N0170000009a,2891,올리브유,올리브유,올리브유,올리브유,유지류,,농진청('20),10.4,INGREDIENT,1,0,,1,MEASURED,[],[],921,0,0,100,0,0,0,0,0,6,0
a9937121-9b7b-5c71-9401-29338ec76898,N0180000009a,2892,유채씨기름,유채씨기름,유채씨기름,유채씨기름,유지류,,농진청('16),10.4,INGREDIENT,1,0,,1,MEASURED,[],[],920,0.1,0.02,99.85,0,1,1,0.17,9,0,0
ebbb25e3-78a5-541b-8ed8-c131b8ccc119,N0190000009a,2893,잇꽃씨기름,잇꽃씨기름,잇꽃씨기름,잇꽃씨기름,유지류,,JAPAN('20),10.4,INGREDIENT,1,0,,1,QUALIFIED,[],"[""vitamin_c_mg""]",892,0,0,100,0,0,0,0,0,0,0
79e78153-e2a3-51a2-9b62-bcb5336d9946,N0200000009a,2894,참기름,참기름,참기름,참기름,유지류,,농진청('22),10.4,INGREDIENT,1,0,,1,MEASURED,[],[],920,0.13,0,99.84,0,0,0,0,0,1,0
076827ab-ba78-5783-9304-4b5d8be2a466,N0210000009a,2895,코코넛유,코코넛유,코코넛유,코코넛유,유지류,,농진청('19),10.4,INGREDIENT,1,0,,1,MEASURED,[],[],918,0.33,0,99.67,0,18,13,0,30,0,0
0b17a6ce-b0bc-5e9e-9062-9016b6b3dedf,N0220000009a,2896,콩기름,콩기름,콩기름,콩기름,유지류,,농진청('23),10.4,INGREDIENT,1,0,,1,MEASURED,[],[],921,0,0,99.96,0,0,0,0,0,0,0
19c246da-9662-5e3f-a737-488be8328c2f,N0230000009a,2897,팜유,팜유,팜유,팜유,유지류,,농진청('19),10.4,INGREDIENT,1,0,,1,MEASURED,[],[],917,0.44,0,99.56,0,0,0,0,12,0,0
20852987-f8b0-5431-93c7-f6b57598f6eb,N0260000009a,2898,포도씨유,포도씨유,포도씨유,포도씨유,유지류,,농진청('16),10.4,INGREDIENT,1,0,,1,MEASURED,[],[],920,0.01,0,99.93,0,1,0,0.09,0,0,0
4d011753-bbdb-5456-a17c-535ca8b4d399,N0240000009a,2899,해바라기유,해바라기유,해바라기유,해바라기유,유지류,,농진청('19),10.4,INGREDIENT,1,0,,1,MEASURED,[],[],918,0.28,0,99.68,0,2,0,0,9,0,0
ffb7d543-2deb-5631-812b-bc3c05da745c,N0290000009a,2900,호두유,호두유,호두유,호두유,유지류,,농진청('19),10.4,INGREDIENT,1,0,,1,MEASURED,[],[],917,0.39,0,99.57,0,0,15,0,19,1,0
629d0944-55d2-5a44-b475-fb4070e3eed5,N0250000009a,2901,혼합식물성유,혼합식물성유,혼합식물성유,혼합식물성유,유지류,,JAPAN('20),10.4,INGREDIENT,1,0,,1,QUALIFIED,"[""calcium_mg"",""potassium_mg""]","[""vitamin_c_mg""]",886,0,0,100,0,0,0,0,0,0,0
6122dec1-a5d6-5156-a004-662849ea485d,O0020000001a,2903,"결명자차, 말린것","결명자차,말린것",결명자차,결명자차,차류,말린것,농진청('19),10.4,INGREDIENT,1,0,,2,PARTIAL,[],[],390,63.78,19.07,6.57,50.9,6,596,5.65,1047,,11.43
10427f98-50c0-5e53-a8f2-b7cb1b60275c,O0030000005a,2904,"계피차, 가루","계피차,가루",계피차,계피차,차류,,국('77),10.4,INGREDIENT,1,0,,1,PARTIAL,[],[],357,89,0,1.4,,5,0,2.3,745,,0
fb96dfbf-2e04-59e9-8c5e-bbede20f77e5,O0040000001a,2905,"구기자차, 말린것","구기자차,말린것",구기자차,구기자차,차류,말린것,국('78),10.4,INGREDIENT,1,0,,2,PARTIAL,[],[],384,57.2,14.6,10.7,,162,49,14.7,2161,,11
28177b77-914c-583f-8921-767f6740ceb4,O0050000001a,2906,"구절초차, 말린것","구절초차,말린것",구절초차,구절초차,차류,말린것,농진청('09),10.4,INGREDIENT,1,0,,1,PARTIAL,[],[],345,72.1,11.1,1.3,,46,843,3.4,2897,6,0
711bfd92-dc2f-58a0-bc62-c8ea91a78c59,O0060000001a,2907,"국화차, 말린것","국화차,말린것",국화차,국화차,차류,말린것,농진청('09),10.4,INGREDIENT,1,0,,2,PARTIAL,[],[],358,69.9,14.5,2.3,,54,753,10.3,2734,21,0
d254d75e-09df-56bc-b8b4-f6d09109b2eb,O0070000005a,2908,"녹차, 가루","녹차,가루",녹차,녹차,차류,,농진청('13),10.4,INGREDIENT,1,0,,6,MEASURED,[],[],379,66.91,22.37,2.47,40.4,23,717,8.42,1471,632,0
500ebd6b-7b79-54ad-b971-472e4f1a6ae8,O007000B141a,2909,"녹차, 말린것","녹차,말린것",녹차,녹차,차류,말린것,농진청('13),10.4,INGREDIENT,1,0,,6,PARTIAL,[],[],388,64.17,26.66,2.73,35.4,10,340,8.97,,1139,0
5748f1c7-2659-51ee-b6e9-60720fc9c103,O0070010001a,2910,"녹차, 인동녹차, 말린것","녹차,인동녹차,말린것",녹차,녹차,차류,말린것,농진청('98),10.4,INGREDIENT,1,0,,6,PARTIAL,[],[],329,63.3,16.8,1,,26,421,12.2,1989,1098,67
a92b8849-2f43-5bc7-9ebc-2310577fb663,O0070020001a,2911,"녹차, 장군차, 말린것","녹차,장군차,말린것",녹차,녹차,차류,말린것,농진청('10),10.4,INGREDIENT,1,0,,6,PARTIAL,[],[],361,59.9,28,1,,9,403,9.5,2226,1605,53
2fb9cba8-08ad-5e95-ae9b-5392b3a32934,O007000000Na,2912,녹차,녹차,녹차,녹차,차류,,농진청('13),10.4,INGREDIENT,1,0,,6,MEASURED,[],[],2,0.4,0.05,0,0,0,1,0.01,33,0,1.61
c7b6394f-ea53-5770-ac60-870d1a575ae9,O007003000Na,2913,"녹차, 현미","녹차,현미",녹차,녹차,차류,,농진청('14),10.4,INGREDIENT,1,0,,6,MEASURED,[],[],1,0.15,0.02,0,0,1,0,0.01,13,0,0.68
0a69e530-0b05-5d8a-a6eb-421f883bdccb,O0070040005a,2914,"녹차라테, 가루","녹차라테,가루",녹차라테,녹차라테,차류,,농진청('18),10.4,INGREDIENT,1,0,,2,MEASURED,[],[],466,72.5,5.28,17.16,1.9,119,192,0.44,765,56,10.65
e5ac1ce0-370a-5f58-b454-01ec4139641f,O008000000Na,2915,다래나무순차,다래나무순차,다래나무순차,다래나무순차,차류,,농진청('09),10.4,INGREDIENT,1,0,,1,PARTIAL,[],[],1,0.1,0.1,0,,7,1,0.7,14,0,6
996861fa-1ed5-5117-8743-e99644b4bbda,O010000000Na,2916,대추차,대추차,대추차,대추차,차류,,농진청('16),10.4,INGREDIENT,1,0,,1,MEASURED,[],[],75,17.75,0.12,0.44,0.2,30,3,0.06,13,0,0.07
5f0b3dd2-90d5-5be6-be14-aa44eecbe51c,O011000000Na,2917,도라지차,도라지차,도라지차,도라지차,차류,,농진청('00),10.4,INGREDIENT,1,0,,1,PARTIAL,[],[],22,5.1,0.3,,,7,4,0.7,133,0,7
14e5484f-084f-57a1-889c-e591d3d324c3,O0120000005a,2918,"두충차, 가루","두충차,가루",두충차,두충차,차류,,농진청('03),10.4,INGREDIENT,1,0,,1,PARTIAL,[],[],354,67.9,14.3,3.8,,31,407,13.8,1313,,12
09538f2d-3bfb-5e98-9ccf-bcb4f2892865,O013000000Na,2919,둥굴레차,둥굴레차,둥굴레차,둥굴레차,차류,,농진청('14),10.4,INGREDIENT,1,0,,1,MEASURED,[],[],1,0.27,0,0.01,0,0,1,0.02,5,0,0.52
8f39b49e-0b28-5eab-aa61-ebffa8ea8d4b,O0350000009a,2920,민들레차,민들레차,민들레차,민들레차,차류,,농진청('16),10.4,INGREDIENT,1,0,,1,MEASURED,[],[],0,0.05,0.01,0,0,1,2,0,19,0,0.03
d0ca654b-f48d-552d-a5fe-2dfabec794d1,O014000000Na,2921,보리차,보리차,보리차,보리차,차류,,농진청('16),10.4,INGREDIENT,1,0,,1,MEASURED,[],[],0,0.07,0,0,0,1,2,0,2,0,0
ac9a4094-2952-5d47-aab4-643df6f5f8a9,O0340000009a,2922,보이차,보이차,보이차,보이차,차류,,농진청('16),10.4,INGREDIENT,1,0,,1,MEASURED,[],[],0,0,0.12,0,0,2,2,0,18,0,0.12
ea1ef6dd-33c8-5288-a75d-87fa72981c83,O015000000Na,2923,사과차,사과차,사과차,사과차,차류,,농진청('09),10.4,INGREDIENT,1,0,,1,PARTIAL,[],[],167,41.6,0.1,0,,34,11,0.9,459,2,15
ce62a843-b525-5ff4-b2a3-541edab8c913,O0160000001a,2924,"상지차, 말린것","상지차,말린것",상지차,상지차,차류,말린것,농진청('97),10.4,INGREDIENT,1,0,,1,PARTIAL,[],[],360,78.6,6,2.4,,7,330,14.6,373,0,44
987023e8-2322-55f9-8e8e-f0bf8b22f25f,O0170000005a,2925,"생강차, 가루","생강차,가루",생강차,생강차,차류,,식약('96),10.4,INGREDIENT,1,0,,1,PARTIAL,[],[],353,90.7,0.1,0.2,,57,4,0.6,70,0,0
b5f4999b-6bed-5be5-9778-184caf41bbc9,O017000000Ha,2926,생강청,생강청,생강청,생강청,차류,,농진청('19),10.4,INGREDIENT,1,0,,1,PARTIAL,[],[],246,59.9,0.1,0.65,,47,8,0.1,48,0,0
09ff716c-591c-51ef-8a1d-c01b4e7382d2,O0180000005a,2927,"쌍화차, 가루","쌍화차,가루",쌍화차,쌍화차,차류,,농진청('19),10.4,INGREDIENT,1,0,,1,PARTIAL,[],[],411,92.61,1.64,3.81,,237,29,0.29,123,0,0
9d2fed26-e460-562d-a67c-0b67195799c5,O0190000001a,2928,"쑥차, 말린것","쑥차,말린것",쑥차,쑥차,차류,말린것,농진청('08),10.4,INGREDIENT,1,0,,1,PARTIAL,[],[],338,56.4,26.3,0.8,,153,754,27.5,3499,257,24
d6698b2f-9393-5f14-85eb-0e79f916445e,O020000000Na,2929,야콘차,야콘차,야콘차,야콘차,차류,,농진청('08),10.4,INGREDIENT,1,0,,1,PARTIAL,[],[],98,24,0.6,0,,33,15,0.4,550,1,11
cef43e08-ccc9-5530-8baa-5b80cafd422e,O022000000Na,2931,우롱차,우롱차,우롱차,우롱차,차류,,농진청('19),10.4,INGREDIENT,1,0,,2,MEASURED,[],[],0,0.07,0,0,0,0,1,0,14,0,0
c9937a80-0989-52bb-a88d-12f044c1a841,O022000000Qa,2932,"우롱차, 캔","우롱차,캔",우롱차,우롱차,차류,,농진청('03),10.4,INGREDIENT,1,0,,2,PARTIAL,[],[],0,0.1,0,0,,13,1,0.3,6,0,0
c44c86cc-0c09-5516-ae59-d4d0b678b1d6,O023000000Ha,2933,유자청,유자청,유자청,유자청,차류,,농진청('19),10.4,INGREDIENT,1,0,,1,MEASURED,[],[],251,62.03,0.39,0.1,2,10,24,0.08,74,0,27.45
47d70d66-d81d-5d76-ba21-d2fc13d2b1bd,O023000235Pa,2934,"유자차, 고형물 포함","유자차,고형물 포함",유자차,유자차,차류,,농진청('16),10.4,INGREDIENT,1,0,,2,MEASURED,[],[],73,18.08,0.03,0.01,1.6,6,7,0.01,27,0,9.15
44b75ea8-0a63-51c5-b898-ab04c08fa477,O0240000005a,2935,"율무차, 가루","율무차,가루",율무차,율무차,차류,,농진청('19),10.4,INGREDIENT,1,0,,1,PARTIAL,[],[],463,68.56,8.57,17.17,,616,50,1.28,585,0,0
eb6aeb20-8bdb-5664-83d9-440848515579,O0250001545a,2936,"인삼차, 과립차, 가루","인삼차,과립차,가루",인삼차,인삼차,차류,,농진청('19),10.4,INGREDIENT,1,0,,2,MEASURED,[],[],397,96.52,0.89,0.78,0,9,17,0.59,206,0,0
11be4e15-6c3a-5059-a9c4-14cc311b13d9,O0260000001a,2937,"치커리차, 말린것","치커리차,말린것",치커리차,치커리차,차류,말린것,농진청('95),10.4,INGREDIENT,1,0,,1,PARTIAL,[],[],369,84.6,7.3,0.2,,175,22,14.4,1807,,97
cc6a97d9-42b2-5515-a997-a001c22d74f9,O036000000Na,2938,카모마일차,카모마일차,카모마일차,카모마일차,차류,,USDA('18),10.4,INGREDIENT,1,0,,1,MEASURED,[],[],1,0.2,0,0,0,1,2,0.08,9,1,0
a284cc68-913c-5042-a89b-78b6f75e3953,O027001158Pa,2939,"커피, 아메리카노(2샷)","커피,아메리카노(2샷)",커피,커피,차류,,농진청('17),10.4,INGREDIENT,1,0,,11,MEASURED,[],[],2,0.48,0.02,0.02,0,0,1,0,47,0,0
19ad7a28-16e8-501f-a738-4f23831e23a3,O027001157Pa,2940,"커피, 에스프레소","커피,에스프레소",커피,커피,차류,,농진청('17),10.4,INGREDIENT,1,0,,11,MEASURED,[],[],22,4.93,0.2,0.22,0,1,7,0,443,0,0
1e2595b1-4efc-5b34-b688-662575271dee,O027000157Na,2941,"커피, 원두","커피,원두",커피,커피,차류,,JAPAN('20),10.4,INGREDIENT,1,0,,11,PARTIAL,"[""fat_g"",""iron_mg""]",[],4,0.7,0.2,0,,1,2,0,65,0,0
fe8f437c-b95d-5df9-9978-cc2a1c29127e,O027002155Qa,2942,"커피, 캔","커피,캔",커피,커피,차류,,농진청('15),10.4,INGREDIENT,1,0,,11,MEASURED,[],[],38,8.34,0.81,0.12,1,37,24,0.05,69,0,0
a1b0cf84-6462-50f0-b9a5-37cbbd832c48,O0270021565a,2943,"커피, 커피가루, 디카페인","커피,커피가루,디카페인",커피,커피,차류,,USDA('18),10.4,INGREDIENT,1,0,,11,MEASURED,[],[],351,76,11.6,0.2,0,23,140,3.8,3501,0,0
baaff623-23d9-5f68-b17e-1bf5f84cdf02,O0270021585a,2944,"커피, 커피가루, 인스턴트","커피,커피가루,인스턴트",커피,커피,차류,,농진청('17),10.4,INGREDIENT,1,0,,11,MEASURED,[],[],348,66.06,19.81,0.49,0,42,159,1.7,3822,0,0
8305b6c5-9911-55a9-bf30-4f33ac02266d,O027002158Pa,2945,"커피, 커피가루, 물에 탄것(중량 1g)","커피,커피가루,물에 탄것(중량 1g)",커피,커피,차류,,농진청('17),10.4,INGREDIENT,1,0,,11,MEASURED,[],[],4,0.7,0.2,0.01,0,0,2,0.02,38,0,0
9e807ec3-a686-5598-9f82-4291476d041d,O0270022625a,2946,"커피, 커피가루, 설탕, 인스턴트","커피,커피가루,설탕,인스턴트",커피,커피,차류,,농진청('17),10.4,INGREDIENT,1,0,,11,MEASURED,[],[],374,88.65,6.6,0.17,0,15,56,0.65,1273,0,0
23202d08-9a3b-5ec0-b257-484e27152b6e,O027002262Pa,2947,"커피, 커피가루, 설탕, 물에 탄것(중량 2.7g)","커피,커피가루,설탕,물에 탄것(중량 2.7g)",커피,커피,차류,,농진청('17),10.4,INGREDIENT,1,0,,11,MEASURED,[],[],17,3.98,0.18,0,0,0,2,0.02,34,0,0
0408f08e-5a20-5cbb-9a2f-31df81e3de5e,O0270021555a,2948,"커피, 커피가루, 설탕, 크림, 인스턴트","커피,커피가루,설탕,크림,인스턴트",커피,커피,차류,,농진청('14),10.4,INGREDIENT,1,0,,11,MEASURED,[],[],426,83.8,3.59,8.54,0.8,42,115,0.39,972,0,0
c9e7fadc-6668-5d4a-ad25-79eb0ef9652f,O027002155Pa,2949,"커피, 커피가루, 설탕, 크림, 물에 탄것(중량 12g)","커피,커피가루,설탕,크림,물에 탄것(중량 12g)",커피,커피,차류,,농진청('14),10.4,INGREDIENT,1,0,,11,MEASURED,[],[],51,10.06,0.43,1.03,0.1,5,14,0.05,117,0,0
2dbd79b3-b60a-57dd-b103-cc444ce8c6a4,O0290000005a,2950,"코코아, 가루","코코아,가루",코코아,코코아,차류,,농진청('19),10.4,INGREDIENT,1,0,,3,MEASURED,[],[],268,43.63,22.85,20.06,0,24,161,55.84,4287,0,0
9d152d9f-e155-5c9e-9b57-21dd49676f01,O0290010005a,2951,"코코아, 밀크코코아, 가루","코코아,밀크코코아,가루",코코아,코코아,차류,,농진청('17),10.4,INGREDIENT,1,0,,3,MEASURED,[],[],423,74.63,8.26,9.45,5.1,161,488,7.37,1274,2,0
2749f0e1-8b94-5b9a-9cde-8e800d46294c,O0330000009a,2952,헛개 음료,헛개 음료,헛개 음료,헛개음료,차류,,농진청('16),10.4,INGREDIENT,1,0,,1,MEASURED,[],[],1,0.26,0,0,0,7,1,0.01,7,0,3.12
ac86dce1-f201-52ce-834c-adb752f3ae29,O0310000005a,2953,"홍삼차, 가루","홍삼차,가루",홍삼차,홍삼차,차류,,식약('96),10.4,INGREDIENT,1,0,,1,PARTIAL,[],[],382,95.8,1.3,0.7,,25,2,0.5,156,0,0
077fd348-159c-54b1-9c17-7a3c2e833861,O0310010009a,2954,홍삼 음료,홍삼 음료,홍삼 음료,홍삼음료,차류,,농진청('19),10.4,INGREDIENT,1,0,,1,MEASURED,[],[],40,9.27,0.28,0.24,0,4,4,0.2,51,0,1.31
bd7b0f0c-7b95-51f9-97bc-cc22abbb5d02,O032000000Na,2955,홍차,홍차,홍차,홍차,차류,,농진청('17),10.4,INGREDIENT,1,0,,6,MEASURED,[],[],2,0.26,0.23,0.04,0,1,1,0,38,0,0.36
86ddd927-cae6-5673-949a-5860e776121f,O032001000Na,2956,"홍차, 레몬","홍차,레몬",홍차,홍차,차류,,농진청('01),10.4,INGREDIENT,1,0,,6,PARTIAL,[],[],33,8.3,,,,2,2,0.5,14,0,0
424e6c1c-3d51-56c5-8431-6f4529caf8fa,O0320020005a,2957,"홍차, 복숭아, 가루","홍차,복숭아,가루",홍차,홍차,차류,,농진청('19),10.4,INGREDIENT,1,0,,6,MEASURED,[],[],397,98.46,0.32,0.05,0,41,10,0,164,0,13.17
057809a5-f8e7-5730-8f40-e8183141315e,O032002000Qa,2958,"홍차, 복숭아, 캔","홍차,복숭아,캔",홍차,홍차,차류,,농진청('16),10.4,INGREDIENT,1,0,,6,MEASURED,[],[],30,7.59,0,0,0.4,4,0,0,6,0,15.74
defe591a-21c8-525f-80cc-5828475335cd,P0030000009a,2959,레모네이드,레모네이드,레모네이드,레모네이드,음료류,,농진청('16),10.4,INGREDIENT,1,0,,1,MEASURED,[],[],38,9.56,0,0,0,1,0,0,12,0,3.46
f180dbda-27c5-584b-b820-3f2ea65e9449,P0040000009a,2960,매실 음료,매실 음료,매실 음료,매실음료,음료류,,농진청('19),10.4,INGREDIENT,1,0,,1,MEASURED,[],[],44,11.02,0.06,0.01,0.1,4,1,0.03,9,0,8.99
b3591dd8-2a21-5ca2-9b11-b8b2c0251540,P0050001389a,2961,"셰이크, 딸기맛","셰이크,딸기맛",셰이크,셰이크,음료류,,USDA('18),10.4,INGREDIENT,1,0,,3,MEASURED,[],[],113,18.9,3.4,2.8,0.4,83,113,0.11,182,26,0.8
d603f33a-b40b-5ed7-86ae-be287d795828,P0050001399a,2962,"셰이크, 바닐라맛","셰이크,바닐라맛",셰이크,셰이크,음료류,,USDA('18),10.4,INGREDIENT,1,0,,3,MEASURED,[],[],148,19.59,3.37,6.52,0.9,81,115,0.46,166,91,0
c17ab38a-60bf-5615-99cc-3db15fc0cea3,P0050001409a,2963,"셰이크, 초콜릿맛","셰이크,초콜릿맛",셰이크,셰이크,음료류,,USDA('18),10.4,INGREDIENT,1,0,,3,MEASURED,[],[],119,21.15,3.05,2.7,0.3,111,132,0.31,224,18,0
37331881-7eb2-58b7-bdcd-eb28ac78b27c,P006000000Qa,2964,"식혜, 캔","식혜,캔",식혜,식혜,음료류,,농진청('16),10.4,INGREDIENT,1,0,,1,MEASURED,[],[],32,7.91,0.06,0,1,2,3,0.02,3,0,0
8fa82c35-7751-536b-bc20-d9d867379183,P0070000009a,2965,쌀 음료,쌀 음료,쌀 음료,쌀음료,음료류,,농진청('22),10.4,INGREDIENT,1,0,,1,MEASURED,[],[],55,11.52,0.14,0.9,0,2,5,0,34,0,14.06
49971428-d0fc-5668-9231-539669579d6a,P0080002379a,2966,"이온 음료, 레몬향","이온 음료,레몬향",이온 음료,이온음료,음료류,,농진청('16),10.4,INGREDIENT,1,0,,1,MEASURED,[],[],37,9.16,0,0,0,44,0,0,22,0,4.44
0dc50a8b-4e77-51ec-8e56-94e6eafef96f,P0110002459a,2967,"젖산 음료, 복숭아맛","젖산 음료,복숭아맛",젖산 음료,젖산음료,음료류,,농진청('16),10.4,INGREDIENT,1,0,,1,MEASURED,[],[],36,8.85,0.21,0.01,1.8,39,11,0.02,14,1,24.38
b37f617d-5b0e-57a3-b401-1fa8ba63c032,P0010000009a,2968,채소 주스,채소 주스,채소 주스,채소주스,음료류,,농진청('16),10.4,INGREDIENT,1,0,,2,MEASURED,[],[],39,8.66,0.86,0.05,0.5,54,20,0.31,330,219,3.37
c7b24ac0-f5b1-5457-b484-6c7c1db6df3b,P0010042369a,2969,"채소 주스, 녹즙","채소 주스,녹즙",채소 주스,채소주스,음료류,,농진청('16),10.4,INGREDIENT,1,0,,2,MEASURED,[],[],28,5.67,0.99,0.11,1.2,27,95,0.24,165,107,3.26
061a4a83-94e3-579c-8440-9c1d28a5954c,P0090020009a,2970,"탄산 음료, 레몬소다","탄산 음료,레몬소다",탄산 음료,탄산음료,음료류,,농진청('16),10.4,INGREDIENT,1,0,,13,MEASURED,[],[],44,10.88,0,0,0,2,3,0.01,10,0,0.17
597d9dcf-a314-5db7-a9d7-32110cfc7805,P0090130009a,2971,"탄산 음료, 보리소다","탄산 음료,보리소다",탄산 음료,탄산음료,음료류,,농진청('16),10.4,INGREDIENT,1,0,,13,MEASURED,[],[],47,11.77,0,0,0,12,2,0,3,0,41.54
4ae5468b-9212-544a-9070-44c130134e66,P0090030009a,2972,"탄산 음료, 사이다","탄산 음료,사이다",탄산 음료,탄산음료,음료류,,농진청('16),10.4,INGREDIENT,1,0,,13,MEASURED,[],[],40,9.98,0,0,0,1,2,0.01,0,0,0
764a8ce9-4fe6-5b12-ab4d-0258a0efe1e8,P0090040009a,2973,"탄산 음료, 소다수","탄산 음료,소다수",탄산 음료,탄산음료,음료류,,USDA('18),10.4,INGREDIENT,1,0,,13,MEASURED,[],[],0,0,0,0,0,21,5,0.01,2,0,0
b1d971d6-4fb7-5f3d-8de2-37d5a0266db1,P0090050009a,2974,"탄산 음료, 오렌지소다","탄산 음료,오렌지소다",탄산 음료,탄산음료,음료류,,농진청('16),10.4,INGREDIENT,1,0,,13,MEASURED,[],[],48,12.08,0,0,0,3,2,0,1,0,0
802de004-27ec-5b22-ad1d-34184793fcf4,P0090140009a,2975,"탄산 음료, 요구르트소다","탄산 음료,요구르트소다",탄산 음료,탄산음료,음료류,,농진청('16),10.4,INGREDIENT,1,0,,13,MEASURED,[],[],47,11.74,0,0,0,4,9,0,12,0,0
caa61f7e-1216-5532-bbbb-38d121dad3c3,P0090060009a,2976,"탄산 음료, 저칼로리콜라","탄산 음료,저칼로리콜라",탄산 음료,탄산음료,음료류,,USDA('18),10.4,INGREDIENT,1,0,,13,MEASURED,[],[],2,0.29,0.11,0.03,0,8,3,0.11,8,0,0
fa36da39-e955-57e7-a808-b1797a43f8d8,P0090070009a,2977,"탄산 음료, 진저에일","탄산 음료,진저에일",탄산 음료,탄산음료,음료류,,USDA('18),10.4,INGREDIENT,1,0,,13,MEASURED,[],[],34,8.76,0,0,0,7,3,0.18,1,0,0
50fd37f3-5905-5af0-b769-6c5493ba464f,P0090090009a,2978,"탄산 음료, 콜라","탄산 음료,콜라",탄산 음료,탄산음료,음료류,,농진청('16),10.4,INGREDIENT,1,0,,13,MEASURED,[],[],38,9.46,0,0,0,2,1,0.02,2,0,0
3387c90a-1b83-599b-96de-cd37f6bd7d7d,P0090110009a,2979,"탄산 음료, 파인애플소다","탄산 음료,파인애플소다",탄산 음료,탄산음료,음료류,,농진청('03),10.4,INGREDIENT,1,0,,13,PARTIAL,[],[],45,11.3,0,0.1,,7,2,0.1,1,0,0
c19a8687-e981-5a09-9f16-be10bb7a0a6b,P0090120009a,2980,"탄산 음료, 포도소다","탄산 음료,포도소다",탄산 음료,탄산음료,음료류,,농진청('16),10.4,INGREDIENT,1,0,,13,MEASURED,[],[],52,13.07,0,0,0,0,0,0,10,0,0
a32ccc63-b3eb-5207-991c-ab091eda76be,P0120002469a,2981,"혼합 음료, 비타민C 함유","혼합 음료,비타민c 함유",혼합 음료,혼합음료,음료류,,농진청('15),10.4,INGREDIENT,1,0,,3,MEASURED,[],[],56,13.89,0,0.01,1.3,30,0,0,8,0,500
14ca7cb4-ed65-5508-905b-4205bb21f133,P0100000009a,2982,토닉워터,토닉워터,토닉워터,토닉워터,음료류,,USDA('18),10.4,INGREDIENT,1,0,,1,MEASURED,[],[],34,8.8,0,0,0,12,1,0.01,0,0,0
ec102b08-673c-554e-9d97-e3557d37b853,Q0170001649a,2983,"증류주, 고량주, 알코올 50%","증류주,고량주,알코올 50%",증류주,증류주,주류,,농진청('16),10.4,INGREDIENT,1,0,,10,MEASURED,[],[],355,0,0,0,0,1,1,0.01,1,0,0
59fcc631-a89a-5e68-92fb-d0ba131c7896,Q0020000009a,2985,"증류주, 드라이진","증류주,드라이진",증류주,증류주,주류,,JAPAN('20),10.4,INGREDIENT,1,0,,10,QUALIFIED,"[""fat_g"",""sodium_mg"",""potassium_mg""]","[""fiber_g"",""calcium_mg"",""iron_mg"",""vitamin_a_mcg_rae"",""vitamin_c_mg""]",280,0.1,0,0,0,0,0,0,0,0,0
75a5f6e8-614b-53f6-ad9a-750f1eb963ad,Q0030000009a,2986,"증류주, 럼","증류주,럼",증류주,증류주,주류,,JAPAN('20),10.4,INGREDIENT,1,0,,10,QUALIFIED,"[""fat_g"",""potassium_mg""]","[""fiber_g"",""vitamin_a_mcg_rae"",""vitamin_c_mg""]",237,0.1,0,0,0,3,0,0,0,0,0
efbc9958-e649-5ff9-aab8-fc4757a07fe9,Q0040001689a,2987,"발효주, 탁주, 막걸리, 알코올 6%","발효주,탁주,막걸리,알코올 6%",발효주,발효주,주류,,농진청('16),10.4,INGREDIENT,1,0,,15,MEASURED,[],[],52,1.13,0.98,0.15,0.6,3,8,0.06,14,0,0
926fadc3-3a8e-566c-af78-cf1c20ec707f,Q0050000009a,2988,"발효주, 과실주, 매실주","발효주,과실주,매실주",발효주,발효주,주류,,JAPAN('20),10.4,INGREDIENT,1,0,,15,QUALIFIED,"[""fat_g"",""iron_mg""]","[""vitamin_a_mcg_rae""]",155,20.7,0.1,0,,4,1,0,39,0,0
1c2c75c6-6dbc-5acd-a7c9-a8f0e6963a84,Q0060001629a,2989,"발효주, 맥주, 알코올 4.5%","발효주,맥주,알코올 4.5%",발효주,발효주,주류,,농진청('16),10.4,INGREDIENT,1,0,,15,MEASURED,[],[],45,3.31,0.21,0.01,0,2,2,0,28,0,0
ae747115-b3b9-5d84-9815-efc91ae8b287,Q0060031619a,2990,"발효주, 맥주, 흑맥주, 알코올 4.2%","발효주,맥주,흑맥주,알코올 4.2%",발효주,발효주,주류,,JAPAN('20),10.4,INGREDIENT,1,0,,15,MEASURED,"[""fat_g""]",[],45,3.6,0.4,0,0.2,3,3,0.1,55,0,0
ff56ad81-8928-5819-a382-dc755379cf58,Q0070001639a,2991,"증류주, 보드카, 알코올 40%","증류주,보드카,알코올 40%",증류주,증류주,주류,,JAPAN('20),10.4,INGREDIENT,1,0,,10,QUALIFIED,"[""carbohydrate_g"",""sodium_mg"",""potassium_mg""]","[""fiber_g"",""calcium_mg"",""iron_mg"",""vitamin_a_mcg_rae"",""vitamin_c_mg""]",237,0,0,0,0,0,0,0,0,0,0
3b428603-c736-5c0e-8195-7fb390c819f6,Q0180002479a,2992,"발효주, 과실주, 복분자주, 알코올 15%","발효주,과실주,복분자주,알코올 15%",발효주,발효주,주류,,농진청('16),10.4,INGREDIENT,1,0,,15,MEASURED,[],[],137,7.49,0.12,0,0.3,5,3,0.03,42,0,0
30648f1e-895d-5e82-965d-ca82a1c4e275,Q0080001659a,2993,"증류주, 브랜디, 알코올 43%","증류주,브랜디,알코올 43%",증류주,증류주,주류,,JAPAN('20),10.4,INGREDIENT,1,0,,10,QUALIFIED,[],"[""fiber_g"",""vitamin_a_mcg_rae"",""vitamin_c_mg""]",234,0,0,0,0,4,0,0,1,0,0
0845c4b0-25e0-5370-aec0-66956c82619d,Q0090001689a,2994,"발효주, 과실주, 샴페인, 알코올 6%","발효주,과실주,샴페인,알코올 6%",발효주,발효주,주류,,국('77),10.4,INGREDIENT,1,0,,15,PARTIAL,[],[],45,0.5,0,0,,,2,,,0,0
774144b8-d0a3-5b8c-bf42-7ce00c319c66,Q0100002389a,2995,"증류주, 소주, 희석식, 알코올 17.8%","증류주,소주,희석식,알코올 17.8%",증류주,증류주,주류,,농진청('16),10.4,INGREDIENT,1,0,,10,MEASURED,[],[],124,0,0,0,0,4,0,0,0,0,0
a45fff98-5912-54fe-b2d5-03defb21d90f,Q0100001719a,2996,"증류주, 소주, 희석식, 알코올 25%","증류주,소주,희석식,알코올 25%",증류주,증류주,주류,,농진청('16),10.4,INGREDIENT,1,0,,10,MEASURED,[],[],172,0,0,0,0,5,0,0,0,0,0
0e03906d-ce0d-55fb-bc8f-33a7d28d7bf3,Q0120001639a,2998,"증류주, 위스키, 알코올 40%","증류주,위스키,알코올 40%",증류주,증류주,주류,,농진청('16),10.4,INGREDIENT,1,0,,10,MEASURED,[],[],284,0.07,0.03,0,0,1,0,0,2,0,0.04
af754fb0-8852-53d7-8ddb-098ed16c42b0,Q0140001759a,2999,"발효주, 청주, 알코올 16%","발효주,청주,알코올 16%",발효주,발효주,주류,,농진청('16),10.4,INGREDIENT,1,0,,15,MEASURED,[],[],132,4.24,0.41,0,0,3,4,0.02,9,0,0
a7630e70-d38c-5a5e-aba1-9223348a6690,Q0160050009a,3005,"발효주, 과실주, 포도주, 백포도주, 무스카데","발효주,과실주,포도주,백포도주,무스카데",발효주,발효주,주류,,USDA('18),10.4,INGREDIENT,1,0,,15,PARTIAL,[],[],82,5.23,0.07,0,,,,,,,
b5902bb1-7961-5386-82ae-4a59591b3d08,Q0160040009a,3006,"발효주, 과실주, 포도주, 백포도주, 샤르도네","발효주,과실주,포도주,백포도주,샤르도네",발효주,발효주,주류,,USDA('18),10.4,INGREDIENT,1,0,,15,PARTIAL,[],[],84,2.16,0.07,0,0,5,9,0.27,71,,0
027caea6-1e89-5d75-9558-7784eda50900,Q0160060009a,3007,"발효주, 과실주, 포도주, 백포도주, 쇼비뇽블랑","발효주,과실주,포도주,백포도주,쇼비뇽블랑",발효주,발효주,주류,,USDA('18),10.4,INGREDIENT,1,0,,15,PARTIAL,[],[],81,2.05,0.07,0,,,,,,,
58bf04c2-2f37-5024-acb5-ae02e6536201,Q0160031729a,3010,"발효주, 과실주, 포도주, 적포도주, 알코올 13%","발효주,과실주,포도주,적포도주,알코올 13%",발효주,발효주,주류,,농진청('16),10.4,INGREDIENT,1,0,,15,MEASURED,[],[],101,1.85,0.21,0,1.5,2,9,0.36,104,0,0
6b770339-90b1-5cd6-8520-2a01a9cecc37,R0010010009a,3011,"간장, 개량, 양조","간장,개량,양조",간장,간장,조미료류,,농진청('13),10.4,INGREDIENT,1,0,,4,MEASURED,[],[],103,16.54,9.15,0,0.8,4783,25,1.63,480,0,0
28a7624a-ff01-5616-b36d-1ae41c97197e,R0010020009a,3012,"간장, 개량, 산분해","간장,개량,산분해",간장,간장,조미료류,,농진청('17),10.4,INGREDIENT,1,0,,4,MEASURED,[],[],54,5.59,7.41,0.19,0.9,5476,25,1.09,422,0,0
076379e0-87bb-57c5-9979-c52ac5c8a2fe,R0010030009a,3013,"간장, 재래","간장,재래",간장,간장,조미료류,,농진청('20),10.4,INGREDIENT,1,0,,4,MEASURED,[],[],34,2.47,5.92,0.03,0.4,7999,39,0.66,657,0,0
d1efe264-3b87-5b21-b632-e1c235f431bc,R0500000009a,3014,겨자 페이스트,겨자 페이스트,겨자 페이스트,겨자페이스트,조미료류,,농진청('14),10.4,INGREDIENT,1,0,,1,MEASURED,[],[],296,37.36,8.01,12.7,19.4,1423,101,2.05,223,1,0
500b2f67-737b-541f-936a-4fba83dbf0d2,R0520000005a,3015,"겨자, 가루","겨자,가루",겨자,겨자,조미료류,,농진청('13),10.4,INGREDIENT,1,0,,3,MEASURED,[],[],413,49.97,18.35,22.68,37.8,1,383,10.77,930,4,3.72
61b69322-262e-585c-a87f-f9c45a3b9766,R0030000005a,3016,"계피, 가루","계피,가루",계피,계피,조미료류,,농진청('22),10.4,INGREDIENT,1,0,,1,MEASURED,[],[],349,80.93,3.63,1.15,59.5,18,1280,8.38,700,3,0
1124e15a-e7df-5eab-9ec2-f8dfae57d2c9,R004000000Ra,3017,"고기 소스, 통조림","고기 소스,통조림",고기 소스,고기소스,조미료류,통조림,JAPAN('20),10.4,INGREDIENT,1,0,,1,PARTIAL,[],[],96,10.1,3.8,5,,610,17,0.8,250,5,6
5311bc63-eac9-5494-a4c2-4c7891c2764c,R0510000005a,3018,"고추냉이, 가루","고추냉이,가루",고추냉이,고추냉이,조미료류,,농진청('13),10.4,INGREDIENT,1,0,,4,MEASURED,[],[],299,55.1,29.94,3.45,23.400000000000002,21,400,6.62,1142,11,219.13
d88434c3-cf5f-5f5d-97ed-83493160db60,R0510010009a,3019,"고추냉이, 페이스트","고추냉이,페이스트",고추냉이,고추냉이,조미료류,,농진청('13),10.4,INGREDIENT,1,0,,4,MEASURED,[],[],148,35.81,3.03,1.58,7.300000000000001,801,98,1.09,343,1,5.04
0b4ad2b6-4dae-5995-9132-2a8e3a1a82fe,R0050010009a,3020,"고추장, 개량","고추장,개량",고추장,고추장,조미료류,,농진청('16),10.4,INGREDIENT,1,0,,2,MEASURED,[],[],205,51.76,3.66,1.38,5.2,2486,25,0.97,422,291,0
7dd13b03-3792-5eb8-869f-06107c664bf6,R0050020009a,3021,"고추장, 재래","고추장,재래",고추장,고추장,조미료류,,농진청('20),10.4,INGREDIENT,1,0,,2,MEASURED,[],[],163,35.24,6.06,2.68,6,3009,51,2.17,696,170,0
5e4c0f3c-f3d8-5a68-a925-5a10e259208d,R0070000005a,3022,고춧가루,고춧가루,고춧가루,고춧가루,조미료류,,농진청('14),10.4,INGREDIENT,1,0,,1,MEASURED,[],[],319,60.62,13.29,8.4,37.699999999999996,13,79,4.89,2541,614,0
bb430e5e-5e29-5d2a-9328-1e3e75062780,R0440000001a,3023,"골든세이지, 말린것","골든세이지,말린것",골든세이지,골든세이지,조미료류,말린것,농진청('02),10.4,INGREDIENT,1,0,,1,PARTIAL,[],[],385,73.6,1.6,9.3,,60,745,8.5,3430,1481,111
4b700f8a-5343-5822-8f57-e593cadfb478,R0080000009a,3024,굴 소스,굴 소스,굴 소스,굴소스,조미료류,,농진청('20),10.4,INGREDIENT,1,0,,1,MEASURED,[],[],117,27.14,2.07,0.05,0.2,4608,12,0.26,138,1,0
a81ef979-4c58-51eb-b559-64e2d9c70256,R0100000009a,3026,낫토,낫토,낫토,낫토,조미료류,,농진청('22),10.4,INGREDIENT,1,0,,1,MEASURED,[],[],181,9.95,17.24,8.47,6.9,7,133,3.36,789,1,0
5f7f08e1-04ca-5528-ae5c-e0ff814af41e,R0640000009a,3027,데리야끼 소스,데리야끼 소스,데리야끼 소스,데리야끼소스,조미료류,,농진청('22),10.4,INGREDIENT,1,0,,1,MEASURED,[],[],152,36.07,1.82,0.1,0.4,2044,15,0.53,120,0,0
d07f5874-debd-5577-bf5c-25aa50a5c1f9,R0120020009a,3028,"된장, 개량","된장,개량",된장,된장,조미료류,,농진청('14),10.4,INGREDIENT,1,0,,4,MEASURED,[],[],193,18.94,13.73,7.25,10.3,4339,79,2.07,539,0,11.2
c42581f4-1833-5be2-90fc-d97e325ec435,R0120052419a,3029,"된장, 개량, 찌개용","된장,개량,찌개용",된장,된장,조미료류,,농진청('16),10.4,INGREDIENT,1,0,,4,MEASURED,[],[],173,18.5,12.5,5.59,9.1,4206,92,2.17,609,16,4.2
daacbb0c-3e76-5c1c-9980-5350f2711ad8,R0120010009a,3030,"된장, 보리","된장,보리",된장,된장,조미료류,,농진청('93),10.4,INGREDIENT,1,0,,4,PARTIAL,[],[],164,25.3,10.9,2.1,,,39,1.2,434,0,12
fecf9e09-61db-54a7-af7c-ff0f4dc378d7,R0120040009a,3031,"된장, 재래","된장,재래",된장,된장,조미료류,,농진청('20),10.4,INGREDIENT,1,0,,4,MEASURED,[],[],142,7.26,13.6,6.89,4.8,5152,114,3.25,473,1,0
d09849db-e0ea-54ac-a2c1-bce78d0fb6f7,R0130000009a,3032,라면 스프,라면 스프,라면 스프,라면스프,조미료류,,농진청('21),10.4,INGREDIENT,1,0,,4,MEASURED,[],[],255,43.19,14.82,2.53,2.7,13212,57,1.01,511,197,0
ff0d66f1-c91c-527c-a653-7e4e98a18cf6,R0450000001a,3033,"라벤더, 말린것","라벤더,말린것",라벤더,라벤더,조미료류,말린것,농진청('01),10.4,INGREDIENT,1,0,,1,PARTIAL,[],[],330,63.3,12.6,8.7,,35,871,17.3,2530,1106,102
8546e59c-1a35-5a6d-b1e5-b0a55c2b8b61,R0650000000a,3034,"레몬그라스(시트로넬라), 생것","레몬그라스(시트로넬라),생것",레몬그라스(시트로넬라),레몬그라스시트로넬라,조미료류,생것,USDA('18),10.4,INGREDIENT,1,0,,1,PARTIAL,[],[],99,25.31,1.82,0.49,,6,65,8.17,723,0,2.6
7514053d-1d66-5060-a093-742dd7afb7e1,R0460000001a,3035,"로즈메리, 말린것","로즈메리,말린것",로즈메리,로즈메리,조미료류,말린것,USDA('18),10.4,INGREDIENT,1,0,,1,MEASURED,[],[],331,64.06,4.88,15.22,42.6,50,1280,29.25,955,0,61.2
6deb99ed-34ee-5732-a797-299a6cde2d83,R0530000005a,3037,"마늘, 가루","마늘,가루",마늘,마늘,조미료류,,농진청('19),10.4,INGREDIENT,1,0,,17,MEASURED,[],[],349,66.44,18.62,0.98,14.6,28,63,4.48,1420,1,4.59
291ac591-fcef-5282-bc0e-6c6691fd087d,R0150020009a,3038,마요네즈,마요네즈,마요네즈,마요네즈,조미료류,,농진청('19),10.4,INGREDIENT,1,0,,2,MEASURED,[],[],682,6.39,0.95,72.56,0.6,482,14,0.41,24,9,0
12f63842-93d7-58ee-9a92-c372470449b2,R0150030009a,3039,"마요네즈, 저칼로리","마요네즈,저칼로리",마요네즈,마요네즈,조미료류,,농진청('19),10.4,INGREDIENT,1,0,,2,MEASURED,[],[],341,12.35,0.89,31.97,0,600,7,0.28,26,12,0
bd199294-ae0b-50cb-8e70-1d8a23afec9a,R0160000009a,3040,맛술,맛술,맛술,맛술,조미료류,,농진청('02),10.4,INGREDIENT,1,0,,1,PARTIAL,[],[],146,35.5,0.3,0.3,,32,1,0.3,13,0,8
7cd988a9-1dc8-5a9e-9523-62b4592b84b8,R0120030009a,3041,미소,미소,미소,미소,조미료류,,농진청('14),10.4,INGREDIENT,1,0,,1,MEASURED,[],[],187,21.84,11.71,6.03,9.8,4616,71,1.44,484,0,0
b01da2cd-c3db-532a-9b81-07812c90325f,R0470000001a,3042,"민트, 말린것","민트,말린것",민트,민트,조미료류,말린것,농진청('01),10.4,INGREDIENT,1,0,,1,PARTIAL,[],[],294,56.2,17.5,6.1,,28,1763,8.3,3032,2306,102
86d6727e-b67e-559d-986e-62851c83789b,R0630000009a,3043,바비큐 소스,바비큐 소스,바비큐 소스,바비큐소스,조미료류,,농진청('19),10.4,INGREDIENT,1,0,,1,MEASURED,[],[],143,33.08,1.38,0.54,0,1568,20,0.38,265,37,5.19
e64a58b7-535f-552c-a073-85a7f1a9337c,R0670000005a,3044,"뽕잎, 가루","뽕잎,가루",뽕잎,뽕잎,조미료류,,농진청('23),10.4,INGREDIENT,1,0,,5,MEASURED,[],[],299,64.84,18.6,2.64,46.6,0,2588,10.36,2161,1843,79.76
b4bdf842-d686-5e86-9875-c7ddaae4193a,R0660000001a,3045,사프란,사프란,사프란,사프란,조미료류,,USDA('18),10.4,INGREDIENT,1,0,,1,MEASURED,[],[],310,65.37,11.43,5.85,3.9,148,111,11.1,1724,0,80.8
70791153-c99f-5c52-91bd-4efa7081f886,R0170000005a,3046,"산초, 가루","산초,가루",산초,산초,조미료류,,농진청('13),10.4,INGREDIENT,1,0,,1,MEASURED,[],[],302,68.57,9.66,4.01,56.6,7,1538,14.2,1220,7,0
94286a16-e38f-56b9-8ba7-37334518bb76,R0180020009a,3047,"샐러드 드레싱, 사우전드아일랜드","샐러드 드레싱,사우전드아일랜드",샐러드 드레싱,샐러드드레싱,조미료류,,농진청('19),10.4,INGREDIENT,1,0,,5,MEASURED,[],[],287,18.44,1,23.23,0,571,10,0.28,58,20,0
1e581629-5493-5acf-bec9-24ebef57acf8,R0180040009a,3048,"샐러드 드레싱, 이탈리안","샐러드 드레싱,이탈리안",샐러드 드레싱,샐러드드레싱,조미료류,,농진청('19),10.4,INGREDIENT,1,0,,5,MEASURED,[],[],155,16.92,0.33,9.54,0,926,12,0.14,54,1,0.23
d85ff3b9-50f8-5875-9d8f-801606ed5d1d,R0180050009a,3049,"샐러드 드레싱, 프렌치","샐러드 드레싱,프렌치",샐러드 드레싱,샐러드드레싱,조미료류,,USDA('18),10.4,INGREDIENT,1,0,,5,MEASURED,[],[],419,18.79,0.87,39.07,2.4,661,27,0.32,108,19,0
4382bc3f-b55e-5654-bd48-07e386c1ae3a,R0190000009a,3050,생강 페이스트,생강 페이스트,생강 페이스트,생강페이스트,조미료류,,JAPAN('20),10.4,INGREDIENT,1,0,,1,PARTIAL,[],[],41,8.6,0.7,0.6,,580,16,0.3,140,1,120
9fc3c78a-f71e-5e06-be8f-b01156dba8cf,R0550000005a,3051,"생강, 가루","생강,가루",생강,생강,조미료류,,농진청('19),10.4,INGREDIENT,1,0,,4,MEASURED,[],[],367,71.74,12.55,3.29,8.7,32,118,15.52,2432,2,0
77938d1d-979d-560c-9825-88ca45ec8919,R0200011869a,3053,"소금, 가공염, 죽염","소금,가공염,죽염",소금,소금,조미료류,,농진청('16),10.4,INGREDIENT,1,0,,12,MEASURED,[],[],0,0,0.01,0.01,0,38330,56,11.94,1262,0,0
7aee5a17-6113-5a2e-b12f-ac411b574ae0,R0200012429a,3054,"소금, 가공염, 퉁퉁마디(함초)","소금,가공염,퉁퉁마디(함초)",소금,소금,조미료류,,농진청('16),10.4,INGREDIENT,1,0,,12,MEASURED,[],[],21,5.17,0,0.01,0,33490,185,0.92,465,0,0
214f2ef8-0b4b-5c02-8abc-a756b9958ed1,R0200020009a,3056,"소금, 정제염","소금,정제염",소금,소금,조미료류,,농진청('15),10.4,INGREDIENT,1,0,,12,MEASURED,[],[],2,0.39,0,0.01,0,36025,30,0,552,0,0
cfe09301-51e9-5b3f-9b52-db7f5bec68ea,R0200030009a,3057,"소금, 천일염","소금,천일염",소금,소금,조미료류,,농진청('15),10.4,INGREDIENT,1,0,,12,MEASURED,[],[],20,4.95,0.03,0,0,33811,128,0.69,437,0,0
6d97b9e8-49c4-55c4-b6c6-a18cd2f94f48,R0200032439a,3058,"소금, 천일염, 가는소금","소금,천일염,가는소금",소금,소금,조미료류,,농진청('15),10.4,INGREDIENT,1,0,,12,MEASURED,[],[],24,5.99,0.06,0,2.1,33417,142,0.65,491,0,0
d7d0b84d-1eb9-517a-8364-9d6bef23ee3d,R0200031859a,3059,"소금, 천일염, 굵은소금","소금,천일염,굵은소금",소금,소금,조미료류,,농진청('15),10.4,INGREDIENT,1,0,,12,MEASURED,[],[],16,3.91,0,0,1.7,34205,114,0.73,383,0,0
d549a228-d84b-5687-b50d-de1eb1771d1a,R0200031879a,3060,"소금, 천일염, 소금꽃","소금,천일염,소금꽃",소금,소금,조미료류,,농진청('11),10.4,INGREDIENT,1,0,,12,PARTIAL,[],[],21,5.3,0,0,,40626,58,5.8,96,,
4d12e289-35da-5ece-a1c6-fa89980d0197,R0200031889a,3061,"소금, 천일염, 토판염","소금,천일염,토판염",소금,소금,조미료류,,농진청('11),10.4,INGREDIENT,1,0,,12,PARTIAL,[],[],16,4.1,0,0,,38659,62,6.2,46,,
44a99db8-94f5-538a-9544-e9943a7cdacb,R0200041879a,3062,"소금, 프랑스, 소금꽃","소금,프랑스,소금꽃",소금,소금,조미료류,,농진청('11),10.4,INGREDIENT,1,0,,12,PARTIAL,[],[],11,2.8,0,0,,36693,120,5.1,132,,
19198371-5d89-53b5-9927-81e9a6d771d7,R0200041889a,3063,"소금, 프랑스, 토판염","소금,프랑스,토판염",소금,소금,조미료류,,농진청('11),10.4,INGREDIENT,1,0,,12,PARTIAL,[],[],16,4,0,0,,39612,149,26.4,125,,
c8fb8fc4-f9e2-5a4e-9fa1-1f7a3a9f1015,R0040010009a,3064,소불고기 양념,소불고기 양념,소불고기 양념,소불고기양념,조미료류,,농진청('13),10.4,INGREDIENT,1,0,,1,MEASURED,[],[],181,42.98,2.17,0.01,0.6,1964,7,0.61,150,0,0
42df9a87-43e3-540d-a69f-dede35d27984,R021000000Va,3065,"스파게티 소스, 토마토, 병조림","스파게티 소스,토마토,병조림",스파게티 소스,스파게티소스,조미료류,,농진청('22),10.4,INGREDIENT,1,0,,2,MEASURED,[],[],73,11.2,1.52,2.46,2.7,577,35,0.61,316,39,2.45
937c0779-c69e-558f-a5ac-2f400a4ace68,R0220010009a,3066,"식초, 감식초","식초,감식초",식초,식초,조미료류,,농진청('19),10.4,INGREDIENT,1,0,,8,MEASURED,[],[],10,0.9,1.62,0,0,2,7,0.6,276,0,0
bd159504-80f6-5a15-9338-6787ded28aba,R0220090009a,3067,"식초, 발사믹","식초,발사믹",식초,식초,조미료류,,농진청('22),10.4,INGREDIENT,1,0,,8,MEASURED,[],[],165,40.42,0.62,0.04,0,25,17,0.8,206,0,0.74
1bacb43f-c57e-5411-87f8-9de6cdcc2ac9,R0220020009a,3068,"식초, 배식초","식초,배식초",식초,식초,조미료류,,농진청('19),10.4,INGREDIENT,1,0,,8,MEASURED,[],[],29,7.08,0.12,0.08,0,2,4,1.02,167,0,0
5936c14f-1daf-565b-8ddb-73fdde9a10ef,R0220030009a,3069,"식초, 사과식초","식초,사과식초",식초,식초,조미료류,,농진청('19),10.4,INGREDIENT,1,0,,8,MEASURED,[],[],19,4.71,0.1,0.03,0,2,4,0.06,8,0,0
ba8aadcc-0e23-55cd-87ff-5bfd660adbd9,R0220040009a,3070,"식초, 쌀식초","식초,쌀식초",식초,식초,조미료류,,JAPAN('20),10.4,INGREDIENT,1,0,,8,QUALIFIED,[],"[""fiber_g""]",46,7.4,0.2,0,0,12,2,0.1,16,0,0
fe5ff138-7d68-5c4f-8e98-0ffcbfc96daa,R0220060009a,3072,"식초, 양조","식초,양조",식초,식초,조미료류,,농진청('16),10.4,INGREDIENT,1,0,,8,MEASURED,[],[],1,0.34,0.02,0,0,1,3,0,2,0,0
dadd8017-380a-5e48-9d4b-f598f2b46956,R0220070009a,3073,"식초, 포도식초","식초,포도식초",식초,식초,조미료류,,JAPAN('20),10.4,INGREDIENT,1,0,,8,QUALIFIED,"[""fat_g"",""vitamin_c_mg""]","[""vitamin_a_mcg_rae""]",22,1.2,0.1,0,0,4,3,0.2,22,0,0
0f6ab6b7-4796-5bbc-988c-65dca7fd4557,R0220080009a,3074,"식초, 현미식초","식초,현미식초",식초,식초,조미료류,,농진청('19),10.4,INGREDIENT,1,0,,8,MEASURED,[],[],22,5.45,0.11,0,0,2,3,0.03,14,0,0
90298637-9a10-551e-b043-ff6bf17fd480,R0230000009a,3075,쌈장,쌈장,쌈장,쌈장,조미료류,,농진청('15),10.4,INGREDIENT,1,0,,1,MEASURED,[],[],240,39.18,9.88,4.81,9.7,2619,62,1.76,472,51,0
e628b7a4-e6ba-512b-b7f7-fe2ec0c934f7,R0560000005a,3076,"양파, 가루","양파,가루",양파,양파,조미료류,,농진청('23),10.4,INGREDIENT,1,0,,10,MEASURED,[],[],354,78.16,8.47,0.8,12.2,61,198,6.16,1385,0,6.58
9045a110-1596-5d29-b370-5e79c6fe3c3c,R0610000001a,3077,"오레가노, 말린것","오레가노,말린것",오레가노,오레가노,조미료류,말린것,USDA('18),10.4,INGREDIENT,1,0,,1,MEASURED,[],[],265,68.92,9,4.28,42.5,25,1597,36.8,1260,84,2.3
eec880ab-84bb-57dc-9c33-034c7b6b6f50,R0250000005a,3078,"올스파이스, 가루","올스파이스,가루",올스파이스,올스파이스,조미료류,,JAPAN('20),10.4,INGREDIENT,1,0,,1,QUALIFIED,[],"[""vitamin_c_mg""]",364,75.2,5.6,5.6,,53,710,4.7,1300,0,0
e18796fd-6928-580a-b9dc-64fe573ec23e,R0260000009a,3079,우스터 소스,우스터 소스,우스터 소스,우스터소스,조미료류,,농진청('22),10.4,INGREDIENT,1,0,,1,MEASURED,[],[],62,14.91,0.47,0.06,0,1971,72,0.56,176,3,0
f4d31e46-ffdd-5cf6-9183-305dacf4248c,R048000B141a,3080,"월계수, 잎, 말린것","월계수,잎,말린것",월계수,월계수,조미료류,말린것,USDA('18),10.4,INGREDIENT,1,0,,1,MEASURED,[],[],313,74.97,7.61,8.36,26.3,23,834,43,529,0,46.5
82b5b1af-6274-5e08-b6a5-cc4b72820610,R0270000009a,3081,"육두구, 가루","육두구,가루",육두구,육두구,조미료류,,JAPAN('20),10.4,INGREDIENT,1,0,,1,QUALIFIED,[],"[""vitamin_a_mcg_rae"",""vitamin_c_mg""]",520,47.5,5.7,38.5,,15,160,2.5,430,0,0
3593a2e4-5e50-5077-838b-8941b32edd4f,R0290000005a,3082,"정향, 가루","정향,가루",정향,정향,조미료류,,JAPAN('20),10.4,INGREDIENT,1,0,,1,QUALIFIED,[],"[""vitamin_c_mg""]",398,66.4,7.2,13.6,,280,640,9.9,1400,10,0
8e974920-7044-5702-8a45-2b46852f2367,R0310001895a,3083,"조미료, 멸치맛, 가루","조미료,멸치맛,가루",조미료,조미료,조미료류,,농진청('19),10.4,INGREDIENT,1,0,,6,MEASURED,[],[],211,32.37,14.12,2.81,0,14404,235,1.72,880,0,0
a3ac3df9-e379-5e6c-a533-aebb2cb70386,R0310001905a,3084,"조미료, 쇠고기맛, 가루","조미료,쇠고기맛,가루",조미료,조미료,조미료류,,농진청('22),10.4,INGREDIENT,1,0,,6,MEASURED,[],[],242,41.61,10.19,3.81,0.1,17769,7,0.24,372,0,0
aefa1661-522e-513e-805e-6c7d78bbc759,R0310010009a,3085,"조미료, 액상","조미료,액상",조미료,조미료,조미료류,,농진청('22),10.4,INGREDIENT,1,0,,6,MEASURED,[],[],66,9.6,6.78,0.07,0,5906,10,0.56,344,0,0
9ff02969-002a-5311-8c94-da21e9b45628,R0280000005a,3086,"짜장 소스, 가루","짜장 소스,가루",짜장 소스,짜장소스,조미료류,,농진청('19),10.4,INGREDIENT,1,0,,3,MEASURED,[],[],351,67.42,10.51,4.33,0,5251,76,1.12,297,0,0
08e08fac-19cb-5923-b95e-e6e69d12983b,R028000000Wa,3087,"짜장 소스, 레토르트","짜장 소스,레토르트",짜장 소스,짜장소스,조미료류,,농진청('14),10.4,INGREDIENT,1,0,,3,MEASURED,[],[],93,13.5,2.42,3.22,1.4,539,110,0.33,147,0,0
cb499493-a06e-5865-aa0f-0aad4bed0d5f,R0580000009a,3088,"짜장 소스, 춘장","짜장 소스,춘장",짜장 소스,짜장소스,조미료류,,농진청('14),10.4,INGREDIENT,1,0,,3,MEASURED,[],[],206,30.46,11.8,4.16,7.9,3399,54,1.78,384,0,0
8b34e308-85c1-5967-add2-5c81fa720a2a,R0320000009a,3089,청국장,청국장,청국장,청국장,조미료류,,농진청('22),10.4,INGREDIENT,1,0,,3,MEASURED,[],[],217,12.8,20.79,9.61,8.8,1135,137,4.63,965,7,0
4af1b934-fe35-5feb-8e78-8d3435b671bf,R0320000005a,3090,"청국장, 가루","청국장,가루",청국장,청국장,조미료류,,농진청('22),10.4,INGREDIENT,1,0,,3,MEASURED,[],[],459,26.81,41.83,21.61,17.3,12,241,7.96,1928,1,0
277eaae7-375d-55e6-9b8e-14d6624b469b,R0320002419a,3091,"청국장, 찌개용","청국장,찌개용",청국장,청국장,조미료류,,농진청('16),10.4,INGREDIENT,1,0,,3,MEASURED,[],[],136,10.39,10.93,5.88,7.3,3083,81,1.75,460,7,12.37
82e8cf2f-1fbd-5ab0-abd0-76d7193e3cbf,R0060000009a,3092,초고추장,초고추장,초고추장,초고추장,조미료류,,농진청('16),10.4,INGREDIENT,1,0,,1,MEASURED,[],[],211,53.78,3.79,1.17,2.4,1962,19,1.27,247,168,0
7151a7f7-5734-59f0-b59a-8fa85217d877,R0620000009a,3093,칠리 소스,칠리 소스,칠리 소스,칠리소스,조미료류,,JAPAN('20),10.4,INGREDIENT,1,0,,2,MEASURED,[],[],112,26.3,1.8,0.1,1.9,1200,27,0.9,500,42,0
b1c084b6-0d5d-55a3-8850-96f50cdfb9b3,R0330000005a,3094,"칠리, 가루","칠리,가루",칠리,칠리,조미료류,,JAPAN('20),10.4,INGREDIENT,1,0,,1,QUALIFIED,[],"[""vitamin_c_mg""]",374,60.1,15,8.2,,2500,280,29,3000,633,0
45bc1d70-3621-5a96-8faf-36bf04f021ef,R0340000005a,3095,"카레 소스, 가루","카레 소스,가루",카레 소스,카레소스,조미료류,,농진청('19),10.4,INGREDIENT,1,0,,2,MEASURED,[],[],425,55.76,8.38,18.69,0,4059,84,2.02,514,3,0
fe810ae3-6e15-5971-a1fb-3f580638301d,R034000000Wa,3096,"카레 소스, 레토르트","카레 소스,레토르트",카레 소스,카레소스,조미료류,,농진청('16),10.4,INGREDIENT,1,0,,2,MEASURED,[],[],72,11.39,2.47,1.89,2.8,482,14,0.43,158,26,0.17
2ecc8509-2e92-5ed7-a406-bccedd7a5db3,R0600000001a,3098,"타라곤, 말린것","타라곤,말린것",타라곤,타라곤,조미료류,말린것,USDA('18),10.4,INGREDIENT,1,0,,1,MEASURED,[],[],295,50.22,22.77,7.24,7.4,62,1139,32.3,3020,0,50
4fea8cd7-408c-5fe1-a403-450ec9f37541,R0360000005a,3099,"타임, 가루","타임,가루",타임,타임,조미료류,,JAPAN('20),10.4,INGREDIENT,1,0,,1,PARTIAL,[],[],342,69.8,6.5,5.2,,13,1700,110,980,82,0
414a8df8-330a-5c45-9a64-a63f11110c16,R0370000009a,3100,템페,템페,템페,템페,조미료류,,USDA('18),10.4,INGREDIENT,1,0,,1,PARTIAL,[],[],192,7.64,20.29,10.8,,9,111,2.7,412,0,0
6eed83e3-e63a-5a6e-b7b9-81570cc4518c,R0380000009a,3101,토마토 소스,토마토 소스,토마토 소스,토마토소스,조미료류,,JAPAN('20),10.4,INGREDIENT,1,0,,1,QUALIFIED,"[""vitamin_c_mg""]","[""vitamin_c_mg""]",41,8.5,2,0.2,1.1,240,18,0.9,340,40,0
a53c6c32-929f-56e0-b97d-ac1111bf93ea,R0380010009a,3102,토마토 케첩,토마토 케첩,토마토 케첩,토마토케첩,조미료류,,농진청('19),10.4,INGREDIENT,1,0,,1,MEASURED,[],[],125,29.2,1.8,0.12,1.8,1056,19,0.28,523,49,6.91
73c7b857-9196-5fd7-b96f-9f261467e170,R0570000001a,3103,"파슬리, 말린것","파슬리,말린것",파슬리,파슬리,조미료류,말린것,농진청('21),10.4,INGREDIENT,1,0,,2,MEASURED,[],[],298,61.59,20.16,3.41,21.7,630,1129,39.9,2714,1007,447.72
e7c11a78-358f-582e-99eb-ffa0b7f0930f,R0390000005a,3104,"파프리카, 가루","파프리카,가루",파프리카,파프리카,조미료류,,JAPAN('20),10.4,INGREDIENT,1,0,,12,QUALIFIED,[],"[""vitamin_c_mg""]",385,55.6,15.5,11.6,,60,170,21,2700,417,0
85fd3dad-696a-5ebc-8df8-065b00f15717,R0590000000a,3105,"페퍼민트, 생것","페퍼민트,생것",페퍼민트,페퍼민트,조미료류,생것,USDA('18),10.4,INGREDIENT,1,0,,1,MEASURED,[],[],70,14.89,3.75,0.94,8,31,243,5.08,569,0,31.8
6e4f563e-aacf-528b-87e1-7ee83b2d45e2,R0110000009a,3106,포크커틀릿 소스,포크커틀릿 소스,포크커틀릿 소스,포크커틀릿소스,조미료류,,농진청('16),10.4,INGREDIENT,1,0,,1,MEASURED,[],[],133,32.54,0.6,0.02,0,1713,12,0.21,161,14,0.6
ad462a43-967f-5cec-9025-9640d2197ad6,R0400000009a,3107,핫 소스,핫 소스,핫 소스,핫소스,조미료류,,농진청('19),10.4,INGREDIENT,1,0,,1,MEASURED,[],[],47,8.8,1.44,0.63,0,989,17,0.52,273,71,26.56
d48496a6-5870-5987-b9b5-bdb14dd24037,R0410010005a,3108,"후추, 검은색, 가루","후추,검은색,가루",후추,후추,조미료류,,농진청('19),10.4,INGREDIENT,1,0,,2,MEASURED,[],[],362,66.33,12.87,5,25.6,6,391,12.97,1366,31,0
0cee8573-396b-5c42-b294-cfc06c266d47,R0410020005a,3109,"후추, 흰색, 가루","후추,흰색,가루",후추,후추,조미료류,,JAPAN('20),10.4,INGREDIENT,1,0,,2,QUALIFIED,[],"[""vitamin_a_mcg_rae"",""vitamin_c_mg""]",376,70.1,10.1,6.4,,4,240,7.3,60,0,0
19bd50b8-fe43-54cc-893f-5596b17c061b,S0170000007a,3136,"돈저냐(동그랑땡), 냉동","돈저냐(동그랑땡),냉동",돈저냐(동그랑땡),돈저냐동그랑땡,조리가공식품류,냉동,농진청('22),10.4,INGREDIENT,1,0,,2,MEASURED,[],[],228,5.29,10.66,18.23,1.9,450,39,0.55,263,21,1.31
2989bd26-3ed7-571b-96db-71142eb1a8ab,S0830001919a,3142,"라면, 조리전","라면,조리전",라면,라면,조리가공식품류,,농진청('21),10.4,INGREDIENT,1,0,,17,MEASURED,[],[],416,67.12,8.6,12.6,2.3,1472,203,0.62,241,20,0
b40146ce-35f7-5d6d-b81d-549f6f4e9526,S0830001919d,3143,"라면, 조리후","라면,조리후",라면,라면,조리가공식품류,,농진청('21),10.4,INGREDIENT,1,0,,17,MEASURED,[],[],101,16.17,2.18,3.03,1.8,368,48,0.09,55,4,0
4e4ee8c8-ca8d-5bfa-8779-fddff53d40da,S0830001929d,3144,"라면, 국물, 조리후","라면,국물,조리후",라면,라면,조리가공식품류,,농진청('14),10.4,INGREDIENT,1,0,,17,MEASURED,[],[],19,2.08,0.44,0.96,0.8,380,5,0.08,56,10,0
88747bb7-569a-56be-9918-15c2d84d815b,S0830001911d,3145,"라면, 면, 조리후","라면,면,조리후",라면,라면,조리가공식품류,,농진청('14),10.4,INGREDIENT,1,0,,17,MEASURED,[],[],174,29.79,3.89,4.37,3.8,278,97,0.21,55,1,0
fd328fbc-c8ea-50a7-92b0-38095d75538d,S0830010001d,3146,"라면, 비빔라면, 조리후","라면,비빔라면,조리후",라면,라면,조리가공식품류,,농진청('16),10.4,INGREDIENT,1,0,,17,MEASURED,[],[],189,31.01,3.38,5.67,2.3,375,8,0.33,47,17,0
504a863d-076a-52ef-9449-19ca242c2f5b,S0830020001d,3147,"라면, 짜장라면, 조리후","라면,짜장라면,조리후",라면,라면,조리가공식품류,,농진청('21),10.4,INGREDIENT,1,0,,17,MEASURED,[],[],179,29.83,3.69,4.97,1.8,306,78,0.3,59,1,0
c1615604-5e8c-5909-a355-abf2d433bf87,S0850001919d,3148,"라면, 용기라면, 조리후","라면,용기라면,조리후",라면,라면,조리가공식품류,,농진청('21),10.4,INGREDIENT,1,0,,17,MEASURED,[],[],103,15.65,1.98,3.63,1.1,402,49,0.18,61,5,0
c4318ce7-65ab-5f08-b813-ab328c3f5505,S0850002239d,3149,"라면, 용기라면, 국물, 조리후","라면,용기라면,국물,조리후",라면,라면,조리가공식품류,,농진청('14),10.4,INGREDIENT,1,0,,17,MEASURED,[],[],28,3.21,0.61,1.44,0.7,423,8,0.11,61,13,0.72
005a09b7-fc08-549b-a575-b0261a35dde1,S0850001911d,3150,"라면, 용기라면, 면, 조리후","라면,용기라면,면,조리후",라면,라면,조리가공식품류,,농진청('14),10.4,INGREDIENT,1,0,,17,MEASURED,[],[],192,33.42,3.5,4.95,3.6,316,123,0.44,71,3,0
23f731d5-5fd1-56b0-97a3-885af26c6316,S0850011919a,3151,"라면, 용기라면, 볶음라면, 조리전","라면,용기라면,볶음라면,조리전",라면,라면,조리가공식품류,,농진청('16),10.4,INGREDIENT,1,0,,17,MEASURED,[],[],392,63.47,8.75,11.46,4.2,1217,31,0.94,199,71,0
f91b4fc5-92b4-50a9-a6c6-6d7f9627de53,S0850011919d,3152,"라면, 용기라면, 볶음라면, 조리후","라면,용기라면,볶음라면,조리후",라면,라면,조리가공식품류,,농진청('16),10.4,INGREDIENT,1,0,,17,MEASURED,[],[],202,33.9,4.52,5.39,2.3,435,16,0.54,63,36,0
9090a138-4eed-5ff6-9a2e-4a4014618792,S0260010009a,3156,"만두, 고기 만두","만두,고기 만두",만두,만두,조리가공식품류,,농진청('23),10.4,INGREDIENT,1,0,,6,MEASURED,[],[],198,22.09,7.77,8.74,1.7,308,43,1.03,203,10,0
e8858865-0e0b-55c9-a003-2bcec370bb0b,S0260020009j,3157,"만두, 군만두","만두,군만두",만두,만두,조리가공식품류,,농진청('22),10.4,INGREDIENT,1,0,,6,MEASURED,[],[],297,28.41,9.73,16.03,2.4,349,45,1.03,314,30,0
a814251e-f713-5366-9936-d5a6818ec337,S0260030009a,3158,"만두, 김치 만두","만두,김치 만두",만두,만두,조리가공식품류,,농진청('22),10.4,INGREDIENT,1,0,,6,MEASURED,[],[],157,20.29,6.19,5.66,3.2,391,46,0.92,189,19,0
79c63cea-8356-5e9c-86db-faef131786bb,S0260040009a,3159,"만두, 물만두","만두,물만두",만두,만두,조리가공식품류,,농진청('22),10.4,INGREDIENT,1,0,,6,MEASURED,[],[],155,16.42,6.97,6.8,1.3,220,26,1.22,120,19,0
0f6c949b-7068-5bfa-b5a2-baf25f96ec9d,S0860001589a,3161,냉면 육수,냉면 육수,냉면 육수,냉면육수,조리가공식품류,,농진청('22),10.4,INGREDIENT,1,0,,2,MEASURED,[],[],24,5.6,0.21,0.03,0,607,2,0,11,0,0
39785248-2fcc-578a-8d4d-b662c2e1d85e,S0290000007a,3163,"미트볼, 냉동","미트볼,냉동",미트볼,미트볼,조리가공식품류,냉동,JAPAN('20),10.4,INGREDIENT,1,0,,1,QUALIFIED,[],"[""carbohydrate_g"",""protein_g"",""fat_g"",""fiber_g"",""sodium_mg"",""calcium_mg"",""iron_mg"",""potassium_mg"",""vitamin_a_mcg_rae"",""vitamin_c_mg""]",199,13.4,10.2,12.5,1.3,460,22,0.8,240,24,1
2ad77e15-ae60-5ed3-9f89-17b73956c755,S0300020009a,3165,"볶음밥, 새우 볶음밥","볶음밥,새우 볶음밥",볶음밥,볶음밥,조리가공식품류,,농진청('22),10.4,INGREDIENT,1,0,,1,MEASURED,[],[],165,29.98,3.84,3.35,1,370,12,0.21,49,13,0
0c42a69f-ed7f-5923-9ab5-a81597a0bee3,S0340001589a,3170,"사골국, 인스턴트","사골국,인스턴트",사골국,사골국,조리가공식품류,,농진청('22),10.4,INGREDIENT,1,0,,1,MEASURED,[],[],12,0.35,1.76,0.38,0,212,2,0,5,0,0
344003ee-f40e-5859-a1d0-c968a8812199,S0370020009a,3175,"샌드위치, 닭고기","샌드위치,닭고기",샌드위치,샌드위치,조리가공식품류,,USDA('18),10.4,INGREDIENT,1,0,,4,MEASURED,[],[],250,20.89,16.28,11.19,1.4,753,58,1.77,245,3,0.8
984b768e-ddd5-55b9-9373-1588d46a4600,S0370030009a,3176,"샌드위치, 생선","샌드위치,생선",샌드위치,샌드위치,조리가공식품류,,USDA('18),10.4,INGREDIENT,1,0,,4,MEASURED,[],[],257,26.69,10.29,12.45,1,602,37,1.5,206,5,1.8
2c96b66e-0052-5774-999f-c8be3cc6225d,S0370040009a,3177,"샌드위치, 소고기","샌드위치,소고기",샌드위치,샌드위치,조리가공식품류,,USDA('18),10.4,INGREDIENT,1,0,,4,MEASURED,[],[],244,22.21,15.17,10.3,1.3,653,55,2.64,224,2,0
20cac314-28b0-521d-8fc3-fe4b17e9433a,S0370060009a,3179,"샌드위치, 햄, 치즈, 채소","샌드위치,햄,치즈,채소",샌드위치,샌드위치,조리가공식품류,,농진청('17),10.4,INGREDIENT,1,0,,4,MEASURED,[],[],214,21.55,8.66,10.38,5.5,532,78,0.56,187,37,7.31
dc682f3d-92cd-57aa-b049-eb320c5e4b8f,S044000000Wa,3186,"스튜, 레토르트","스튜,레토르트",스튜,스튜,조리가공식품류,,JAPAN('20),10.4,INGREDIENT,1,0,,1,QUALIFIED,[],"[""carbohydrate_g"",""protein_g"",""fat_g"",""fiber_g"",""sodium_mg"",""calcium_mg"",""iron_mg"",""potassium_mg"",""vitamin_a_mcg_rae"",""vitamin_c_mg""]",153,7.1,4.1,12.6,0.7,380,11,0.5,150,50,4
f462c912-6645-5157-af8f-2d03bd9c8c67,S0450010007a,3188,"스파게티, 미트소스 스파게티, 냉동","스파게티,미트소스 스파게티,냉동",스파게티,스파게티,조리가공식품류,냉동,USDA('18),10.4,INGREDIENT,1,0,,1,MEASURED,[],[],90,15.24,5.05,1.01,1.8,238,18,1.25,144,9,5.4
90dd8db4-9d49-5a8b-b9b7-caa43c5e6db5,S0460010005a,3189,"스프, 소고기 스프, 가루","스프,소고기 스프,가루",스프,스프,조리가공식품류,,농진청('22),10.4,INGREDIENT,1,0,,8,MEASURED,[],[],387,71.17,9.08,7.39,3.1,3313,44,0.77,326,14,0
a7d710dc-d482-561b-9e65-b9875e92340e,S0460010005d,3190,"스프, 소고기 스프, 가루, 끓인것","스프,소고기 스프,가루,끓인것",스프,스프,조리가공식품류,,농진청('22),10.4,INGREDIENT,1,0,,8,MEASURED,[],[],40,6.91,1.06,0.87,0.9,312,5,0.12,34,3,0
1972dbe5-2536-5bb2-be73-702ee9071c77,S0460040005a,3192,"스프, 양송이 스프, 가루","스프,양송이 스프,가루",스프,스프,조리가공식품류,,농진청('22),10.4,INGREDIENT,1,0,,8,MEASURED,[],[],387,74.62,7.88,6.36,3.8,2565,68,0.6,443,10,0
44eed3a7-8e9d-562a-a4d6-2760b6aa0ca7,S0460040005d,3193,"스프, 양송이 스프, 가루, 끓인것","스프,양송이 스프,가루,끓인것",스프,스프,조리가공식품류,,농진청('22),10.4,INGREDIENT,1,0,,8,MEASURED,[],[],42,7.23,0.78,1.11,0.4,253,6,0.08,44,2,0
738633fe-572c-5c0f-a750-7989a6a5d788,S0460070005a,3197,"스프, 크림 스프, 가루","스프,크림 스프,가루",스프,스프,조리가공식품류,,농진청('22),10.4,INGREDIENT,1,0,,8,MEASURED,[],[],430,70,7.44,13.4,2.1,2811,65,0.4,322,56,0
90e49743-20eb-5888-bfca-e6844bd67c03,S0460070005d,3198,"스프, 크림 스프, 가루, 끓인것","스프,크림 스프,가루,끓인것",스프,스프,조리가공식품류,,농진청('22),10.4,INGREDIENT,1,0,,8,MEASURED,[],[],45,7.03,0.64,1.59,0.2,251,7,0.06,34,5,0
5b43e572-1020-5b29-a1c9-b96df7b93d59,S0490000009a,3202,연잎밥,연잎밥,연잎밥,연잎밥,조리가공식품류,,농진청('09),10.4,INGREDIENT,1,0,,1,PARTIAL,[],[],207,47,4,0.3,,178,14,5.9,98,0,3
6d14d230-92a8-5d62-ba08-f250f19373b8,S0650030009a,3217,"초밥, 유부 초밥","초밥,유부 초밥",초밥,초밥,조리가공식품류,,농진청('16),10.4,INGREDIENT,1,0,,1,MEASURED,[],[],165,31.26,4.32,2.51,1.9,255,63,0.39,33,4,0
f2351b4c-41a7-5231-9d46-f3a047469e2c,S0710010007a,3223,"크로켓, 감자 크로켓, 냉동","크로켓,감자 크로켓,냉동",크로켓,크로켓,조리가공식품류,냉동,JAPAN('20),10.4,INGREDIENT,1,0,,3,PARTIAL,[],[],157,25.3,4.6,4.9,,290,20,0.7,300,69,7
6ade43f7-8834-5bff-85c4-394e538049cb,S0710020007a,3224,"크로켓, 채소 크로켓, 냉동","크로켓,채소 크로켓,냉동",크로켓,크로켓,조리가공식품류,냉동,농진청('01),10.4,INGREDIENT,1,0,,3,PARTIAL,[],[],264,34,3,12.9,,477,6,0.9,241,25,0
a385fa66-fa15-532b-aa32-6dd12464442b,S0710030007a,3225,"크로켓, 크림 크로켓, 냉동","크로켓,크림 크로켓,냉동",크로켓,크로켓,조리가공식품류,냉동,JAPAN('20),10.4,INGREDIENT,1,0,,3,PARTIAL,[],[],159,20.9,4.7,6.3,,270,43,0.5,160,240,2
ee65528b-6780-5374-9ff0-bf321b09d83e,S0780000007a,3234,"핫도그, 냉동","핫도그,냉동",핫도그,핫도그,조리가공식품류,냉동,농진청('16),10.4,INGREDIENT,1,0,,1,MEASURED,[],[],267,34.97,8.09,10.55,3,454,95,0.85,124,13,1.98
85490cd3-c8d7-5dc9-9675-6964330c5221,S0800000009a,3235,"햄버거, 소고기패티","햄버거,소고기패티",햄버거,햄버거,조리가공식품류,,농진청('16),10.4,INGREDIENT,1,0,,2,PARTIAL,[],[],271,35.76,11.94,8.94,,594,30,1.19,234,27,0.53
c15660af-6794-5f20-a46d-47eed8255576,S0800020009a,3236,"햄버거, 소고기패티, 토마토, 양상추, 양파","햄버거,소고기패티,토마토,양상추,양파",햄버거,햄버거,조리가공식품류,,농진청('16),10.4,INGREDIENT,1,0,,2,MEASURED,[],[],229,18.01,9.55,13.23,7.2,378,16,1.09,174,5,0.8
c0bdc0b7-c1d2-50db-814c-412f133467ee,T0280002600a,3238,"갈색 거저리, 유충, 생것","갈색 거저리,유충,생것",갈색 거저리,갈색거저리,기타,생것,농진청('15),10.4,INGREDIENT,1,0,,2,MEASURED,[],[],195,0.83,23.19,11,0.6,32,14,1.99,313,0,0
26a80c99-96cd-5815-9054-62d852c4c8d3,T0280002601a,3239,"갈색 거저리, 유충, 말린것","갈색 거저리,유충,말린것",갈색 거저리,갈색거저리,기타,말린것,농진청('15),10.4,INGREDIENT,1,0,,2,MEASURED,[],[],537,14.41,51.39,30.43,12.8,71,46,4.92,947,6,0
0524a236-a7a6-5e3b-9918-bdea73837cd7,T0010001949a,3240,"고로쇠나무, 수액","고로쇠나무,수액",고로쇠나무,고로쇠나무,기타,,농진청('13),10.4,INGREDIENT,1,0,,1,MEASURED,[],[],5,1.44,0,0.02,0,0,8,0.02,6,0,0.06
e272c564-2a07-512d-af43-918f2373083c,T0040000005a,3241,"누에, 유충, 가루","누에,유충,가루",누에,누에,기타,,농진청('18),10.4,INGREDIENT,1,0,,4,MEASURED,[],[],482,10.06,50.85,26.53,0.2,79,109,5.23,756,1,0
13dab194-6126-56da-8d08-42d4c2537c1d,T0110000000a,3242,"누에, 번데기, 생것","누에,번데기,생것",누에,누에,기타,생것,농진청('18),10.4,INGREDIENT,1,0,,4,MEASURED,[],[],126,1.95,12.62,7.55,0.4,2,36,0.73,365,6,0
d12899fe-276b-584e-872b-1231b89b863b,T0110000001a,3243,"누에, 번데기, 말린것","누에,번데기,말린것",누에,누에,기타,말린것,농진청('90),10.4,INGREDIENT,1,0,,4,PARTIAL,[],[],224,3.7,22.3,13.3,,12,70,2.6,321,0,0
9bccde98-ae6a-5b0c-ab83-c3c4752a0570,T011000000Ra,3244,"누에, 번데기, 통조림","누에,번데기,통조림",누에,누에,기타,통조림,농진청('22),10.4,INGREDIENT,1,0,,4,MEASURED,[],[],148,3.42,14.87,8.37,2.4,651,38,1.09,98,10,0
257011c6-c023-547a-aa4d-8a79519d594b,T0300000005a,3245,"단백질 보충제, 가루","단백질 보충제,가루",단백질 보충제,단백질보충제,기타,,USDA('18),10.4,INGREDIENT,1,0,,2,MEASURED,[],[],411,18.5,45.71,17.14,7.1,329,500,8.57,1129,750,30
67e3c90f-1510-5dac-8a05-7b4abde74842,T0300002325a,3246,"단백질 보충제, 저지방, 가루","단백질 보충제,저지방,가루",단백질 보충제,단백질보충제,기타,,USDA('18),10.4,INGREDIENT,1,0,,2,MEASURED,[],[],396,22,50,12,2,250,1200,12,840,1050,42
9309181f-d04e-5b44-b7de-8cf0ef8a4d5c,T005000000Ra,3247,"달팽이, 통조림","달팽이,통조림",달팽이,달팽이,기타,통조림,JAPAN('20),10.4,INGREDIENT,1,0,,2,QUALIFIED,[],"[""fiber_g""]",75,0.8,16.5,1,0,260,400,3.9,5,0,0
c5ad617b-93c4-5373-99ee-1d28b136dc87,T0050000000a,3248,"달팽이, 생것","달팽이,생것",달팽이,달팽이,기타,생것,USDA('18),10.4,INGREDIENT,1,0,,2,MEASURED,[],[],90,2,16.1,1.4,0,70,10,3.5,382,30,0
b988e3ff-bdff-5edd-a482-219ec4394c0b,T006000000Na,3249,"대나무, 추출","대나무,추출",대나무,대나무,기타,,농진청('04),10.4,INGREDIENT,1,0,,1,PARTIAL,[],[],2,0.2,0,0.1,,13,26,1.7,57,8,12
5d7743d7-e002-54ec-a08f-fd08f8b841aa,T0090002300a,3250,"메뚜기, 성충, 생것","메뚜기,성충,생것",메뚜기,메뚜기,기타,생것,농진청('18),10.4,INGREDIENT,1,0,,1,MEASURED,[],[],125,1.86,24.29,2.26,1.5,49,26,2.32,306,111,0
fd029917-b145-59f6-88d9-cdac43d38b81,T0130000001a,3251,"삼백초, 말린것","삼백초,말린것",삼백초,삼백초,기타,말린것,농진청('02),10.4,INGREDIENT,1,0,,3,PARTIAL,[],[],301,67,12.1,3.8,,8,1135,30.7,2444,0,53
e06bdca5-59ec-5a5f-b269-86e0fbaa9af6,T013000B141a,3252,"삼백초, 잎, 말린것","삼백초,잎,말린것",삼백초,삼백초,기타,말린것,농진청('84),10.4,INGREDIENT,1,0,,3,PARTIAL,[],[],278,59.6,12.8,4.1,,,98,5.2,,0,3
63676744-f15d-5cb3-aa12-591a673b796e,T013000B161a,3253,"삼백초, 줄기, 말린것","삼백초,줄기,말린것",삼백초,삼백초,기타,말린것,농진청('84),10.4,INGREDIENT,1,0,,3,PARTIAL,[],[],278,71.1,4.9,1.5,,,77,4.9,,0,1
d0e7276d-1b19-5617-af7b-81869dcbffba,T0150000000a,3254,"솔잎, 생것","솔잎,생것",솔잎,솔잎,기타,생것,농진청('84),10.4,INGREDIENT,1,0,,2,PARTIAL,[],[],161,32.9,4.5,3.9,,,61,3.1,,258,29
8b0c83c1-81e5-56a2-8a76-11740cfc8237,T015000000Na,3255,"솔잎, 추출","솔잎,추출",솔잎,솔잎,기타,,농진청('00),10.4,INGREDIENT,1,0,,2,PARTIAL,[],[],8,2.1,0.1,,,4,3,0.5,48,0,0
81c259b5-7c1a-51a8-81bf-416b4b305c99,T0160000005a,3256,"송화, 가루","송화,가루",송화,송화,기타,,농진청('23),10.4,INGREDIENT,1,0,,1,MEASURED,[],[],392,79.79,11.46,2.95,57.2,23,30,7.99,1085,1,8.42
bdd42081-22a0-57fc-be8b-7a4899c2ac42,T0170001949a,3257,"수세미, 수액","수세미,수액",수세미,수세미,기타,,농진청('99),10.4,INGREDIENT,1,0,,1,PARTIAL,[],[],4,0.7,0.8,,,3,2,0.2,26,0,3
3e79a97e-81d5-58bb-8af7-51db3abcd932,T0270002300a,3258,"쌍별귀뚜라미, 성충, 생것","쌍별귀뚜라미,성충,생것",쌍별귀뚜라미,쌍별귀뚜라미,기타,생것,농진청('18),10.4,INGREDIENT,1,0,,1,MEASURED,[],[],130,3.39,22.45,0,3.1,121,85,1.23,323,0,0
5a264b0b-a0fb-5057-9b68-d7c1ce0afb0d,T0210010001a,3259,"인삼, 백삼, 말린것","인삼,백삼,말린것",인삼,인삼,기타,말린것,농진청('84),10.4,INGREDIENT,1,0,,5,PARTIAL,[],[],316,69.8,15.7,0.5,,,227,33.5,,0,6
75e2e6a2-ce90-5fec-a9cd-a9cd9a570e9b,T0210020000a,3260,"인삼, 수삼, 생것","인삼,수삼,생것",인삼,인삼,기타,생것,농진청('19),10.4,INGREDIENT,1,0,,5,MEASURED,[],[],90,18.85,4.12,0.76,2.4,12,84,4.64,447,0,5.14
f2eaa723-90ac-5758-9609-081d11b478f8,T0210020009b,3261,"인삼, 수삼, 삶은것","인삼,수삼,삶은것",인삼,인삼,기타,삶은것,농진청('19),10.4,INGREDIENT,1,0,,5,MEASURED,[],[],86,18.23,3.54,0.69,2.4,10,82,2.34,348,0,7.06
90f79482-19ca-5efe-baad-f0d2a5ab4370,T0210030001a,3262,"인삼, 홍삼, 말린것","인삼,홍삼,말린것",인삼,인삼,기타,말린것,농진청('19),10.4,INGREDIENT,1,0,,5,PARTIAL,[],[],309,68.25,13.02,1.24,,45,306,7.14,1268,0,0
df6b0a91-55d6-53c9-bd8d-6f9ef0fefcc7,T021003000Na,3263,"인삼, 홍삼, 추출","인삼,홍삼,추출",인삼,인삼,기타,,농진청('16),10.4,INGREDIENT,1,0,,5,MEASURED,[],[],15,3.32,0.33,0.01,0.9,2,5,0.13,68,0,0
2536a146-f3af-5125-a4cc-3f82877a45c2,T0310002601a,3264,"장수풍뎅이, 유충, 말린것","장수풍뎅이,유충,말린것",장수풍뎅이,장수풍뎅이,기타,말린것,농진청('18),10.4,INGREDIENT,1,0,,1,MEASURED,[],[],502,19.55,44.62,27.21,0,40,89,4.12,919,0,0
f826e885-6086-51f5-adc7-cb8343057725,T0230000000a,3265,"치자꽃, 생것","치자꽃,생것",치자꽃,치자꽃,기타,생것,농진청('05),10.4,INGREDIENT,1,0,,1,PARTIAL,[],[],66,14.9,1.3,0.1,,8,39,3.3,43,3,36
1b06d75e-8cd7-540e-84b8-89dd3a22680a,T0250010009a,3266,"팽창제, 베이킹파우더","팽창제,베이킹파우더",팽창제,팽창제,기타,,USDA('18),10.4,INGREDIENT,1,0,,2,MEASURED,[],[],51,24.1,0.1,0,0.2,7893,7364,11.27,5,0,0
a6ad58d0-5280-52af-ad2f-63c47b276c9b,T0250030001a,3267,"팽창제, 효모, 말린것","팽창제,효모,말린것",팽창제,팽창제,기타,말린것,JAPAN('20),10.4,INGREDIENT,1,0,,2,MEASURED,[],[],307,43.1,37.1,6.8,32.6,120,19,13,1600,0,1
9ef1c857-9860-5fcb-b502-bb2b0d05384e,T0260000009a,3268,프로폴리스,프로폴리스,프로폴리스,프로폴리스,기타,,농진청('05),10.4,INGREDIENT,1,0,,1,PARTIAL,[],[],642,46.9,0.5,50.3,,19,18,2.7,84,3,90
d4c20776-bf68-5caa-85f6-ad648477deeb,T0290002600a,3269,"흰점박이 꽃무지, 유충, 생것","흰점박이 꽃무지,유충,생것",흰점박이 꽃무지,흰점박이꽃무지,기타,생것,농진청('15),10.4,INGREDIENT,1,0,,2,MEASURED,[],[],122,2.9,15.78,5.2,1.4,42,71,2.11,468,11,0
52e7466d-d435-5953-a943-21283d44ce05,T0290002601a,3270,"흰점박이 꽃무지, 유충, 말린것","흰점박이 꽃무지,유충,말린것",흰점박이 꽃무지,흰점박이꽃무지,기타,말린것,농진청('15),10.4,INGREDIENT,1,0,,2,MEASURED,[],[],463,19.99,54.13,18.52,19.1,207,218,7.63,1856,54,0
242c0b62-a0d3-51f7-a10a-766c67626b0f,A0090050009w,3271,"멥쌀 과자, 떡, 팽화","멥쌀 과자,떡,팽화",멥쌀 과자,멥쌀과자,곡류 및 그 제품,,농진청('22),10.4,INGREDIENT,1,0,,5,MEASURED,[],[],404,87.29,7.22,1.01,0.8,2,9,0.1,57,0,0
173fd0ed-b5fe-563e-b0e9-dbe1629f4246,A0090062699j,3272,"멥쌀 과자, 단맛","멥쌀 과자,단맛",멥쌀 과자,멥쌀과자,곡류 및 그 제품,,농진청('22),10.4,INGREDIENT,1,0,,5,MEASURED,[],[],467,75.99,6.73,15.07,0.8,340,12,0.11,27,0,0
8dc0db91-99f1-5b4b-9214-89fe4879f6ae,A0090062709j,3273,"멥쌀 과자, 짠맛","멥쌀 과자,짠맛",멥쌀 과자,멥쌀과자,곡류 및 그 제품,,농진청('22),10.4,INGREDIENT,1,0,,5,MEASURED,[],[],471,76.93,5.01,15.97,0.8,542,13,0.18,45,0,0
5721fc93-d695-5576-a069-f534f63d8146,A0100000001b,3274,"멥쌀 국수, 말린것, 삶은것","멥쌀 국수,말린것,삶은것",멥쌀 국수,멥쌀국수,곡류 및 그 제품,삶은것,농진청('19),10.4,INGREDIENT,1,0,,2,MEASURED,[],[],132,28.37,2.59,0.29,0.5,23,5,0.17,5,0,0
fac05e28-77de-5f0f-9630-782ddb5c7023,A0170082719j,3275,"과자, 마늘바게트","과자,마늘바게트",과자,과자,곡류 및 그 제품,,농진청('22),10.4,INGREDIENT,1,0,,26,MEASURED,[],[],480,65.3,9.36,20.17,1,633,18,1.56,143,24,0
2f679316-6849-5066-a294-9ed8276d3cca,A0170062729a,3276,"과자, 전병, 땅콩","과자,전병,땅콩",과자,과자,곡류 및 그 제품,,농진청('22),10.4,INGREDIENT,1,0,,26,MEASURED,[],[],407,87.43,7.72,2.91,1.6,299,39,4.91,204,0,0
7a865687-ede0-5209-a646-c1eec6dfd1ff,A0520000001a,3277,"라면, 용기라면, 말린것","라면,용기라면,말린것",라면,라면,곡류 및 그 제품,말린것,농진청('21),10.4,INGREDIENT,1,0,,17,MEASURED,[],[],453,65.27,7.44,18.04,1.9,493,224,0.46,221,0,0
095ab4cf-3133-5e02-b194-44a755f2ac1f,A0520000001d,3278,"라면, 용기라면, 말린것, 삶은것","라면,용기라면,말린것,삶은것",라면,라면,곡류 및 그 제품,삶은것,농진청('21),10.4,INGREDIENT,1,0,,17,PARTIAL,[],[],187,27.4,3.27,7.18,,127,93,0.09,52,0,0
06dad6e2-eb3b-5cc1-9039-b1f0de655a91,A0210270199a,3279,"빵, 또띠아, 밀","빵,또띠아,밀",빵,빵,곡류 및 그 제품,,농진청('22),10.4,INGREDIENT,1,0,,49,MEASURED,[],[],303,52.1,8.25,6.89,2.2,421,14,0.55,95,0,0
725d2803-e93f-50b6-bd9e-83834c0834ad,A0210270109a,3280,"빵, 또띠아, 통밀","빵,또띠아,통밀",빵,빵,곡류 및 그 제품,,농진청('22),10.4,INGREDIENT,1,0,,49,MEASURED,[],[],295,44.94,9.32,8.64,6.4,693,56,2.56,210,0,0
d7a84187-8f5e-5b6e-ae33-d471e2962f53,A0210122739a,3281,"빵, 식빵, 쇼트닝 첨가","빵,식빵,쇼트닝 첨가",빵,빵,곡류 및 그 제품,,농진청('20),10.4,INGREDIENT,1,0,,49,MEASURED,[],[],267,49.61,9.32,3.48,3.6,490,17,0.44,81,60,0
8ab6ec3b-53c6-53ae-8303-53c120814b99,A0210122739f,3282,"빵, 식빵, 쇼트닝 첨가, 구운것","빵,식빵,쇼트닝 첨가,구운것",빵,빵,곡류 및 그 제품,구운것,농진청('20),10.4,INGREDIENT,1,0,,49,MEASURED,[],[],287,53.6,9.83,3.7,3.9,582,18,0.14,81,66,0
73200e7a-481a-5d1c-9ebf-94b859d107f9,A053000A010a,3283,"율무, 도정, 밥","율무,도정,밥",율무,율무,곡류 및 그 제품,,농진청('19),10.4,INGREDIENT,1,0,,3,MEASURED,[],[],172,30.34,7.1,2.35,1.9,2,6,2.45,105,0,0
cf0c7333-01a7-58dc-8a52-1e5e166e7be8,B0210000001a,3284,"고구마, 고구마말랭이, 말린것","고구마,고구마말랭이,말린것",고구마,고구마,감자류 및 전분류,말린것,농진청('22),10.4,INGREDIENT,1,0,,27,MEASURED,[],[],277,65.58,3.62,0.34,3.7,72,62,1.01,724,72,9.85
49a786e9-9aa3-5f5f-a82d-cb56a1ab2426,B0090010000c,3285,"곤약(구약나물), 국수형, 데친것","곤약(구약나물),국수형,데친것",곤약(구약나물),곤약구약나물,감자류 및 전분류,데친것,농진청('20),10.4,INGREDIENT,1,0,,4,MEASURED,[],[],7,3.58,0.01,0.01,2.6,2,36,0.08,14,0,0
f4f0f68c-4f23-5099-a039-d4f6365de0d6,C0090080009a,3286,"사탕, 과일사탕","사탕,과일사탕",사탕,사탕,당류,,농진청('19),10.4,INGREDIENT,1,0,,8,MEASURED,[],[],396,98.64,0.05,0.1,0,1,2,0,0,0,0
528eb2ec-cdf7-5e03-819f-99dbd0512c9e,C0090090449a,3287,"사탕, 추잉 사탕, 과일맛","사탕,추잉 사탕,과일맛",사탕,사탕,당류,,농진청('20),10.4,INGREDIENT,1,0,,8,MEASURED,[],[],430,81.84,1.81,10.63,0,22,4,0.1,0,0,156.83
8b94b7a4-f7e3-5031-9bcd-7beb9539e8e6,C0090090369a,3288,"사탕, 추잉 사탕, 우유맛","사탕,추잉 사탕,우유맛",사탕,사탕,당류,,농진청('20),10.4,INGREDIENT,1,0,,8,MEASURED,[],[],431,71.65,4.69,13.97,0,303,107,0.14,136,31,0
334211ce-0d01-556a-a13a-e36c7cb29c65,D0010000001b,3289,"강낭콩, 말린것, 삶은것","강낭콩,말린것,삶은것",강낭콩,강낭콩,두류,삶은것,농진청('20),10.4,INGREDIENT,1,0,,4,MEASURED,[],[],169,29.43,10.35,0.93,12.4,3,57,2.83,563,7,0.2
257c40ef-2868-5361-9fff-2e304bbcf41d,D015004000Dj,3290,"두부, 유부, 조미","두부,유부,조미",두부,두부,두류,조미,농진청('22),10.4,INGREDIENT,1,0,,6,MEASURED,[],[],201,12.09,9.77,12.67,0.8,522,152,1.42,69,0,0
914ce55b-7081-56c9-b2fd-8f9015fa0ca8,D020001C021b,3291,"렌즈콩(렌틸콩), 빨간색, 말린것, 삶은것","렌즈콩(렌틸콩),빨간색,말린것,삶은것",렌즈콩(렌틸콩),렌즈콩렌틸콩,두류,삶은것,농진청('22),10.4,INGREDIENT,1,0,,3,MEASURED,[],[],150,25.39,9.79,0.88,6.7,1,12,2.12,224,1,0
8deb0988-eb17-5148-bfb1-f4906811cd29,D0210010001b,3292,"병아리콩, 말린것, 삶은것","병아리콩,말린것,삶은것",병아리콩,병아리콩,두류,삶은것,농진청('22),10.4,INGREDIENT,1,0,,2,MEASURED,[],[],183,29.24,9.18,3.2,8.8,0,45,2.58,350,2,0
012df0db-95de-5d1e-adba-fd0409e39930,D0080000001b,3293,"완두, 말린것, 삶은것","완두,말린것,삶은것",완두,완두,두류,삶은것,농진청('22),10.4,INGREDIENT,1,0,,5,MEASURED,[],[],174,27.06,13.03,1.35,11.9,3,59,2.99,516,7,0.21
8ca888e0-4705-5c3f-b4b5-ede9979a1613,D019000E016a,3294,"팥, 앙금","팥,앙금",팥,팥,두류,,농진청('20),10.4,INGREDIENT,1,0,,13,MEASURED,[],[],259,58.39,5.74,0.31,6.1,60,12,1.61,99,0,0.47
38e0b190-9200-5e75-9b79-2c9f278c8a5a,F0140030001b,3295,"고려엉겅퀴(곤드레), 말린것, 삶은것","고려엉겅퀴(곤드레),말린것,삶은것",고려엉겅퀴(곤드레),고려엉겅퀴곤드레,채소류,삶은것,농진청('22),10.4,INGREDIENT,1,0,,3,MEASURED,[],[],40,6.32,3.8,0.92,4.9,0,138,1.68,248,476,0
7800276a-070a-5339-a51f-0271d79f8047,F021000B150a,3296,"고추냉이, 잎줄기, 생것","고추냉이,잎줄기,생것",고추냉이,고추냉이,채소류,생것,농진청('19),10.4,INGREDIENT,1,1,NUTRITION_MEDOID_RAW,4,MEASURED,[],[],27,5.35,1.93,0.41,4.2,15,175,2.45,253,350,25.34
d99061e7-96a1-5b41-8646-7eb811b02752,F043000B090g,3297,"더덕, 뿌리, 구운것(팬)","더덕,뿌리,구운것(팬)",더덕,더덕,채소류,구운것(팬),농진청('22),10.4,INGREDIENT,1,0,,5,MEASURED,[],[],86,18.17,3.45,0.74,3.4,0,38,0.73,262,1,4.38
aa8847b4-ba09-534c-a601-99c53ee2f73f,F053000B066a,3298,"마늘, 다진것","마늘,다진것",마늘,마늘,채소류,,농진청('20),10.4,INGREDIENT,1,0,,17,MEASURED,[],[],99,20.55,5,0.27,3,199,9,0.6,410,0,1.6
bf880821-3e98-55f1-800e-8bb8c4bbc144,F0910060000a,3299,"부추, 솔부추, 생것","부추,솔부추,생것",부추,부추,채소류,생것,농진청('20),10.4,INGREDIENT,1,1,NUTRITION_MEDOID_RAW,8,MEASURED,[],[],21,4.32,1.58,0.25,1.3,0,41,0.58,277,113,14.24
7a773329-e3a0-5e20-9d22-430efafd82c7,F0910060009c,3300,"부추, 솔부추, 데친것","부추,솔부추,데친것",부추,부추,채소류,데친것,농진청('20),10.4,INGREDIENT,1,0,,8,MEASURED,[],[],24,4.81,1.53,0.35,1.5,0,45,0.27,271,91,15.23
d048be1f-a754-500c-b0f7-c28eff1bcb67,F1010182490a,3301,"상추, 반결구, 로메인, 모스트청쌈, 녹색, 생것","상추,반결구,로메인,모스트청쌈,녹색,생것",상추,상추,채소류,생것,농진청('20),10.4,INGREDIENT,1,0,,22,MEASURED,[],[],15,2.36,1.6,0.3,1,8,84,0.42,199,107,9.54
bafa06bf-5a53-5d28-9177-b86fc7678418,F1010192490a,3302,"상추, 반결구, 버터헤드, 녹색, 생것","상추,반결구,버터헤드,녹색,생것",상추,상추,채소류,생것,농진청('20),10.4,INGREDIENT,1,0,,22,MEASURED,[],[],11,2.09,1.05,0.18,0.9,4,30,1.07,205,143,3.82
c605cbbb-bea4-5c61-b21e-a5e272cf531d,F1980060009b,3303,"호박, 쥬키니, 삶은것","호박,쥬키니,삶은것",호박,호박,채소류,삶은것,농진청('20),10.4,INGREDIENT,1,0,,22,MEASURED,[],[],12,2.52,0.82,0.07,1,1,19,0.66,86,19,4.47
6bb8d7d6-6363-52b9-b2f1-daab9f709418,G031000000Xa,3304,"꽃송이버섯, 말린것(자연건조)","꽃송이버섯,말린것(자연건조)",꽃송이버섯,꽃송이버섯,버섯류,,농진청('22),10.4,INGREDIENT,1,0,,4,MEASURED,[],[],173,61.65,19.59,2.34,41.1,3,6,2.85,2398,0,0
927c2d80-47f8-5042-8965-197d1dc2148a,G0180000001a,3305,"양송이버섯, 말린것","양송이버섯,말린것",양송이버섯,양송이버섯,버섯류,말린것,농진청('22),10.4,INGREDIENT,1,0,,8,MEASURED,[],[],180,53.02,31.34,2.59,18.9,68,8,7.5,3347,0,0
bc4ff266-2bd6-57c9-a28c-1a0b21d25504,H1270000009a,3306,귤 음료,귤 음료,귤 음료,귤음료,과일류,,농진청('20),10.4,INGREDIENT,1,0,,1,MEASURED,[],[],37,8.84,0.21,0.05,0,1,3,0,39,1,14.41
a2510084-dbe7-5a8b-a9ca-de99a457e87f,H0500080000a,3307,"사과, 감홍, 생것","사과,감홍,생것",사과,사과,과일류,생것,농진청('20),10.4,INGREDIENT,1,0,,10,MEASURED,[],[],51,13.74,0.34,0.08,1.6,0,4,0.11,124,1,3.03
1559aa4f-e168-5198-8318-d5ad19006cdb,H0500090000a,3308,"사과, 양광, 생것","사과,양광,생것",사과,사과,과일류,생것,농진청('20),10.4,INGREDIENT,1,0,,10,MEASURED,[],[],47,12.68,0.29,0.1,1.3,0,2,0.11,119,1,2.44
f1107532-98df-5664-a22a-8bc1dad22e7e,H0500000008a,3309,"사과, 동결건조","사과,동결건조",사과,사과,과일류,동결건조,농진청('19),10.4,INGREDIENT,1,0,,10,MEASURED,[],[],332,85.87,1.86,1.94,9.5,0,24,0.69,820,0,15.63
b16d13ce-4fda-5f41-b878-006717260f80,H0690010000a,3310,"오렌지, 네블, 생것","오렌지,네블,생것",오렌지,오렌지,과일류,생것,농진청('19),10.4,INGREDIENT,1,0,,3,MEASURED,[],[],47,11.81,0.92,0.16,2.1,2,36,0.14,138,1,50.51
e69f8dce-5e30-5648-b356-6cb3eab98072,H1280000009a,3311,포도 음료,포도 음료,포도 음료,포도음료,과일류,,농진청('20),10.4,INGREDIENT,1,0,,1,MEASURED,[],[],29,7.31,0.05,0,0,8,1,0,0,0,0
7c0e1fae-106f-5a2f-a413-caaf20abc80a,I009000D339g,3312,"닭 부산물, 간, 구운것(팬)","닭 부산물,간,구운것(팬)",닭 부산물,닭부산물,육류 및 그 제품,구운것(팬),농진청('19),10.4,INGREDIENT,1,0,,11,MEASURED,[],[],154,3.58,18.54,6.53,0,74,8,10.51,326,12603,19.37
54270460-5691-5d72-bb32-682761c141fa,I009000D479g,3313,"닭 부산물, 심장, 구운것(팬)","닭 부산물,심장,구운것(팬)",닭 부산물,닭부산물,육류 및 그 제품,구운것(팬),농진청('22),10.4,INGREDIENT,1,0,,11,MEASURED,[],[],216,0,24.44,11.98,0,133,15,5.39,376,13,1.86
f1c0bb66-664c-5cee-98fd-77928b6f7f0e,I009000F120a,3314,"닭 부산물, 닭발, 생것","닭 부산물,닭발,생것",닭 부산물,닭부산물,육류 및 그 제품,생것,농진청('20),10.4,INGREDIENT,1,0,,11,MEASURED,[],[],199,0,17.64,13.27,0,66,62,0.49,17,17,0
31e9ef87-5682-5f89-b0ce-075989cef72f,I0460000009a,3315,"닭 부산물, 닭발, 육수","닭 부산물,닭발,육수",닭 부산물,닭부산물,육류 및 그 제품,,농진청('19),10.4,INGREDIENT,1,0,,11,MEASURED,[],[],4,0,0.25,0.28,0,20,0,0.29,13,0,0
758aa71a-d5fa-5383-92ff-0511553121af,I0470000007a,3316,"치킨너겟, 냉동","치킨너겟,냉동",치킨너겟,치킨너겟,육류 및 그 제품,냉동,농진청('22),10.4,INGREDIENT,1,1,LOWEST_COMPLEXITY_VARIANT,2,MEASURED,[],[],254,13.5,13.02,16.47,1.3,430,50,1.03,167,13,0
427352a2-a35e-55b5-8464-21b61d3d9e8f,I0470000007j,3317,"치킨너겟, 냉동, 튀긴것","치킨너겟,냉동,튀긴것",치킨너겟,치킨너겟,육류 및 그 제품,튀긴것,농진청('22),10.4,INGREDIENT,1,0,,2,MEASURED,[],[],332,16.63,15.3,22.7,1.6,516,61,1.12,195,13,0
7f5a059f-5410-5463-865f-11ebb784c412,I0140002740a,3318,"돼지고기, 앞다리, 수육용, 생것","돼지고기,앞다리,수육용,생것",돼지고기,돼지고기,육류 및 그 제품,생것,농진청('22),10.4,INGREDIENT,1,0,,45,MEASURED,[],[],274,0,17.46,21.32,0,54,4,0.62,298,6,0.71
d9578de0-5a9a-511f-a69b-223513c6438b,I0140002749b,3319,"돼지고기, 앞다리, 수육용, 삶은것","돼지고기,앞다리,수육용,삶은것",돼지고기,돼지고기,육류 및 그 제품,삶은것,농진청('22),10.4,INGREDIENT,1,0,,45,MEASURED,[],[],310,0,27.47,20.63,0,36,4,1.16,187,5,0
711539f1-6cc1-5ce0-b497-7f842140da80,I015000D409b,3320,"돼지 부산물, 머리고기, 삶은것","돼지 부산물,머리고기,삶은것",돼지 부산물,돼지부산물,육류 및 그 제품,삶은것,농진청('22),10.4,INGREDIENT,1,0,,23,MEASURED,[],[],363,0,17.52,30.67,0,84,14,1.07,100,16,0
58ded57b-3c24-5327-83a0-a3e83d533cea,I0210000009c,3321,"베이컨, 데친것","베이컨,데친것",베이컨,베이컨,육류 및 그 제품,데친것,농진청('21),10.4,INGREDIENT,1,0,,3,MEASURED,[],[],260,3.58,21.24,17.87,0,177,6,0.84,58,3,7.88
cff4795e-5c45-592f-8c39-aaf001cb489b,I0170020009c,3322,"햄, 통조림, 돼지고기와 닭고기 함유, 데친것","햄,통조림,돼지고기와 닭고기 함유,데친것",햄,햄,육류 및 그 제품,데친것,농진청('20),10.4,INGREDIENT,1,0,,13,MEASURED,[],[],194,5.04,15.82,12.33,0,655,6,1.06,186,4,34.49
9fa8050d-e78f-5c89-a310-5cc62f827495,I0170020009g,3323,"햄, 통조림, 돼지고기와 닭고기 함유, 구운것(팬)","햄,통조림,돼지고기와 닭고기 함유,구운것(팬)",햄,햄,육류 및 그 제품,구운것(팬),농진청('20),10.4,INGREDIENT,1,0,,13,MEASURED,[],[],228,6.42,18.62,14.15,0,933,8,1.57,283,4,40.87
65dc15a4-8196-5929-acb0-29f4d4f5dda2,I0290000009n,3324,"소불고기, 볶은것","소불고기,볶은것",소불고기,소불고기,육류 및 그 제품,,농진청('19),10.4,INGREDIENT,1,1,LOWEST_COMPLEXITY_VARIANT,1,MEASURED,[],[],186,6.73,10.33,13.1,0.9,468,18,1.4,378,17,2.08
18c09cb9-a5a7-5ab5-ba3f-fd3d26427260,I040000B039b,3325,"오리고기, 삶은것, 껍질 포함","오리고기,삶은것,껍질 포함",오리고기,오리고기,육류 및 그 제품,,농진청('22),10.4,INGREDIENT,1,0,,6,MEASURED,[],[],277,0,28.74,16.58,0,25,4,2.45,104,16,0
81f4daf3-dbad-508a-bee2-b34a71bc1149,I040000B039g,3326,"오리고기, 구운것(팬), 껍질 포함","오리고기,구운것(팬),껍질 포함",오리고기,오리고기,육류 및 그 제품,,농진청('22),10.4,INGREDIENT,1,0,,6,MEASURED,[],[],308,0,28.98,19.76,0,89,6,3.32,418,20,0
561bda3a-60c5-53f4-bbeb-e1977d8b3043,I040000000Ga,3327,"오리고기, 조미훈제","오리고기,조미훈제",오리고기,오리고기,육류 및 그 제품,조미훈제,농진청('22),10.4,INGREDIENT,1,0,,6,MEASURED,[],[],277,2.37,17.96,21.74,0,538,6,2.03,202,12,28.49
a8bd7f66-4c11-5667-8018-ceedcffa6316,I040000000Gg,3328,"오리고기, 조미훈제, 구운것(팬)","오리고기,조미훈제,구운것(팬)",오리고기,오리고기,육류 및 그 제품,구운것(팬),농진청('22),10.4,INGREDIENT,1,0,,6,MEASURED,[],[],259,3.86,26.85,15.16,0,888,10,3.04,316,13,21.72
d686ee62-5377-5443-b5b7-3e065bc2a302,K0680010009a,3329,"멸치 육수, 티백, 채소 포함","멸치 육수,티백,채소 포함",멸치 육수,멸치육수,어패류 및 그 제품,,농진청('19),10.4,INGREDIENT,1,0,,2,MEASURED,[],[],2,0.35,0.14,0.03,0,29,1,0.71,28,0,0
85529d24-7256-5e39-9822-4d4c237de11f,M0060002759a,3330,"아이스크림, 딸기맛, 유지방12%","아이스크림,딸기맛,유지방12%",아이스크림,아이스크림,우유 및 그 제품,,농진청('19),10.4,INGREDIENT,1,0,,9,MEASURED,[],[],205,21.4,2.93,12,0.8,38,94,0.29,152,67,3.9
7f0f3304-c234-5367-868a-a047931e8fe0,M0060002769a,3331,"아이스크림, 딸기맛, 유지방14.5%","아이스크림,딸기맛,유지방14.5%",아이스크림,아이스크림,우유 및 그 제품,,농진청('19),10.4,INGREDIENT,1,0,,9,MEASURED,[],[],241,21.69,3.77,15.41,0.9,43,132,0.3,194,69,6.67
6f02b1d8-af5d-51cd-9f46-25e34e831052,M0060002779a,3332,"아이스크림, 초콜릿맛, 유지방12%","아이스크림,초콜릿맛,유지방12%",아이스크림,아이스크림,우유 및 그 제품,,농진청('19),10.4,INGREDIENT,1,0,,9,MEASURED,[],[],245,26.86,4.63,13.24,1.2,43,131,1.74,281,65,4.37
36e70eec-62bb-577d-8c8e-15830011bed7,M0060002789a,3333,"아이스크림, 초콜릿맛, 유지방14.7%","아이스크림,초콜릿맛,유지방14.7%",아이스크림,아이스크림,우유 및 그 제품,,농진청('19),10.4,INGREDIENT,1,0,,9,MEASURED,[],[],257,21.38,4.56,16.99,1.2,41,128,2.03,294,70,4.07
e1d1a60d-989b-5dda-8e78-98fb395a0921,M0060021389a,3334,"아이스크림, 빙과, 딸기맛","아이스크림,빙과,딸기맛",아이스크림,아이스크림,우유 및 그 제품,,농진청('19),10.4,INGREDIENT,1,0,,9,MEASURED,[],[],168,26.5,0.82,6.56,2,50,53,0.5,160,0,0
82f8af2c-069f-5b38-8a73-dc18023f5964,M0060021409a,3335,"아이스크림, 빙과, 초콜릿맛","아이스크림,빙과,초콜릿맛",아이스크림,아이스크림,우유 및 그 제품,,농진청('19),10.4,INGREDIENT,1,0,,9,MEASURED,[],[],182,29.86,1.37,6.34,2.1,63,57,1.03,272,0,0
aab8b74d-12de-52aa-b3da-956ecd7716a1,N0080002339a,3336,"버터, 무가염","버터,무가염",버터,버터,유지류,,농진청('19),10.4,INGREDIENT,1,0,,2,MEASURED,[],[],760,4.11,0.52,81,0,13,15,0.03,21,531,0
4cb75d1b-c136-592b-81e5-cea26f4dbb65,O001000000Na,3337,감잎차,감잎차,감잎차,감잎차,차류,,농진청('19),10.4,INGREDIENT,1,0,,1,MEASURED,[],[],0,0,0.02,0.03,0,0,0,0.57,22,0,0
ac184a97-85d6-511e-aa2e-11ad75a27510,O002000000Na,3338,결명자차,결명자차,결명자차,결명자차,차류,,농진청('19),10.4,INGREDIENT,1,0,,2,MEASURED,[],[],0,0.04,0,0,0,0,1,0.01,3,0,0
14bccf35-a8dc-5c49-86a6-1cb725436275,O004000000Na,3339,구기자차,구기자차,구기자차,구기자차,차류,,농진청('19),10.4,INGREDIENT,1,0,,2,MEASURED,[],[],1,0.13,0,0,0,0,0,0,12,0,0
312b6ac7-d998-5b0f-978a-3e455b8e4469,O006000000Na,3340,국화차,국화차,국화차,국화차,차류,,농진청('19),10.4,INGREDIENT,1,0,,2,MEASURED,[],[],0,0.03,0,0,0,0,0,0,13,0,0
6cca07a2-3521-5715-b010-4579a4294302,O0370000009a,3341,옥수수수염차,옥수수수염차,옥수수수염차,옥수수수염차,차류,,농진청('20),10.4,INGREDIENT,1,0,,1,MEASURED,[],[],1,0.22,0.08,0,0,4,0,0,0,0,2.09
1ad71fe6-bc34-5504-8e5c-1bbf62ff97da,O023000000Pa,3342,유자차,유자차,유자차,유자차,차류,,농진청('19),10.4,INGREDIENT,1,0,,2,MEASURED,[],[],30,7.51,0.04,0.01,0.8,7,0,0.03,0,0,3.32
ca30c268-eb6f-5997-ab43-70df574e5270,O0270022795a,3343,"카페라테, 가루, 인스턴트","카페라테,가루,인스턴트",카페라테,카페라테,차류,,농진청('19),10.4,INGREDIENT,1,0,,2,MEASURED,[],[],497,60.8,6.88,25.11,0,165,424,0.71,1516,0,6.8
05b8b174-0f5a-5cd5-9610-8af77f1874d0,O027002279Pa,3344,"카페라테, 가루, 물에 탄것(중량 14.2g)","카페라테,가루,물에 탄것(중량 14.2g)",카페라테,카페라테,차류,,농진청('19),10.4,INGREDIENT,1,0,,2,MEASURED,[],[],84,11.27,1.77,3.54,0,24,58,0.22,313,0,1.32
06f22415-d6a3-5ddc-8d1d-b97af330e554,O0320010005a,3345,"홍차, 레몬, 가루","홍차,레몬,가루",홍차,홍차,차류,,농진청('19),10.4,INGREDIENT,1,0,,6,MEASURED,[],[],398,99.19,0.18,0.05,0,48,7,0,131,0,0
dc4306a5-c429-5258-afaa-d12b29d5046b,O032003000Qa,3346,"홍차, 밀크티, 캔","홍차,밀크티,캔",홍차,홍차,차류,,농진청('20),10.4,INGREDIENT,1,0,,6,MEASURED,[],[],35,6.85,0.62,0.6,0,14,22,0.14,52,2,0
4bcc6220-7bb4-5a61-b1d2-e3156e1cbe2d,P014000000Qa,3347,"수정과, 캔","수정과,캔",수정과,수정과,음료류,,농진청('22),10.4,INGREDIENT,1,0,,1,MEASURED,[],[],33,8.04,0.04,0.04,0,14,1,0,4,0,0
60113fcd-d0ca-5f30-9cd1-56be53255727,P0150010009a,3348,"식초 음료, 석류","식초 음료,석류",식초 음료,식초음료,음료류,,농진청('22),10.4,INGREDIENT,1,0,,2,MEASURED,[],[],93,22.82,0.2,0.08,0,2,8,0.03,110,0,0
592a8215-6b92-5679-a618-339b263e8e0e,P0150020009a,3349,"식초 음료, 흑초","식초 음료,흑초",식초 음료,식초음료,음료류,,농진청('22),10.4,INGREDIENT,1,0,,2,MEASURED,[],[],25,5.03,1.11,0.01,0,6,4,0.45,52,0,0
b3a6e407-5130-53ac-b3cd-b1039ff95ce3,P0090150009a,3350,"탄산 음료, 비타민 함유","탄산 음료,비타민 함유",탄산 음료,탄산음료,음료류,,농진청('22),10.4,INGREDIENT,1,0,,13,MEASURED,[],[],37,9.17,0.03,0.02,0,33,6,0.03,8,0,101.16
6222c8ca-496f-5b2e-a7ce-5d1d4cbb6556,P0090160009a,3351,"탄산 음료, 카페인 함유","탄산 음료,카페인 함유",탄산 음료,탄산음료,음료류,,농진청('22),10.4,INGREDIENT,1,0,,13,MEASURED,[],[],38,9.15,0.34,0.03,0,23,0,0,1,0,14.7
04d52a5a-0272-54e8-ae50-e1f9e925ddef,P0130022689a,3352,탄산수,탄산수,탄산수,탄산수,음료류,,농진청('20),10.4,INGREDIENT,1,0,,1,MEASURED,[],[],0,0.04,0,0,0,1,1,0,0,0,0
cee6ce4e-22f6-5683-91c9-b5a72dd58f1d,P0120010009a,3353,"혼합 음료, 꿀 함유","혼합 음료,꿀 함유",혼합 음료,혼합음료,음료류,,농진청('20),10.4,INGREDIENT,1,0,,3,MEASURED,[],[],42,10.47,0.01,0,0,2,0,0,0,0,4.01
91cbe327-0c68-52a5-a9c5-913ed43d8497,P0120020009a,3354,"혼합 음료, 타우린 함유","혼합 음료,타우린 함유",혼합 음료,혼합음료,음료류,,농진청('22),10.4,INGREDIENT,1,0,,3,MEASURED,[],[],41,8.54,1.65,0.03,0,20,0,0,1,0,0
94111cd2-235d-5226-b31e-8117a980645b,R0680000009a,3355,라면 건더기 스프,라면 건더기 스프,라면 건더기 스프,라면건더기스프,조미료류,,농진청('21),10.4,INGREDIENT,1,0,,3,MEASURED,[],[],327,58.35,20.38,1.34,26.1,2527,411,5.58,798,393,1.39
e8fb8257-253c-599d-a8d3-12ad01303d4f,R0680010009a,3356,"라면 건더기 스프, 용기라면","라면 건더기 스프,용기라면",라면 건더기 스프,라면건더기스프,조미료류,,농진청('21),10.4,INGREDIENT,1,0,,3,MEASURED,[],[],335,66.88,13.54,1.47,17.8,1911,243,2.49,986,250,5.28
69897a6b-00a7-5b0b-8528-2475ac9b68d1,R0680020009a,3357,"라면 건더기 스프, 짜장라면","라면 건더기 스프,짜장라면",라면 건더기 스프,라면건더기스프,조미료류,,농진청('21),10.4,INGREDIENT,1,0,,3,MEASURED,[],[],360,58.77,20.92,4.6,11.6,1075,183,10.39,1006,92,1.39
e1620c55-2c53-5907-9894-5a7a311334d5,R0130010009a,3358,"라면 스프, 용기라면","라면 스프,용기라면",라면 스프,라면스프,조미료류,,농진청('21),10.4,INGREDIENT,1,0,,4,MEASURED,[],[],273,45.86,14.51,3.53,2.8,12041,56,0.89,401,183,0
07916a31-faea-5eb4-a262-c108ae1088cf,R0130020009a,3359,"라면 스프, 짜장라면","라면 스프,짜장라면",라면 스프,라면스프,조미료류,,농진청('21),10.4,INGREDIENT,1,0,,4,MEASURED,[],[],350,61.41,13.28,5.68,2.3,6138,29,0.68,263,4,0
752d7dc1-8afa-57ea-9f51-12b2cba12618,R0130022809a,3360,"라면 스프, 짜장라면, 조미유","라면 스프,짜장라면,조미유",라면 스프,라면스프,조미료류,조미유,농진청('21),10.4,INGREDIENT,1,0,,4,MEASURED,[],[],899,0.13,0,99.85,0,0,0,0,0,0,0
62cc801f-04e1-5ad1-ba6e-9feb389ed8bf,R0690000009a,3361,발사믹 소스,발사믹 소스,발사믹 소스,발사믹소스,조미료류,,농진청('22),10.4,INGREDIENT,1,0,,1,MEASURED,[],[],182,44.86,0.67,0.02,0,56,23,1.15,221,0,0
ca7a42c2-a208-58f7-a153-ee5c81c59fb1,R0200012819a,3362,"소금, 가공염, 맛소금","소금,가공염,맛소금",소금,소금,조미료류,,농진청('22),10.4,INGREDIENT,1,0,,12,MEASURED,[],[],27,2.21,4.42,0.04,0,34971,30,0,306,0,0
7474c24e-de2e-5f2d-8b44-fe13f57bdf19,R0700000009a,3363,수끼 소스,수끼 소스,수끼 소스,수끼소스,조미료류,,농진청('22),10.4,INGREDIENT,1,0,,3,MEASURED,[],[],109,22.07,2.61,1.19,1.3,2125,9,0.3,101,26,0
01d66bf2-92a8-5439-9ed6-09e93387fdac,R0700010009a,3364,"수끼 소스, 된장","수끼 소스,된장",수끼 소스,수끼소스,조미료류,,농진청('22),10.4,INGREDIENT,1,0,,3,MEASURED,[],[],190,40.84,2.46,1.92,1.9,1281,24,0.34,97,8,0
1e2987b5-ad4f-539d-b55f-a6c61600e0d4,R0700020009a,3365,"수끼 소스, 토마토","수끼 소스,토마토",수끼 소스,수끼소스,조미료류,,농진청('22),10.4,INGREDIENT,1,0,,3,MEASURED,[],[],117,27.16,1.53,0.27,0.6,1919,11,0.39,121,24,0
4a06e004-debe-5797-97fc-74c968223cae,R021001000Va,3366,"스파게티 소스, 크림, 병조림","스파게티 소스,크림,병조림",스파게티 소스,스파게티소스,조미료류,,농진청('22),10.4,INGREDIENT,1,0,,2,MEASURED,[],[],188,5.95,2.41,17.23,0.6,545,74,0.13,66,15,0
2ad514f7-cb02-5b5e-ba8c-63aab32b6389,R0240000009a,3367,양념닭 소스,양념닭 소스,양념닭 소스,양념닭소스,조미료류,,농진청('22),10.4,INGREDIENT,1,0,,1,MEASURED,[],[],200,48.27,1.26,0.24,0.5,773,10,0.23,131,47,0
064acded-8e05-5528-9835-590dc471ce61,R0310002825a,3368,"조미료, 화학조미료, 가루","조미료,화학조미료,가루",조미료,조미료,조미료류,,농진청('21),10.4,INGREDIENT,1,0,,6,MEASURED,[],[],277,18.9,50.24,0.07,0,12682,6,0.34,52,0,0
0a5587c7-f239-53e7-8b3d-4180841a1cc1,R0620002699a,3369,"칠리 소스, 단맛","칠리 소스,단맛",칠리 소스,칠리소스,조미료류,,농진청('19),10.4,INGREDIENT,1,0,,2,MEASURED,[],[],181,44.61,0.44,0.1,1.9,733,5,0.82,63,24,0.21
dceeddb9-bc2a-5a54-8fa9-1db94afab76d,R0710000009a,3370,허니머스타드 소스,허니머스타드 소스,허니머스타드 소스,허니머스타드소스,조미료류,,농진청('22),10.4,INGREDIENT,1,0,,1,MEASURED,[],[],338,26.55,1.24,25.15,0.3,662,20,0.36,58,58,0
a39045fa-d3a9-5f52-a58e-c2ac888d70d2,S0730010007a,3371,"김말이튀김, 냉동","김말이튀김,냉동",김말이튀김,김말이튀김,조리가공식품류,냉동,농진청('22),10.4,INGREDIENT,1,0,,2,MEASURED,[],[],168,29.95,1.89,4.54,1.2,428,104,1.1,73,39,0
a71c6d58-a9b8-5f41-a0d0-1b09a0f65157,S0730010007j,3372,"김말이튀김, 냉동, 튀긴것","김말이튀김,냉동,튀긴것",김말이튀김,김말이튀김,조리가공식품류,튀긴것,농진청('22),10.4,INGREDIENT,1,0,,2,MEASURED,[],[],195,30.51,2.05,7.2,1.3,460,105,1.04,77,41,0
7c64fcfd-65a6-5f6f-9d2b-8e0ac4c0ddf1,S0830021919a,3373,"라면, 짜장라면, 조리전","라면,짜장라면,조리전",라면,라면,조리가공식품류,,농진청('21),10.4,INGREDIENT,1,0,,17,MEASURED,[],[],428,68.24,8.17,13.61,2.4,813,181,0.74,162,4,0
2725e09e-0673-5557-83d9-5ab6a30961fc,S0850001919a,3374,"라면, 용기라면, 조리전","라면,용기라면,조리전",라면,라면,조리가공식품류,,농진청('21),10.4,INGREDIENT,1,0,,17,MEASURED,[],[],425,63.3,8.25,15.39,3.2,1930,206,0.66,273,29,0.04
d3303a18-9473-5b09-8cfb-f28a6213bfac,S0460090005a,3375,"스프, 옥수수 스프, 가루","스프,옥수수 스프,가루",스프,스프,조리가공식품류,,농진청('22),10.4,INGREDIENT,1,0,,8,MEASURED,[],[],420,70.67,7.48,11.93,4.2,2380,152,0.91,388,30,0
eb3b4a98-9747-53c5-b275-8b98ec11974d,S0460090005d,3376,"스프, 옥수수 스프, 가루, 끓인것","스프,옥수수 스프,가루,끓인것",스프,스프,조리가공식품류,,농진청('22),10.4,INGREDIENT,1,0,,8,MEASURED,[],[],46,7.33,0.83,1.48,0.4,229,20,0.12,44,4,0
9fe0007d-e815-5e5c-bc60-42f667f9f8f1,S0870000007a,3377,"치즈스틱, 냉동","치즈스틱,냉동",치즈스틱,치즈스틱,조리가공식품류,냉동,농진청('22),10.4,INGREDIENT,1,0,,2,MEASURED,[],[],240,24.1,15.98,8.81,1.7,673,406,0.41,81,29,0
9caee4aa-fc05-5346-938f-51fd78c30b7e,S0870000007j,3378,"치즈스틱, 냉동, 튀긴것","치즈스틱,냉동,튀긴것",치즈스틱,치즈스틱,조리가공식품류,튀긴것,농진청('22),10.4,INGREDIENT,1,0,,2,MEASURED,[],[],329,24,16,18.78,2,675,405,0.42,92,33,0
c16e786b-a72c-50ca-89a5-a55b99bd2902,S0760110007t,3379,"피자, 불고기 피자, 냉동, 전자레인지 조리","피자,불고기 피자,냉동,전자레인지 조리",피자,피자,조리가공식품류,,농진청('22),10.4,INGREDIENT,1,0,,2,MEASURED,[],[],269,31.84,13.46,9.79,1.7,534,221,0.67,162,42,0.95
0b0ae46f-6417-5ed8-8d26-59f8fd51d178,S0760090007t,3380,"피자, 콤비네이션 피자, 냉동, 전자레인지 조리","피자,콤비네이션 피자,냉동,전자레인지 조리",피자,피자,조리가공식품류,,농진청('22),10.4,INGREDIENT,1,0,,2,MEASURED,[],[],282,34.65,13.98,9.75,3.1,548,215,0.61,123,26,0.6
76258551-eabc-5caa-a63a-3b12fa71fc49,A0490030009a,3381,"귀리, 겉귀리, 도정, 밥","귀리,겉귀리,도정,밥",귀리,귀리,곡류 및 그 제품,,농진청('21),10.4,INGREDIENT,1,0,,9,MEASURED,[],[],197,34.08,5.01,4.7,4.9,1,26,2.6,195,0,0
d2c6b441-ae48-588e-a5a3-7d35cb07f0c4,A0540010009a,3382,"기장, 찰기장, 도정, 밥","기장,찰기장,도정,밥",기장,기장,곡류 및 그 제품,,농진청('23),10.4,INGREDIENT,1,0,,6,MEASURED,[],[],136,25.99,4.76,1.24,2.1,1,5,1.39,83,0,0
bd30558f-61ce-5773-8338-4524b7c88c2d,A008062A030a,3383,"멥쌀, 백미, 고시히카리, 생것","멥쌀,백미,고시히카리,생것",멥쌀,멥쌀,곡류 및 그 제품,생것,농진청('23),10.4,INGREDIENT,1,0,,109,MEASURED,[],[],364,78.8,5.86,1.17,0.5,2,6,0.3,75,0,0
d130e692-4588-5fdd-8733-ba5a754f9a9d,A008063A030a,3384,"멥쌀, 백미, 바로미2, 생것","멥쌀,백미,바로미2,생것",멥쌀,멥쌀,곡류 및 그 제품,생것,농진청('23),10.4,INGREDIENT,1,0,,109,MEASURED,[],[],374,77.38,7.05,2.47,0.6,1,8,0.53,171,0,0
9dd7d652-2168-5e62-ab2c-17b1cf40eb9d,A008064A030a,3385,"멥쌀, 백미, 안남미, 장립종, 생것","멥쌀,백미,안남미,장립종,생것",멥쌀,멥쌀,곡류 및 그 제품,생것,농진청('25),10.4,INGREDIENT,1,0,,109,MEASURED,[],[],371,79.89,6.9,0.95,0.5,1,9,0.22,88,0,0
97aef4b8-501a-57bc-8fb0-9d42d972a550,A013011A039a,3386,"멥쌀, 백미, 고시히카리, 밥","멥쌀,백미,고시히카리,밥",멥쌀,멥쌀,곡류 및 그 제품,,농진청('23),10.4,INGREDIENT,1,0,,109,MEASURED,[],[],147,31.62,2.56,0.47,0.2,1,2,0.1,19,0,0
1dc39d20-71f7-52ac-be54-500a77e29486,A013012A039a,3387,"멥쌀, 백미, 안남미, 장립종, 밥","멥쌀,백미,안남미,장립종,밥",멥쌀,멥쌀,곡류 및 그 제품,,농진청('25),10.4,INGREDIENT,1,0,,109,MEASURED,[],[],166,35.66,3.16,0.46,0.2,1,5,0.06,24,0,0
c60e869a-47c8-50fc-a753-46fe3c2d5eb0,A008063A060a,3388,"멥쌀, 현미, 바로미2, 생것","멥쌀,현미,바로미2,생것",멥쌀,멥쌀,곡류 및 그 제품,생것,농진청('23),10.4,INGREDIENT,1,0,,109,MEASURED,[],[],369,74.05,7.82,4.41,3.8,1,14,1.15,346,0,0
42a107a0-8121-5a7b-ab68-86f7db469032,A013013A069a,3389,"멥쌀, 현미, 발아현미, 밥","멥쌀,현미,발아현미,밥",멥쌀,멥쌀,곡류 및 그 제품,,농진청('21),10.4,INGREDIENT,1,0,,109,MEASURED,[],[],178,37.02,4.05,1.38,2,0,8,0.44,130,0,0
659cc715-c267-5e89-bc48-9c67afef2abd,A0130000089d,3390,"누룽지, 끓인것","누룽지,끓인것",누룽지,누룽지,곡류 및 그 제품,,농진청('22),10.4,INGREDIENT,1,0,,4,MEASURED,[],[],53,11.06,1.03,0.27,0.3,0,2,0.04,8,0,0
246e4bda-762d-56f9-8c1b-4b5c58525304,A0130002839d,3391,"누룽지, 끓인것, 밥알","누룽지,끓인것,밥알",누룽지,누룽지,곡류 및 그 제품,,농진청('22),10.4,INGREDIENT,1,0,,4,MEASURED,[],[],115,24.55,2.21,0.4,0.5,1,3,0.11,8,0,0
b331a28d-981d-5059-9b4d-3e11dda7bbe9,A0130002849d,3392,"누룽지, 끓인것, 국물","누룽지,끓인것,국물",누룽지,누룽지,곡류 및 그 제품,,농진청('22),10.4,INGREDIENT,1,0,,4,MEASURED,[],[],3,0.53,0.02,0.1,0,0,0,0.01,6,0,0
6ec0de99-bf5b-5e82-9414-4018aec9e8d5,A011001A069a,3393,"멥쌀떡, 가래떡, 현미","멥쌀떡,가래떡,현미",멥쌀떡,멥쌀떡,곡류 및 그 제품,,농진청('22),10.4,INGREDIENT,1,0,,19,MEASURED,[],[],222,47.54,4.88,1.42,2.7,225,13,0.56,116,0,0
fe237257-ce87-5d51-ae63-8232f426fc22,A0110070139a,3394,"멥쌀떡, 송편, 밤","멥쌀떡,송편,밤",멥쌀떡,멥쌀떡,곡류 및 그 제품,,농진청('22),10.4,INGREDIENT,1,0,,19,MEASURED,[],[],177,38.95,3.56,0.79,3.5,212,2,0.19,156,1,3.5
481c89a4-94d9-5251-af2d-a045452c67c7,A0110100039a,3395,"멥쌀떡, 절편, 쑥","멥쌀떡,절편,쑥",멥쌀떡,멥쌀떡,곡류 및 그 제품,,농진청('22),10.4,INGREDIENT,1,0,,19,MEASURED,[],[],208,45.73,4.51,0.73,1.4,291,21,0.3,46,29,0
002fdf5a-04b7-5637-bcad-3f1a59129f29,A0170082859a,3396,"과자, 스낵, 밀쌀","과자,스낵,밀쌀",과자,과자,곡류 및 그 제품,,농진청('23),10.4,INGREDIENT,1,0,,26,MEASURED,[],[],447,78.38,9.34,10.71,5.6,147,21,1.97,194,68,12
116979dd-f2ca-5814-b43f-8c498deacbf1,A0180090001a,3397,"에그누들, 말린것","에그누들,말린것",에그누들,에그누들,곡류 및 그 제품,말린것,농진청('22),10.4,INGREDIENT,1,1,LOWEST_COMPLEXITY_VARIANT,2,MEASURED,[],[],387,73.97,13.78,2,1.9,657,25,1.11,508,8,0
a2b36be6-848d-5d69-84b2-880917b3cc6a,A0180090001b,3398,"에그누들, 말린것, 삶은것","에그누들,말린것,삶은것",에그누들,에그누들,곡류 및 그 제품,삶은것,농진청('22),10.4,INGREDIENT,1,0,,2,MEASURED,[],[],116,21.1,4.29,1.02,0.5,54,11,0.38,30,1,0
ee46f819-6e38-5dad-8339-697da4afdfeb,A0180070001a,3399,"칼국수면, 말린것","칼국수면,말린것",칼국수면,칼국수면,곡류 및 그 제품,말린것,농진청('21),10.4,INGREDIENT,1,0,,4,MEASURED,[],[],364,73.81,10.47,1.03,2.1,1338,20,0.63,157,0,0
04385380-deea-5afb-abbc-145f94e4abc1,A0180070001b,3400,"칼국수면, 말린것, 삶은것","칼국수면,말린것,삶은것",칼국수면,칼국수면,곡류 및 그 제품,삶은것,농진청('21),10.4,INGREDIENT,1,0,,4,MEASURED,[],[],120,23.99,3.59,0.41,0.7,59,6,0.25,6,0,0
44e1ab59-fed6-5826-a2b4-92dad9ed6d14,A0210070009a,3401,"빵, 머핀","빵,머핀",빵,빵,곡류 및 그 제품,,농진청('21),10.4,INGREDIENT,1,0,,49,MEASURED,[],[],415,50.91,5.18,21.21,1.5,460,45,0.61,103,15,0
df7e0be2-5ffc-5f4c-bc0c-750a0c7ce1f7,A0210071429a,3402,"빵, 머핀, 초코","빵,머핀,초코",빵,빵,곡류 및 그 제품,,농진청('21),10.4,INGREDIENT,1,0,,49,MEASURED,[],[],422,47.06,5.87,23.35,1.5,377,44,3.06,260,15,0
84d3cb42-b603-52a6-9361-185435ce9b75,A0210120139a,3403,"빵, 식빵, 밤","빵,식빵,밤",빵,빵,곡류 및 그 제품,,농진청('21),10.4,INGREDIENT,1,0,,49,MEASURED,[],[],285,52.42,6.62,5.46,3.2,325,62,0.48,100,6,0
8bbc6b43-e79a-517a-91a8-3670bcbc88e5,A0210252869a,3404,"빵, 와플, 벨기에","빵,와플,벨기에",빵,빵,곡류 및 그 제품,,농진청('21),10.4,INGREDIENT,1,0,,49,MEASURED,[],[],415,55.2,7.93,18,1.5,478,68,0.82,120,0,0
75a8762e-4e46-59f5-8945-27a60af69a09,A0210152879a,3405,"빵, 찐빵, 팥","빵,찐빵,팥",빵,빵,곡류 및 그 제품,,농진청('22),10.4,INGREDIENT,1,0,,49,MEASURED,[],[],266,54.92,7.06,1.96,2.7,250,16,0.72,91,0,0
801d9653-bf6d-5ae0-a8d0-ef3b18663869,A0210152889a,3406,"빵, 찐빵, 피자","빵,찐빵,피자",빵,빵,곡류 및 그 제품,,농진청('22),10.4,INGREDIENT,1,0,,49,MEASURED,[],[],233,40.5,8.73,4.04,1.7,511,44,0.92,324,41,0
c5658911-b6e5-555c-844b-8edeab2e5591,A0210280009a,3407,"빵, 호두과자","빵,호두과자",빵,빵,곡류 및 그 제품,,농진청('23),10.4,INGREDIENT,1,0,,49,MEASURED,[],[],344,50.58,7.77,12.29,3.9,145,36,1.46,165,11,0
3df48e2d-2c55-538d-8abb-d71fde883201,A0210290009a,3408,"빵, 호떡빵","빵,호떡빵",빵,빵,곡류 및 그 제품,,농진청('23),10.4,INGREDIENT,1,0,,49,MEASURED,[],[],301,57.58,6.37,4.97,1.5,295,17,0.65,96,1,0
604b222c-0d55-5479-96d9-96ffd1770c45,A0550010009a,3409,"수수, 찰수수, 도정, 밥","수수,찰수수,도정,밥",수수,수수,곡류 및 그 제품,,농진청('21),10.4,INGREDIENT,1,0,,6,MEASURED,[],[],153,30.36,4.49,1.26,3,1,4,0.9,159,0,0
c401a159-c1a7-50dd-94c2-f035df85327e,A0560010009a,3410,"조, 차조, 도정, 밥","조,차조,도정,밥",조,조,곡류 및 그 제품,,농진청('21),10.4,INGREDIENT,1,0,,12,MEASURED,[],[],143,27.28,4.5,1.53,1.9,0,7,1.4,119,1,0
73741f87-76a6-550d-999d-42afdd0c5c94,B0220000009a,3411,올방개묵,올방개묵,올방개묵,올방개묵,감자류 및 전분류,,농진청('22),10.4,INGREDIENT,1,1,EXACT_BASE_NAME,1,MEASURED,[],[],44,10.91,0.05,0.04,0,111,3,0.83,22,0,0
9509e797-c8c7-56ef-af6f-39e9bcd354b9,J0030001085a,3412,"달걀, 난백, 가루","달걀,난백,가루",달걀,달걀,난류,,USDA('18),10.4,INGREDIENT,1,0,,16,MEASURED,[],[],382,7.8,81.1,0,0,1280,62,0.15,1125,0,0
31c3b88b-cfca-563a-a597-f3d95de87f61,J0030001095a,3413,"달걀, 난황, 가루","달걀,난황,가루",달걀,달걀,난류,,농진청('20),10.4,INGREDIENT,1,0,,16,MEASURED,[],[],647,10.82,32.69,49.5,0,139,299,10.83,238,476,0
e067971b-5549-591b-a367-43633543c1f0,J0030001097a,3414,"달걀, 난황액, 설탕첨가","달걀,난황액,설탕첨가",달걀,달걀,난류,,농진청('20),10.4,INGREDIENT,1,0,,16,MEASURED,[],[],305,12.47,14.17,21.03,0,60,128,4.46,97,206,0
86f2f47a-12ea-5c85-b21a-d45298d55c0d,K002000000Ma,3415,"다랑어, 가다랑어 육수, 농축","다랑어,가다랑어 육수,농축",다랑어,다랑어,어패류 및 그 제품,,농진청('22),10.4,INGREDIENT,1,0,,10,MEASURED,[],[],54,11.08,1.98,0.01,0,4484,9,0.25,82,0,0
c76aed75-49c6-5f9d-805b-4d6f372309ca,K069002000Ia,3416,"멸치, 액젓, 수입산","멸치,액젓,수입산",멸치,멸치,어패류 및 그 제품,,농진청('23),10.4,INGREDIENT,1,0,,8,MEASURED,[],[],51,4.38,8.08,0.1,0.4,9066,33,1.01,241,0,0
7821f7c6-619b-56e6-9b9a-579957b2b595,M0090060009a,3417,"우유, 유당분해우유","우유,유당분해우유",우유,우유,우유 및 그 제품,,농진청('22),10.4,INGREDIENT,1,0,,8,MEASURED,[],[],66,4.73,3.05,3.86,0,39,114,0.03,164,54,0.78
a5951f85-a6a7-55b3-9f58-b5d8d63f5360,O007004000Pa,3418,"녹차라테, 가루, 물에 탄것","녹차라테,가루,물에 탄것",녹차라테,녹차라테,차류,,농진청('22),10.4,INGREDIENT,1,0,,2,MEASURED,[],[],81,12.08,0.86,3.23,1.6,23,42,0.1,153,10,0.53
7faecaef-cfd3-5fcd-ae86-7602ba76ffe4,O025000154Pa,3419,"인삼차, 과립차, 가루, 물에 탄것","인삼차,과립차,가루,물에 탄것",인삼차,인삼차,차류,,농진청('22),10.4,INGREDIENT,1,0,,2,MEASURED,[],[],17,4.23,0.03,0,0,1,1,0.01,4,0,0
fa4e6603-e4e6-5dbb-b9ce-67c63907d963,O029001000Pa,3420,"코코아, 밀크코코아, 가루, 물에 탄것","코코아,밀크코코아,가루,물에 탄것",코코아,코코아,차류,,농진청('22),10.4,INGREDIENT,1,0,,3,MEASURED,[],[],83,15.19,1.68,1.77,1,38,102,1.46,254,0,0
46b1e52a-a33f-51d2-9429-8cb5cb66421e,P0130000009a,3421,생수,생수,생수,생수,음료류,,농진청('22),10.4,INGREDIENT,1,0,,1,MEASURED,[],[],0,0,0,0,0,3,1,0,0,0,0
f3c6afee-9268-575d-a428-20b54f0bb0c2,R001004000Ha,3422,"간장, 절임소스","간장,절임소스",간장,간장,조미료류,,농진청('23),10.4,INGREDIENT,1,0,,4,MEASURED,[],[],125,29.28,1.89,0.05,0,2003,6,0.15,113,0,0
3f2ffdc2-1ff4-583d-9a68-b3f9bd9360d1,R0720000005a,3423,"강황, 가루","강황,가루",강황,강황,조미료류,,농진청('22),10.4,INGREDIENT,1,0,,1,MEASURED,[],[],331,74.34,6.66,3.21,17.9,19,125,24.65,2415,0,0
30c8bc8c-0195-58e2-81f1-cb4ac668df00,R0040020009a,3424,돼지불고기 양념,돼지불고기 양념,돼지불고기 양념,돼지불고기양념,조미료류,,농진청('21),10.4,INGREDIENT,1,0,,1,MEASURED,[],[],180,40.39,3.03,0.7,0.6,2230,12,0.78,199,103,0.63
295089ee-558b-54ce-a491-7afc15f35308,R0730000009a,3425,두반장,두반장,두반장,두반장,조미료류,,농진청('23),10.4,INGREDIENT,1,0,,1,MEASURED,[],[],94,15.05,3.04,2.41,3.9,4602,23,1.25,296,43,0
b3d9c33c-1877-5242-a38f-f903b49f1ed4,R074000000Ma,3426,"마라 육수, 농축","마라 육수,농축",마라 육수,마라육수,조미료류,,농진청('23),10.4,INGREDIENT,1,0,,2,MEASURED,[],[],415,10.4,5.15,39.24,5.3,4615,44,1.48,355,59,0
8d711b20-ca81-5eeb-ae6e-bf29b593a2b1,R0740000009a,3427,마라 육수,마라 육수,마라 육수,마라육수,조미료류,,농진청('23),10.4,INGREDIENT,1,0,,2,MEASURED,[],[],65,0.97,0.61,6.47,0.4,394,6,0.15,33,5,0
5df2fad1-893c-5a29-b0dc-8289d47a5572,R0750000009a,3428,머스타드 소스,머스타드 소스,머스타드 소스,머스타드소스,조미료류,,농진청('22),10.4,INGREDIENT,1,0,,2,MEASURED,[],[],69,6.39,4.1,3,4.8,1230,60,1.43,156,3,0
231dae08-bcf8-59b9-8f34-025775facfc8,R075000B019a,3429,"머스타드 소스, 씨겨자","머스타드 소스,씨겨자",머스타드 소스,머스타드소스,조미료류,,농진청('23),10.4,INGREDIENT,1,0,,2,MEASURED,[],[],138,11.44,7.68,6.88,9,1953,133,2.35,247,3,0
16a7190a-8e6d-5fb2-9be8-156b73f866f8,R047001B140a,3430,"애플민트, 생것","애플민트,생것",애플민트,애플민트,조미료류,생것,농진청('23),10.4,INGREDIENT,1,0,,1,MEASURED,[],[],27,4.66,2.84,0.44,3.7,2,153,0.83,410,199,20.9
9149500a-03d3-50a2-aefd-a8f49ea988af,R0180060009a,3431,"샐러드 드레싱, 오리엔탈","샐러드 드레싱,오리엔탈",샐러드 드레싱,샐러드드레싱,조미료류,,농진청('23),10.4,INGREDIENT,1,0,,5,MEASURED,[],[],189,24.79,2.75,8.73,0,1389,21,0.52,125,0,0
2ecc2da9-79f7-5aa1-8230-0dbd4098ebcd,R0180070009a,3432,"샐러드 드레싱, 코울슬로","샐러드 드레싱,코울슬로",샐러드 드레싱,샐러드드레싱,조미료류,,농진청('22),10.4,INGREDIENT,1,0,,5,MEASURED,[],[],486,14.32,0.47,47.46,0,752,7,0.17,30,17,0
e4492d13-e323-5863-8bdd-42f1f30005df,R0200050009a,3433,"소금, 구운소금","소금,구운소금",소금,소금,조미료류,,농진청('22),10.4,INGREDIENT,1,0,,12,MEASURED,[],[],0,0.69,0,0.01,0,37556,71,0,246,0,0
3813d964-a590-53f4-a0dc-e1dcefd42498,R0760000009a,3434,스리라차 소스,스리라차 소스,스리라차 소스,스리라차소스,조미료류,,농진청('23),10.4,INGREDIENT,1,0,,1,MEASURED,[],[],77,16.22,1.59,0.63,2.1,1519,15,0.57,345,20,14.17
d85a2b74-f137-5532-8470-4e78795655a4,R0310002895a,3435,양파시즈닝,양파시즈닝,양파시즈닝,양파시즈닝,조미료류,,농진청('23),10.4,INGREDIENT,1,0,,1,MEASURED,[],[],372,67.59,7.98,7.8,2.9,5582,65,1.5,292,42,0.79
47fea771-78da-5fc2-a847-f870f67b6d99,R0770000009a,3436,우동 건더기 스프,우동 건더기 스프,우동 건더기 스프,우동건더기스프,조미료류,,농진청('22),10.4,INGREDIENT,1,0,,2,MEASURED,[],[],514,55.03,9.32,28.57,13.1,1035,90,0.66,315,159,0
9bf26fdf-500a-5b90-a4af-42c0affc90ae,R0770000009b,3437,"우동 건더기 스프, 삶은것","우동 건더기 스프,삶은것",우동 건더기 스프,우동건더기스프,조미료류,삶은것,농진청('22),10.4,INGREDIENT,1,0,,2,MEASURED,[],[],195,21.67,3.6,10.4,4.2,308,32,0.25,76,83,0
86b7bfdc-a895-596d-a0bb-14d1a4e84b78,R078000B105a,3438,"울금, 가루","울금,가루",울금,울금,조미료류,,농진청('23),10.4,INGREDIENT,1,0,,2,MEASURED,[],[],328,73.15,7.77,3.02,15.2,30,74,5.55,3167,0,0
05916b09-e1e0-5328-ae9e-4a9db415954d,R0310002905a,3439,"조미료, 사골맛, 가루","조미료,사골맛,가루",조미료,조미료,조미료류,,농진청('22),10.4,INGREDIENT,1,0,,6,MEASURED,[],[],331,41.16,18.98,10.05,0,10423,26,0,323,0,0
2b11ef92-0c15-574c-a8aa-027306baad94,R0310002915a,3440,"조미료, 조개맛, 가루","조미료,조개맛,가루",조미료,조미료,조미료류,,농진청('23),10.4,INGREDIENT,1,0,,6,MEASURED,[],[],191,34.74,10.49,1.13,0.4,18587,48,1.23,263,0,0
d514f7e0-fe5d-5bb6-be5f-8f513b2a3bc7,R0310002155a,3441,치즈시즈닝,치즈시즈닝,치즈시즈닝,치즈시즈닝,조미료류,,농진청('23),10.4,INGREDIENT,1,0,,1,MEASURED,[],[],386,56.31,9.5,13.6,2.6,5946,1104,0.7,693,91,0.43
d4220e19-9e52-5e5f-a70a-2435f0cd74ff,R0790000005a,3442,"치킨 스톡, 가루","치킨 스톡,가루",치킨 스톡,치킨스톡,조미료류,,농진청('22),10.4,INGREDIENT,1,0,,2,MEASURED,[],[],195,30.81,11.36,2.13,0,20765,39,0.7,187,0,0
2948651c-5623-52cf-9422-8a7ea91a36f9,R0790010009a,3443,"치킨 스톡, 액상","치킨 스톡,액상",치킨 스톡,치킨스톡,조미료류,,농진청('22),10.4,INGREDIENT,1,0,,2,MEASURED,[],[],108,17.3,7.05,0.72,0,6960,11,0.08,151,0,0
8303ae50-b175-5dec-823a-b56d2e468676,R0800000009a,3444,탕수육 소스,탕수육 소스,탕수육 소스,탕수육소스,조미료류,,농진청('23),10.4,INGREDIENT,1,0,,1,MEASURED,[],[],130,31.73,0.37,0.16,1.2,488,5,0.06,27,0,0
616caf2a-70c4-5f11-a828-48f665c162e3,R0810000009a,3445,팟타이 소스,팟타이 소스,팟타이 소스,팟타이소스,조미료류,,농진청('23),10.4,INGREDIENT,1,0,,1,MEASURED,[],[],87,20.03,0.91,0.39,0,1744,13,0.13,56,11,0
e5bbd861-d27c-5a3a-9a7e-0ccc979af782,R0820000005a,3446,"하이라이스, 가루","하이라이스,가루",하이라이스,하이라이스,조미료류,,농진청('21),10.4,INGREDIENT,1,0,,1,MEASURED,[],[],379,64.19,7.61,10.22,2.4,5890,63,0.93,317,9,0
36ff6e53-0904-5aec-954f-ba8727ec977a,R0830000009a,3447,해선장,해선장,해선장,해선장,조미료류,,농진청('23),10.4,INGREDIENT,1,0,,1,MEASURED,[],[],230,48.42,1.65,3.26,1.4,2899,22,0.48,90,1,0
281b3cd2-7f68-5aa3-a980-ff501f9b48d0,S0260010007a,3448,"만두, 고기 만두, 냉동","만두,고기 만두,냉동",만두,만두,조리가공식품류,냉동,농진청('23),10.4,INGREDIENT,1,0,,6,MEASURED,[],[],223,24.78,8.81,9.83,1.9,285,60,2.27,240,10,0
52128c3c-5b03-59c2-8c5d-36d2cb69b13c,S0260030007a,3449,"만두, 김치 만두, 냉동","만두,김치 만두,냉동",만두,만두,조리가공식품류,냉동,농진청('15),10.4,INGREDIENT,1,0,,6,MEASURED,[],[],190,23.28,8.13,7.11,3.9,423,74,2.47,233,23,0
17bb7639-dc92-5782-9fe7-c5be3cafe1f1,T0320000009a,3450,화분,화분,화분,화분,기타,,농진청('23),10.4,INGREDIENT,1,0,,1,MEASURED,[],[],397,56.3,20.8,9.9,13.3,5,108,11.75,587,2,53.94
489ea587-3c82-5440-b3a4-c44d6e257816,A0080002920a,3451,"멥쌀, 쌀눈, 생것","멥쌀,쌀눈,생것",멥쌀,멥쌀,곡류 및 그 제품,생것,농진청('24),10.4,INGREDIENT,1,0,,109,MEASURED,[],[],441,36.81,20.27,26.11,24,4,47,8.9,1980,3,0
d41d928a-6a90-59f0-ad85-5db8c767a81f,A0080002929e,3452,"멥쌀, 쌀눈, 찐것","멥쌀,쌀눈,찐것",멥쌀,멥쌀,곡류 및 그 제품,찐것,농진청('24),10.4,INGREDIENT,1,0,,109,MEASURED,[],[],152,12.74,6.96,8.95,8.5,2,17,3.16,652,1,0
d6fbc76a-d06c-5d03-94a3-2260b27c2454,A0080002929n,3453,"멥쌀, 쌀눈, 볶은것","멥쌀,쌀눈,볶은것",멥쌀,멥쌀,곡류 및 그 제품,,농진청('24),10.4,INGREDIENT,1,0,,109,MEASURED,[],[],468,38.97,21.74,27.77,22.2,5,49,9.31,2115,3,0
2e40e392-13e9-53cd-89ed-246a5009c58d,A0200000009a,3454,밀떡,밀떡,밀떡,밀떡,곡류 및 그 제품,,농진청('24),10.4,INGREDIENT,1,0,,1,MEASURED,[],[],227,46.15,5.49,1.11,1.3,260,11,0.35,92,0,0
bacaeeb6-c98e-5658-9379-7ffeaf611c5d,A0180100000a,3455,"수제비면, 감자, 생것","수제비면,감자,생것",수제비면,수제비면,곡류 및 그 제품,생것,농진청('24),10.4,INGREDIENT,1,1,NUTRITION_MEDOID_RAW,2,MEASURED,[],[],270,55.98,6.49,0.82,2,360,14,0.42,98,0,0
e9850133-771d-5201-a5fe-914c3546fb71,A0180100000b,3456,"수제비면, 감자, 생것, 삶은것","수제비면,감자,생것,삶은것",수제비면,수제비면,곡류 및 그 제품,삶은것,농진청('24),10.4,INGREDIENT,1,0,,2,MEASURED,[],[],186,38.12,4.83,0.56,1.3,145,9,0.3,34,0,0
41b679fe-abfa-5929-963a-079bbec531f9,A038011A030a,3457,"찹쌀, 백미, 생것, 칼슘 첨가","찹쌀,백미,생것,칼슘 첨가",찹쌀,찹쌀,곡류 및 그 제품,,농진청('24),10.4,INGREDIENT,1,0,,26,MEASURED,[],[],361,77.37,7.09,1,1.2,17,586,1.45,112,0,0
88562f08-c27a-540a-a74b-c6ab4140900c,A050002A039a,3458,"찹쌀, 백미, 밥, 칼슘 첨가","찹쌀,백미,밥,칼슘 첨가",찹쌀,찹쌀,곡류 및 그 제품,,농진청('24),10.4,INGREDIENT,1,0,,26,MEASURED,[],[],170,36.03,3.39,0.62,0.6,8,300,0.73,51,0,0
64e79e12-4c0d-54f3-b3e7-43a0f393f2c8,B0070030001a,3459,"당면, 넓적당면, 말린것","당면,넓적당면,말린것",당면,당면,감자류 및 전분류,말린것,농진청('24),10.4,INGREDIENT,1,0,,7,MEASURED,[],[],348,85.87,0.26,0.09,1.2,50,49,1.29,36,0,0
5d6d8fac-c918-5548-bd72-7a6aa3b04865,B0070030001b,3460,"당면, 넓적당면, 삶은것","당면,넓적당면,삶은것",당면,당면,감자류 및 전분류,삶은것,농진청('24),10.4,INGREDIENT,1,0,,7,MEASURED,[],[],154,37.95,0.12,0.04,0.5,6,21,0.58,4,0,0
a806000b-8fde-5831-b385-96da2aaa7ee6,B0070040000a,3461,"당면, 분모자, 생것","당면,분모자,생것",당면,당면,감자류 및 전분류,생것,농진청('24),10.4,INGREDIENT,1,1,NUTRITION_MEDOID_RAW,7,MEASURED,[],[],148,36.48,0.07,0.1,0.6,36,14,0.41,5,0,0
f148cda6-9bab-56b4-9304-c0e94a968b8e,B0070040000b,3462,"당면, 분모자, 삶은것","당면,분모자,삶은것",당면,당면,감자류 및 전분류,삶은것,농진청('24),10.4,INGREDIENT,1,0,,7,MEASURED,[],[],143,35.23,0.07,0.1,0.6,31,12,0.42,2,0,0
bebfb368-62f9-527b-be9a-bd2798cb37d6,C0110060009a,3463,"설탕, 비정제","설탕,비정제",설탕,설탕,당류,,농진청('22),10.4,INGREDIENT,1,0,,7,MEASURED,[],[],386,99.58,0.09,0,0,2,15,0.33,8,0,0
9b5ad24a-3dbf-5b92-aa6a-066839edc535,C0120040009a,3464,"시럽, 바닐라","시럽,바닐라",시럽,시럽,당류,,농진청('22),10.4,INGREDIENT,1,0,,5,MEASURED,[],[],251,65.05,0,0.01,0,2,1,0,1,0,0
d674e9ce-62f7-5998-90e0-4f0390a7e76e,C0120050009a,3465,"시럽, 올리고당","시럽,올리고당",시럽,시럽,당류,,농진청('22),10.4,INGREDIENT,1,0,,5,MEASURED,[],[],299,77.52,0.04,0,0,0,0,0,0,0,0
d307f98d-3a0b-506d-800e-19c5be891302,C0120060009a,3466,"시럽, 캐러멜","시럽,캐러멜",시럽,시럽,당류,,농진청('21),10.4,INGREDIENT,1,0,,5,MEASURED,[],[],321,75.73,0.9,1.62,0,177,28,0.01,39,9,0
999c40fe-30b7-564a-bf19-502a261cf856,C0060060009a,3467,"엿, 쌀","엿,쌀",엿,엿,당류,,농진청('22),10.4,INGREDIENT,1,0,,1,MEASURED,[],[],357,92.5,1.22,0.3,0,8,29,1.8,109,0,0
5f3112b0-9438-55c5-815f-eca75f669bf1,C0220000259a,3468,커스터드,커스터드,커스터드,커스터드,당류,,농진청('24),10.4,INGREDIENT,1,0,,3,MEASURED,[],[],143,33.74,0.04,0.87,0.9,11,3,0.64,20,0,0
c952c3f7-d460-55ff-a293-1d61f6353feb,C0220000005a,3469,"커스터드, 가루","커스터드,가루",커스터드,커스터드,당류,,농진청('24),10.4,INGREDIENT,1,0,,3,MEASURED,[],[],426,87.3,1.06,8.03,3.8,538,147,0.11,216,0,0
2053c6a4-9042-5667-b0d8-a5947ccad372,C022000000Pa,3470,"커스터드, 가루, 물에 섞은것","커스터드,가루,물에 섞은것",커스터드,커스터드,당류,,농진청('24),10.4,INGREDIENT,1,0,,3,MEASURED,[],[],125,25.2,0.31,2.54,1.1,182,50,0.03,67,0,0
1f060a32-c365-5e7f-94de-aaacdcb109b1,C0200030009a,3471,"푸딩, 밀크, 캐러멜","푸딩,밀크,캐러멜",푸딩,푸딩,당류,,농진청('24),10.4,INGREDIENT,1,0,,2,MEASURED,[],[],233,23.64,3.4,13.84,0,36,97,0.14,138,47,0
470bc247-6955-5224-a777-fe2355817a13,E0140030009f,3472,"밤, 옥광, 구운것","밤,옥광,구운것",밤,밤,견과류 및 종실류,구운것,농진청('23),10.4,INGREDIENT,1,0,,12,MEASURED,[],[],175,38.31,3.72,0.73,6.5,1,18,0.97,459,2,15.04
535df7c3-2ac2-5c8c-80b1-422b4f6e163d,F0040010009b,3473,"갓, 돌산, 삶은것","갓,돌산,삶은것",갓,갓,채소류,삶은것,농진청('23),10.4,INGREDIENT,1,0,,4,MEASURED,[],[],19,2.9,2.17,0.4,1.9,7,88,0.98,371,135,29.52
6fd339d9-e865-55bb-83cb-120b27d1cd0d,F0040010009e,3474,"갓, 돌산, 찐것","갓,돌산,찐것",갓,갓,채소류,찐것,농진청('23),10.4,INGREDIENT,1,0,,4,MEASURED,[],[],20,3.08,2.31,0.39,2.1,8,114,0.54,530,126,44.23
ec4c4418-a14c-57ea-bc4d-cfdb7070fd36,F0390000009b,3475,"달래, 삶은것","달래,삶은것",달래,달래,채소류,삶은것,농진청('23),10.4,INGREDIENT,1,0,,2,MEASURED,[],[],58,14.09,2.23,0.31,3,4,86,1.64,307,88,36.33
ab8c6725-0210-56dd-ad5a-f00085940f8a,F043000B110a,3476,"더덕, 순, 생것","더덕,순,생것",더덕,더덕,채소류,생것,농진청('23),10.4,INGREDIENT,1,0,,5,MEASURED,[],[],47,9.58,2.23,0.85,6.1,1,172,0.95,495,134,175.07
31e18e88-4634-5402-b4a5-4afb29aed095,F043000B119c,3477,"더덕, 순, 데친것","더덕,순,데친것",더덕,더덕,채소류,데친것,농진청('23),10.4,INGREDIENT,1,0,,5,MEASURED,[],[],35,7.13,1.83,0.55,5.1,2,115,0.76,265,80,79.04
d10611bd-34b8-506e-90f6-13a76ab1e4c6,F044000B110a,3478,"도라지, 순, 생것","도라지,순,생것",도라지,도라지,채소류,생것,농진청('23),10.4,INGREDIENT,1,0,,6,MEASURED,[],[],51,10.69,2.38,0.84,6.6,1,137,1.73,384,80,78.56
5435b6ab-94dc-5f5b-b1a7-8a8b2e9aed40,F044000B119c,3479,"도라지, 순, 데친것","도라지,순,데친것",도라지,도라지,채소류,데친것,농진청('23),10.4,INGREDIENT,1,0,,6,MEASURED,[],[],41,8.81,1.96,0.63,6.1,1,114,1.56,281,62,47.24
5741f5be-537a-5fce-b62c-75e3354b71fb,F068000B141a,3480,"무청, 시래기, 말린것","무청,시래기,말린것",무청,무청,채소류,말린것,농진청('23),10.4,INGREDIENT,1,0,,3,MEASURED,[],[],249,45.41,18.46,5.04,30.5,100,1140,16.52,5065,199,0
bd0b32a9-a4c7-5ff5-ab6d-0d462c7ad6de,F071000B091x,3481,"무말랭이, 말린것, 불린것","무말랭이,말린것,불린것",무말랭이,무말랭이,채소류,,농진청('21),10.4,INGREDIENT,1,0,,2,MEASURED,[],[],49,10.97,1.78,0.25,3.9,13,51,1.06,371,0,14.94
013e9c4e-2c61-57c7-8abf-10875e33be0a,F0770030009e,3482,"미나리, 물미나리, 찐것","미나리,물미나리,찐것",미나리,미나리,채소류,찐것,농진청('23),10.4,INGREDIENT,1,0,,7,MEASURED,[],[],19,3.66,1.63,0.23,2.3,26,48,0.6,283,83,3.34
b4070770-34c9-5bf5-9d37-79e161f69fe3,F0860000009e,3483,"방울다다기양배추, 찐것","방울다다기양배추,찐것",방울다다기양배추,방울다다기양배추,채소류,찐것,농진청('21),10.4,INGREDIENT,1,0,,3,MEASURED,[],[],44,8.74,4.02,0.35,3.8,13,27,0.98,383,44,60.66
8be79f92-d761-5e78-a41d-6cde68573354,F0870002930a,3484,"배추, 알배기, 생것","배추,알배기,생것",배추,배추,채소류,생것,농진청('23),10.4,INGREDIENT,1,0,,27,MEASURED,[],[],15,2.99,1.46,0.09,0.8,7,23,0.26,239,1,17.36
2ea69beb-6d22-54cc-b0bb-c93a1e33592d,F0870002939b,3485,"배추, 알배기, 삶은것","배추,알배기,삶은것",배추,배추,채소류,삶은것,농진청('23),10.4,INGREDIENT,1,0,,27,MEASURED,[],[],17,3.27,1.64,0.13,1.1,10,23,0.34,195,1,10.3
60897b1c-7830-5fc9-8b55-eb48ec299d71,F0870002939e,3486,"배추, 알배기, 찐것","배추,알배기,찐것",배추,배추,채소류,찐것,농진청('23),10.4,INGREDIENT,1,0,,27,MEASURED,[],[],18,3.69,1.76,0.11,1.2,8,28,0.37,227,1,12.16
1c16fc13-0c27-5cd6-a440-1e36232f27b7,F0870002940a,3487,"배추, 우거지, 생것","배추,우거지,생것",배추,배추,채소류,생것,농진청('22),10.4,INGREDIENT,1,0,,27,MEASURED,[],[],18,3.71,1.35,0.14,1.9,9,141,0.44,306,119,20.86
0fe8776d-4347-5ebd-8d01-9bc79e24d485,F0870002949b,3488,"배추, 우거지, 삶은것","배추,우거지,삶은것",배추,배추,채소류,삶은것,농진청('22),10.4,INGREDIENT,1,0,,27,MEASURED,[],[],18,3.66,1.26,0.21,2,5,103,0.51,160,111,16.15
e733d04b-2fa5-59ab-90cc-baafba681658,F1010142499e,3489,"상추, 결구(양상추), 녹색, 찐것","상추,결구(양상추),녹색,찐것",상추,상추,채소류,찐것,농진청('23),10.4,INGREDIENT,1,0,,22,MEASURED,[],[],15,3.51,0.87,0.09,1.7,4,22,0.37,152,9,1.09
6f0df1eb-2c09-57a2-8cc6-90ffb3917de2,F1290000009b,3490,"양배추, 삶은것","양배추,삶은것",양배추,양배추,채소류,삶은것,농진청('21),10.4,INGREDIENT,1,0,,8,MEASURED,[],[],19,4.52,0.8,0.1,1.6,7,46,0.17,148,1,16.93
ffa32ee6-92a9-5828-8f85-643f0a6068f3,F1290010009b,3491,"양배추, 적색, 삶은것","양배추,적색,삶은것",양배추,양배추,채소류,삶은것,농진청('23),10.4,INGREDIENT,1,0,,8,MEASURED,[],[],26,5.51,2.21,0.16,2.2,6,35,0.48,279,1,40.29
34bbc20d-d45b-5d78-bfa0-cf702e3a56b6,F1290010009e,3492,"양배추, 적색, 찐것","양배추,적색,찐것",양배추,양배추,채소류,찐것,농진청('23),10.4,INGREDIENT,1,0,,8,MEASURED,[],[],32,6.8,2.34,0.19,2.6,6,35,0.46,333,1,33.36
77873260-92c1-5a2f-85a2-a8e16f4134b8,F1320000009e,3493,"양파, 찐것","양파,찐것",양파,양파,채소류,찐것,농진청('23),10.4,INGREDIENT,1,0,,10,MEASURED,[],[],31,6.97,1.08,0.18,1.6,1,16,0.2,152,0,4.16
836d5c4d-8242-52f4-92f4-2748052eec0b,F1320020009c,3494,"양파, 적색, 데친것","양파,적색,데친것",양파,양파,채소류,데친것,농진청('21),10.4,INGREDIENT,1,0,,10,MEASURED,[],[],27,6.23,0.88,0.1,1.1,2,16,0.14,136,0,3.86
97f52fd8-518f-56e2-b414-ca25f713d248,F1770020003a,3495,"취나물, 미역취, 삶아서 말린것","취나물,미역취,삶아서 말린것",취나물,취나물,채소류,,농진청('23),10.4,INGREDIENT,1,0,,14,MEASURED,[],[],271,55.54,15.22,4.21,40.8,276,617,19.8,3739,194,0
433878a0-e159-576b-beaf-2c9ac8ca2cda,F1770020003b,3496,"취나물, 미역취, 삶아서 말린것, 삶은것","취나물,미역취,삶아서 말린것,삶은것",취나물,취나물,채소류,삶은것,농진청('23),10.4,INGREDIENT,1,0,,14,MEASURED,[],[],39,7.74,2.34,0.71,6.9,12,115,2.59,120,38,0
92f2cea7-15f0-5f14-a5c2-4986fb245411,F1780030000a,3497,"치커리, 치콘, 적색, 생것","치커리,치콘,적색,생것",치커리,치커리,채소류,생것,농진청('22),10.4,INGREDIENT,1,0,,5,MEASURED,[],[],13,2.52,1.26,0.14,1.8,3,23,0.5,237,1,2.73
b8f55ce4-e576-57e4-bba4-c1d0b15a2454,F1910030009b,3498,"파, 쪽파, 삶은것","파,쪽파,삶은것",파,파,채소류,삶은것,농진청('23),10.4,INGREDIENT,1,0,,5,MEASURED,[],[],31,7.27,1.71,0.17,2.2,2,49,0.78,259,97,29.89
531f1b7a-4a87-5da4-ab23-5732afbefedc,G0230000009g,3499,"큰느타리버섯(새송이버섯), 구운것(팬)","큰느타리버섯(새송이버섯),구운것(팬)",큰느타리버섯(새송이버섯),큰느타리버섯새송이버섯,버섯류,구운것(팬),농진청('23),10.4,INGREDIENT,1,0,,6,MEASURED,[],[],28,9.26,3.94,0.37,4.8,3,1,0.47,392,0,0
a90c07aa-ecf5-5d59-9cf4-413473382624,G0250040009g,3500,"팽이버섯, 구운것(팬)","팽이버섯,구운것(팬)",팽이버섯,팽이버섯,버섯류,구운것(팬),농진청('23),10.4,INGREDIENT,1,0,,5,MEASURED,[],[],29,9.22,3.39,0.77,4.8,4,1,1.52,441,0,0
72326baf-0f20-5bd9-b045-2cfee184f9f5,G027000B019g,3501,"표고버섯, 배지재배, 구운것(팬)","표고버섯,배지재배,구운것(팬)",표고버섯,표고버섯,버섯류,구운것(팬),농진청('23),10.4,INGREDIENT,1,0,,19,MEASURED,[],[],25,7.56,3.12,0.78,5.6,2,2,0.24,297,0,0
e71502d0-7a29-5f0b-8c51-04c47a95d781,H0010050000a,3502,"감, 단감, 부유, 생것","감,단감,부유,생것",감,감,과일류,생것,농진청('23),10.4,INGREDIENT,1,0,,15,MEASURED,[],[],56,14.91,0.4,0.12,1.9,1,7,0.08,157,7,41.91
3027d698-6782-5580-9054-4e98741eddb9,H0010060000a,3503,"감, 단감, 서촌조생, 생것","감,단감,서촌조생,생것",감,감,과일류,생것,농진청('22),10.4,INGREDIENT,1,1,NUTRITION_MEDOID_RAW,15,MEASURED,[],[],62,16.59,0.43,0.13,2.1,0,7,0.09,174,10,14.04
b25f7df6-4bc1-5e3a-9c03-b1f59657575d,H0010070000a,3504,"감, 단감, 차랑, 생것","감,단감,차랑,생것",감,감,과일류,생것,농진청('22),10.4,INGREDIENT,1,0,,15,MEASURED,[],[],57,15.25,0.36,0.12,1.9,1,12,0.08,154,3,47.31
bdf65dec-b7d2-5e80-ada6-7bee031cb63e,H0010080000a,3505,"감, 단감, 태추, 생것","감,단감,태추,생것",감,감,과일류,생것,농진청('22),10.4,INGREDIENT,1,0,,15,MEASURED,[],[],52,13.77,0.33,0.11,1.7,0,6,0.08,144,3,12.09
18ccff7e-fe72-5753-8e5b-4d20592b8477,H0010090000a,3506,"감, 떫은감, 연시, 월하시, 생것","감,떫은감,연시,월하시,생것",감,감,과일류,생것,농진청('23),10.4,INGREDIENT,1,0,,15,MEASURED,[],[],76,20.43,0.61,0.08,3.3,1,5,0.12,194,15,24.62
db409a22-ce5a-5426-b985-9029ec1961d8,H0010100000a,3507,"감, 떫은감, 연시, 청도반시, 생것","감,떫은감,연시,청도반시,생것",감,감,과일류,생것,농진청('21),10.4,INGREDIENT,1,0,,15,MEASURED,[],[],62,16.61,0.44,0.09,2,1,7,0.12,170,28,14.02
9f645e91-b393-54ea-ab85-05f9402ee194,H0050010001a,3508,"감, 떫은감, 감말랭이, 갑주백목","감,떫은감,감말랭이,갑주백목",감,감,과일류,,농진청('15),10.4,INGREDIENT,1,0,,15,MEASURED,[],[],255,68.58,1.94,0.16,11.2,3,21,0.64,647,34,5.11
450315f0-9192-55ce-aa90-cf3c3250defd,H0050020001a,3509,"감, 떫은감, 감말랭이, 청도반시","감,떫은감,감말랭이,청도반시",감,감,과일류,,농진청('22),10.4,INGREDIENT,1,0,,15,MEASURED,[],[],217,58.56,1.71,0.08,9.6,2,22,0.69,598,32,25.33
7fb96160-5840-5df9-8704-53538d856ca2,H1290000009a,3510,귤 착즙,귤 착즙,귤 착즙,귤착즙,과일류,,농진청('24),10.4,INGREDIENT,1,1,EXACT_BASE_NAME,1,MEASURED,[],[],35,8.86,0.59,0.11,1.4,0,7,0.06,100,4,22.71
127cd87e-90ff-5207-aef9-5afa6b8b7200,H0190040000a,3511,"딸기, 죽향, 생것","딸기,죽향,생것",딸기,딸기,과일류,생것,농진청('23),10.4,INGREDIENT,1,0,,6,MEASURED,[],[],34,8.41,0.88,0.14,1.6,1,12,0.24,199,1,67.04
31f626d9-feef-58f4-8424-e5ee2fc5204c,H0190050000a,3512,"딸기, 킹스베리, 생것","딸기,킹스베리,생것",딸기,딸기,과일류,생것,농진청('23),10.4,INGREDIENT,1,0,,6,MEASURED,[],[],31,7.71,0.63,0.14,1.4,1,10,0.19,174,1,56.06
82334771-c27a-596a-914b-cae4db9abf06,H1300000009a,3513,"레몬, 농축환원과즙","레몬,농축환원과즙",레몬,레몬,과일류,,농진청('23),10.4,INGREDIENT,1,0,,2,MEASURED,[],[],19,6.91,0.07,0.01,0.3,3,9,0.03,47,0,0.12
f355a0e5-7edc-54d9-8fd2-a95c6b4fc71f,H1310000009a,3514,오렌지 착즙,오렌지 착즙,오렌지 착즙,오렌지착즙,과일류,,농진청('24),10.4,INGREDIENT,1,1,EXACT_BASE_NAME,1,MEASURED,[],[],32,8.17,0.59,0.05,1.4,0,12,0.04,171,6,61.58
52ef3420-54f7-580a-ad1c-db9b8ac356db,H1320000009a,3515,자몽 주스,자몽 주스,자몽 주스,자몽주스,과일류,,농진청('23),10.4,INGREDIENT,1,0,,1,MEASURED,[],[],35,9.31,0.4,0.07,0.4,5,7,0.07,96,13,27.72
a1482735-af16-5088-86d4-fc3e145dc77b,H1330000009a,3516,자몽 착즙,자몽 착즙,자몽 착즙,자몽착즙,과일류,,농진청('24),10.4,INGREDIENT,1,1,EXACT_BASE_NAME,1,MEASURED,[],[],31,8.16,0.48,0.05,1.2,0,13,0.04,126,12,38.92
204a7930-fa86-5454-9dd4-58c5396adf6f,H0920000009e,3517,"파인애플, 찐것","파인애플,찐것",파인애플,파인애플,과일류,찐것,농진청('23),10.4,INGREDIENT,1,0,,6,MEASURED,[],[],51,13.61,0.52,0.06,1.2,0,11,0.18,115,6,31.43
4060dae6-3ec0-5f24-8e87-8c83def0bcf8,H0920000009g,3518,"파인애플, 구운것(팬)","파인애플,구운것(팬)",파인애플,파인애플,과일류,구운것(팬),농진청('23),10.4,INGREDIENT,1,0,,6,MEASURED,[],[],62,16.67,0.35,0.07,1.5,0,14,0.22,151,7,38.56
679ba024-09ec-58ea-8bb3-f073070a578d,I048000000Ga,3519,"닭가슴살, 조미훈제","닭가슴살,조미훈제",닭가슴살,닭가슴살,육류 및 그 제품,조미훈제,농진청('24),10.4,INGREDIENT,1,1,LOWEST_COMPLEXITY_VARIANT,2,MEASURED,[],[],114,0.71,24.11,1.62,0.2,466,5,0.39,397,3,1.19
9f511aa8-8270-5216-8cef-09a94a5b7a30,I048000000Ta,3520,"닭가슴살, 통조림, 조미","닭가슴살,통조림,조미",닭가슴살,닭가슴살,육류 및 그 제품,조미,농진청('24),10.4,INGREDIENT,1,0,,2,MEASURED,[],[],109,0.14,23.69,1.57,0.1,332,4,0.36,129,2,16.04
0a56457e-1182-543f-a382-32c0097abf6b,I048000295Da,3521,닭가슴살 패티,닭가슴살 패티,닭가슴살 패티,닭가슴살패티,육류 및 그 제품,,농진청('24),10.4,INGREDIENT,1,1,EXACT_BASE_NAME,1,MEASURED,[],[],145,9.6,17.8,3.98,2.5,314,23,0.74,405,2,30.91
b67aa12d-1d0f-5b27-b0f4-2b1246fb2e86,I0170090009a,3522,"햄, 통조림, 돼지고기 함유","햄,통조림,돼지고기 함유",햄,햄,육류 및 그 제품,,농진청('23),10.4,INGREDIENT,1,0,,13,MEASURED,[],[],303,1.48,14.66,26.49,0,1054,16,0.51,255,4,9.71
c3e7421d-f007-5c9a-95b4-51b850693642,I0170090009i,3523,"햄, 통조림, 돼지고기 함유, 구운것(오븐)","햄,통조림,돼지고기 함유,구운것(오븐)",햄,햄,육류 및 그 제품,구운것(오븐),농진청('23),10.4,INGREDIENT,1,0,,13,MEASURED,[],[],352,1.53,16.68,31.05,0,1252,15,0.58,296,5,9.88
ea353ff7-9019-530e-a206-472f46f763f3,I0170090009g,3524,"햄, 통조림, 돼지고기 함유, 구운것(팬)","햄,통조림,돼지고기 함유,구운것(팬)",햄,햄,육류 및 그 제품,구운것(팬),농진청('23),10.4,INGREDIENT,1,0,,13,MEASURED,[],[],78,1.72,17.73,32.25,0,1276,20,0.55,312,4,9.87
b1bd4f2f-5c21-5fe1-a619-45ce3f4c22ee,K6130180007a,3525,"새우, 흰다리새우, 냉동","새우,흰다리새우,냉동",새우,새우,어패류 및 그 제품,냉동,농진청('23),10.4,INGREDIENT,1,0,,38,MEASURED,[],[],59,0.73,11.87,0.62,0,697,42,0.22,41,0,0
d3ae7102-e67c-552e-b50e-4719e77576aa,K6130180007b,3526,"새우, 흰다리새우, 냉동, 삶은것","새우,흰다리새우,냉동,삶은것",새우,새우,어패류 및 그 제품,삶은것,농진청('23),10.4,INGREDIENT,1,0,,38,MEASURED,[],[],71,0.39,14.44,0.86,0,692,47,0.31,38,0,0
21b75efb-46ba-51ff-a447-5245cff6d152,Q0060041629a,3527,"발효주, 맥주, 쌀, 알코올 4.5%","발효주,맥주,쌀,알코올 4.5%",발효주,발효주,주류,,농진청('23),10.4,INGREDIENT,1,0,,15,MEASURED,[],[],34,0.24,0.33,0,0,3,1,0.02,42,0,0
87ad6e11-67da-5088-a243-985869fc8607,Q0190012479a,3528,"발효주, 약주, 전통주, 알코올 15%","발효주,약주,전통주,알코올 15%",발효주,발효주,주류,,농진청('23),10.4,INGREDIENT,1,0,,15,MEASURED,[],[],133,5.88,1.42,0.02,0,4,5,0.09,32,0,0
e89c7db2-bae5-521d-adc0-4f95a32f0d5c,Q0040012969a,3529,"발효주, 탁주, 막걸리, 전통주, 알코올 10%","발효주,탁주,막걸리,전통주,알코올 10%",발효주,발효주,주류,,농진청('23),10.4,INGREDIENT,1,0,,15,MEASURED,[],[],119,9.62,2.11,0.27,1,2,7,0.2,32,0,0
f3f71dfa-e507-5e0c-ae44-0bbcd17d5f2b,Q0040022979a,3530,"발효주, 탁주, 막걸리, 전통주, 호상, 알코올 8.5%","발효주,탁주,막걸리,전통주,호상,알코올 8.5%",발효주,발효주,주류,,농진청('23),10.4,INGREDIENT,1,0,,15,MEASURED,[],[],162,19.62,4.46,0.65,1.3,2,8,0.09,30,0,0
e0cb44f4-62a0-5417-bd21-a41e8582bcb5,Q0100011719a,3531,"증류주, 소주, 증류식, 쌀, 알코올 25%","증류주,소주,증류식,쌀,알코올 25%",증류주,증류주,주류,,농진청('23),10.4,INGREDIENT,1,0,,10,MEASURED,[],[],172,0,0.01,0.02,0,1,0,0,0,0,0
5419205e-9d9e-54bb-8f20-02c7a0c289e7,Q0100012989a,3532,"증류주, 소주, 증류식, 쌀, 알코올 45%","증류주,소주,증류식,쌀,알코올 45%",증류주,증류주,주류,,농진청('23),10.4,INGREDIENT,1,0,,10,MEASURED,[],[],302,0,0.02,0.07,0,0,0,0.02,0,0,0
eb6715a3-038c-5973-abb2-70eb82f37f75,S086000158Ma,3533,"냉면 육수, 농축","냉면 육수,농축",냉면 육수,냉면육수,조리가공식품류,,농진청('14),10.4,INGREDIENT,1,0,,2,MEASURED,[],[],174,42.63,0.83,0.05,0,5935,7,0.07,115,0,0
15e5e30c-cd7a-5cd1-baa6-2bb325faa8aa,S0170000009g,3534,"돈저냐(동그랑땡), 냉동, 구운것(팬)","돈저냐(동그랑땡),냉동,구운것(팬)",돈저냐(동그랑땡),돈저냐동그랑땡,조리가공식품류,구운것(팬),농진청('24),10.4,INGREDIENT,1,0,,2,MEASURED,[],[],272,6.36,12.73,21.73,2.6,540,46,0.62,307,25,1.31
43119cc5-ca66-5b7d-b659-829dd12a5967,A008065A030a,3535,"멥쌀, 백미, 바로미3, 생것","멥쌀,백미,바로미3,생것",멥쌀,멥쌀,곡류 및 그 제품,생것,농진청('25),10.4,INGREDIENT,1,0,,109,MEASURED,[],[],381,78.84,7.19,2.52,0.6,3,13,0.72,174,0,0
f50bdbf6-e655-5567-af7a-26076df384c7,A008066A030a,3536,"멥쌀, 백미, 새미면, 생것","멥쌀,백미,새미면,생것",멥쌀,멥쌀,곡류 및 그 제품,생것,농진청('25),10.4,INGREDIENT,1,0,,109,MEASURED,[],[],365,78.16,6.95,1.07,0.5,2,9,0.16,79,0,0
41170e20-4a09-59ca-9818-caa6a935dd61,A008067A030a,3537,"멥쌀, 백미, 새청무, 생것","멥쌀,백미,새청무,생것",멥쌀,멥쌀,곡류 및 그 제품,생것,농진청('25),10.4,INGREDIENT,1,0,,109,MEASURED,[],[],372,80.77,5.9,1.11,0.5,1,8,0.39,82,0,0
2277c583-79c1-5082-ace1-b016dd2a4da9,A008068A030a,3538,"멥쌀, 백미, 신길, 생것","멥쌀,백미,신길,생것",멥쌀,멥쌀,곡류 및 그 제품,생것,농진청('25),10.4,INGREDIENT,1,0,,109,MEASURED,[],[],371,79.13,6.57,1.5,0.5,1,13,0.26,115,0,0
6c36e228-3089-51a7-928f-f5968b9ac5a0,A008069A030a,3539,"멥쌀, 백미, 아미쌀, 장립종, 생것","멥쌀,백미,아미쌀,장립종,생것",멥쌀,멥쌀,곡류 및 그 제품,생것,농진청('25),10.4,INGREDIENT,1,0,,109,MEASURED,[],[],368,79.65,6.43,0.99,0.5,1,10,0.18,100,0,0
7c35a651-aedb-5ccc-b626-2ae830d251ba,A008070A030a,3540,"멥쌀, 백미, 케이롱, 장립종, 생것","멥쌀,백미,케이롱,장립종,생것",멥쌀,멥쌀,곡류 및 그 제품,생것,농진청('25),10.4,INGREDIENT,1,0,,109,MEASURED,[],[],372,80.6,6.85,0.75,0.5,1,9,0.15,79,0,0
d63ee79f-9a5c-59ef-9dcf-f7ef236b2bd7,A008071A030a,3541,"멥쌀, 백미, 해강, 생것","멥쌀,백미,해강,생것",멥쌀,멥쌀,곡류 및 그 제품,생것,농진청('25),10.4,INGREDIENT,1,0,,109,MEASURED,[],[],380,82.3,6.35,1.09,0.6,2,8,0.25,100,0,0
8b5836fa-4295-512f-934b-fd14f8ad043d,A013014A039a,3542,"멥쌀, 백미, 새청무, 밥","멥쌀,백미,새청무,밥",멥쌀,멥쌀,곡류 및 그 제품,,농진청('25),10.4,INGREDIENT,1,0,,109,MEASURED,[],[],176,38.17,2.8,0.52,0.3,0,5,0.09,25,0,0
39915780-7885-5584-9352-afdc71e2a604,A013015A039a,3543,"멥쌀, 백미, 아미쌀, 장립종, 밥","멥쌀,백미,아미쌀,장립종,밥",멥쌀,멥쌀,곡류 및 그 제품,,농진청('25),10.4,INGREDIENT,1,0,,109,MEASURED,[],[],174,37.52,3.03,0.54,0.2,0,6,0.06,33,0,0
283eb6f9-f5ac-539b-8545-78659455e42c,A013016A039a,3544,"멥쌀, 백미, 케이롱, 장립종, 밥","멥쌀,백미,케이롱,장립종,밥",멥쌀,멥쌀,곡류 및 그 제품,,농진청('25),10.4,INGREDIENT,1,0,,109,MEASURED,[],[],173,37.13,3.27,0.48,0.2,1,5,0.03,19,0,0
1c6fdba4-de2e-5c50-acba-524a0ebf8070,A013017A039a,3545,"멥쌀, 백미, 해강, 밥","멥쌀,백미,해강,밥",멥쌀,멥쌀,곡류 및 그 제품,,농진청('25),10.4,INGREDIENT,1,0,,109,MEASURED,[],[],153,33.14,2.56,0.44,0.3,1,4,0.07,24,0,0
af05bd10-1d8b-5c31-9dd3-596f94e76022,A008065A060a,3546,"멥쌀, 현미, 바로미3, 생것","멥쌀,현미,바로미3,생것",멥쌀,멥쌀,곡류 및 그 제품,생것,농진청('25),10.4,INGREDIENT,1,0,,109,MEASURED,[],[],377,75.69,8,4.52,3.9,5,19,1.21,354,0,0
d91667cf-1a55-569e-b83b-ff1c7618e528,A038000A039b,3547,"찹쌀, 백미, 삶은것","찹쌀,백미,삶은것",찹쌀,찹쌀,곡류 및 그 제품,삶은것,농진청('24),10.4,INGREDIENT,1,0,,26,MEASURED,[],[],75,15.84,1.65,0.2,0.1,0,1,0.04,7,0,0
4510a2a2-45b9-54a4-9535-ce2f81493a02,A038000A039e,3548,"찹쌀, 백미, 찐것","찹쌀,백미,찐것",찹쌀,찹쌀,곡류 및 그 제품,찐것,농진청('24),10.4,INGREDIENT,1,0,,26,MEASURED,[],[],161,34.53,3.26,0.42,0.2,1,4,0.06,20,0,0
1d244f13-f747-5d5e-b7e1-6edfcd3fbef8,A038012A030a,3549,"찹쌀, 백미, 미르찰, 생것","찹쌀,백미,미르찰,생것",찹쌀,찹쌀,곡류 및 그 제품,생것,농진청('25),10.4,INGREDIENT,1,0,,26,MEASURED,[],[],367,79.03,6.49,1.12,0.5,2,10,0.18,127,0,0
1d96ab2c-d3a9-5361-8a36-c64e26cad01f,A050000A039a,3550,"찹쌀, 백미, 밥","찹쌀,백미,밥",찹쌀,찹쌀,곡류 및 그 제품,,농진청('25),10.4,INGREDIENT,1,0,,26,MEASURED,[],[],160,34.53,2.82,0.42,0.2,1,4,0.06,27,0,0
c4d4e371-eadf-5aac-a946-a25f242c81f6,A050003A039a,3551,"찹쌀, 백미, 미르찰, 밥","찹쌀,백미,미르찰,밥",찹쌀,찹쌀,곡류 및 그 제품,,농진청('25),10.4,INGREDIENT,1,0,,26,MEASURED,[],[],164,35.13,3.06,0.5,0.2,1,5,0.04,31,0,0
bfc82b2f-71a0-5063-90f8-cc65e67b8e0a,A038000A069b,3552,"찹쌀, 현미, 삶은것","찹쌀,현미,삶은것",찹쌀,찹쌀,곡류 및 그 제품,삶은것,농진청('24),10.4,INGREDIENT,1,0,,26,MEASURED,[],[],138,29.15,2.84,0.97,1.2,1,5,0.44,79,0,0
d46c4cf5-2f36-50c8-bce3-2c6de5192794,A038000A069e,3553,"찹쌀, 현미, 찐것","찹쌀,현미,찐것",찹쌀,찹쌀,곡류 및 그 제품,찐것,농진청('24),10.4,INGREDIENT,1,0,,26,MEASURED,[],[],253,53.34,5.35,1.8,2.2,1,9,0.7,184,0,0
56599045-8bd8-5374-a5d5-0bd93d4273d8,D017000E039a,3554,"두유, 대두, 무가당","두유,대두,무가당",두유,두유,두류,,농진청('25),10.4,INGREDIENT,1,0,,6,MEASURED,[],[],47,1.71,4.74,2.37,0.8,64,21,0.64,193,0,0
d6cf5169-b606-59ac-b772-1ee082055644,D017004E039a,3555,"두유, 대두, 무가당, 혼합곡물","두유,대두,무가당,혼합곡물",두유,두유,두류,,농진청('25),10.4,INGREDIENT,1,0,,6,MEASURED,[],[],29,1.28,3.07,1.32,0.8,62,55,1.4,104,0,0
2a45bf38-d4aa-5075-a561-533752800551,D0220010007a,3556,"대체식품, 식물성, 너겟, 냉동","대체식품,식물성,너겟,냉동",대체식품,대체식품,두류,냉동,농진청('25),10.4,INGREDIENT,1,1,LOWEST_COMPLEXITY_VARIANT,10,MEASURED,[],[],240,18.68,12.04,13.07,4.2,443,48,1.47,100,2,0
94a946ec-0b0d-5257-b5a8-163cdd580ca7,D0220010007i,3557,"대체식품, 식물성, 너겟, 냉동, 구운것(오븐)","대체식품,식물성,너겟,냉동,구운것(오븐)",대체식품,대체식품,두류,구운것(오븐),농진청('25),10.4,INGREDIENT,1,0,,10,MEASURED,[],[],305,24.44,16,15.94,4.6,587,64,1.98,130,2,0
158081cc-35d6-5ab0-978c-5261c97e9bc1,D0220020009a,3558,"대체식품, 식물성, 콩고기, 불린것","대체식품,식물성,콩고기,불린것",대체식품,대체식품,두류,,농진청('21),10.4,INGREDIENT,1,0,,10,MEASURED,[],[],112,9.88,16.54,0.71,1.4,2,45,3.18,149,0,0
c5cb3daa-12c2-557f-a85b-8c1ab5724546,D0220020009g,3559,"대체식품, 식물성, 콩고기, 불린것, 구운것(팬)","대체식품,식물성,콩고기,불린것,구운것(팬)",대체식품,대체식품,두류,구운것(팬),농진청('21),10.4,INGREDIENT,1,0,,10,MEASURED,[],[],136,11.26,20.98,0.81,1.7,3,55,3.89,182,0,0
6361ddce-c2ea-5bad-98dc-36dde819b8f9,D0220030009a,3560,"대체식품, 식물성, 콩고기, 양념","대체식품,식물성,콩고기,양념",대체식품,대체식품,두류,,농진청('21),10.4,INGREDIENT,1,0,,10,MEASURED,[],[],256,12.9,27.99,10.24,2.8,337,36,2.62,332,0,0
ac058c86-781c-5e64-bbdd-3f03c410d478,D0220030009g,3561,"대체식품, 식물성, 콩고기, 양념, 구운것(팬)","대체식품,식물성,콩고기,양념,구운것(팬)",대체식품,대체식품,두류,구운것(팬),농진청('21),10.4,INGREDIENT,1,0,,10,MEASURED,[],[],287,14.31,31.7,11.41,3.1,380,39,2.87,369,0,0
7a2dd64e-eb12-5e0d-8707-bc5fa5f09219,D0220040007a,3562,"대체식품, 식물성, 패티, 냉동","대체식품,식물성,패티,냉동",대체식품,대체식품,두류,냉동,농진청('25),10.4,INGREDIENT,1,0,,10,MEASURED,[],[],218,9.11,12.83,14.51,6,399,65,2.32,356,0,0
d026d038-02c5-57c9-bc1e-b8e8ffa01827,D0220040007g,3563,"대체식품, 식물성, 패티, 냉동, 구운것(팬)","대체식품,식물성,패티,냉동,구운것(팬)",대체식품,대체식품,두류,구운것(팬),농진청('25),10.4,INGREDIENT,1,0,,10,MEASURED,[],[],256,10.52,15.02,17.12,6.6,469,78,2.68,418,0,0
5aaf0e29-2b9c-5fac-8446-12e4052bd191,D0220050009a,3564,"대체식품, 식물성, 햄, 통조림","대체식품,식물성,햄,통조림",대체식품,대체식품,두류,통조림,농진청('25),10.4,INGREDIENT,1,0,,10,MEASURED,[],[],249,12.14,7.35,19.03,5.3,746,56,1.21,263,0,0
555dc6a6-fdd0-5ade-8b92-4f0b11120b72,D0220050009g,3565,"대체식품, 식물성, 햄, 통조림, 구운것(팬)","대체식품,식물성,햄,통조림,구운것(팬)",대체식품,대체식품,두류,구운것(팬),농진청('25),10.4,INGREDIENT,1,0,,10,MEASURED,[],[],277,13.74,8.18,21.06,6.2,836,60,1.31,291,0,0
320ad458-9fc5-569a-ac29-b1aafe724fec,F041000B099e,3566,"당근, 뿌리, 찐것","당근,뿌리,찐것",당근,당근,채소류,찐것,농진청('21),10.4,INGREDIENT,1,0,,3,MEASURED,[],[],36,8.37,0.67,0.2,2.9,26,32,0.14,297,350,1.54
b9703207-bcae-5d22-95e8-f6d400905140,F2380000009a,3567,당근 착즙,당근 착즙,당근 착즙,당근착즙,채소류,,농진청('24),10.4,INGREDIENT,1,1,EXACT_BASE_NAME,1,MEASURED,[],[],26,5.64,0.77,0.25,1.4,31,19,0.21,351,293,4.63
0ca74cbc-59b9-59e1-9840-9309523dc86f,F2390000009a,3568,당근즙,당근즙,당근즙,당근즙,채소류,,농진청('22),10.4,INGREDIENT,1,1,EXACT_BASE_NAME,1,MEASURED,[],[],29,6.92,0.56,0.1,1.3,22,10,0.07,242,330,1.88
4340a250-3480-5aa6-a3bd-dceafb4117ec,F167000B113b,3569,"대나무순(죽순), 삶아서 말린것, 삶은것","대나무순(죽순),삶아서 말린것,삶은것",대나무순(죽순),대나무순죽순,채소류,삶은것,농진청('22),10.4,INGREDIENT,1,0,,5,MEASURED,[],[],62,10.7,6.03,1.09,4.9,1,31,0.5,53,1,0
f6ecb717-dee6-54cf-97f2-e25c61c4f368,F0920000009e,3570,"브로콜리, 찐것","브로콜리,찐것",브로콜리,브로콜리,채소류,찐것,농진청('21),10.4,INGREDIENT,1,0,,8,MEASURED,[],[],25,3.91,3.49,0.26,2.5,3,45,0.64,344,19,46.11
92ad8a8f-76d0-5451-b4b4-38297cc8e126,F2400000009a,3571,브로콜리 착즙,브로콜리 착즙,브로콜리 착즙,브로콜리착즙,채소류,,농진청('24),10.4,INGREDIENT,1,1,EXACT_BASE_NAME,1,MEASURED,[],[],15,2.25,2.24,0.15,1.4,5,25,0.34,337,9,57.03
e45c1640-d11f-5d0d-a92f-5abc6f9e8cd7,F241000B099a,3572,"비트 착즙, 뿌리","비트 착즙,뿌리",비트 착즙,비트착즙,채소류,,농진청('24),10.4,INGREDIENT,1,1,LOWEST_COMPLEXITY_VARIANT,1,MEASURED,[],[],31,6.72,1.59,0.07,1.6,22,12,0.4,483,0,3.87
5781016b-ef5d-5fba-8999-4b4bfc3ead27,F101020B160a,3573,"상추, 줄기상추(궁채), 줄기, 생것","상추,줄기상추(궁채),줄기,생것",상추,상추,채소류,생것,농진청('24),10.4,INGREDIENT,1,0,,22,MEASURED,[],[],16,3.9,0.55,0.05,1.1,14,24,0.16,275,4,3.49
6f229464-dcff-53d4-9b02-9eb39cda4792,F101020B169c,3574,"상추, 줄기상추(궁채), 줄기, 데친것","상추,줄기상추(궁채),줄기,데친것",상추,상추,채소류,데친것,농진청('24),10.4,INGREDIENT,1,0,,22,MEASURED,[],[],15,3.65,0.5,0.05,1,11,22,0.15,220,4,2.68
ba22c5e0-2243-54d6-a319-b88bc6add33c,F101020B161a,3575,"상추, 줄기상추(궁채), 줄기, 말린것","상추,줄기상추(궁채),줄기,말린것",상추,상추,채소류,말린것,농진청('24),10.4,INGREDIENT,1,0,,22,MEASURED,[],[],226,56.36,7.95,0.7,15.7,74,194,2.63,3514,10,5.22
da7ed42c-85e3-5e59-9b85-e8fe9b5c18bd,F101020B161b,3576,"상추, 줄기상추(궁채), 줄기, 말린것, 삶은것","상추,줄기상추(궁채),줄기,말린것,삶은것",상추,상추,채소류,삶은것,농진청('24),10.4,INGREDIENT,1,0,,22,MEASURED,[],[],25,6.38,0.73,0.07,1.6,6,32,0.38,150,4,0
768c8078-f034-5066-8da9-d32e048fa3b2,F2420000009a,3577,셀러리 착즙,셀러리 착즙,셀러리 착즙,셀러리착즙,채소류,,농진청('24),10.4,INGREDIENT,1,1,EXACT_BASE_NAME,1,MEASURED,[],[],12,2.67,0.79,0.11,1.7,15,125,0.29,288,38,10.64
cf7f083f-93f0-5a65-a2a6-f3243d99e4a7,F2430000009a,3578,양배추 착즙,양배추 착즙,양배추 착즙,양배추착즙,채소류,,농진청('24),10.4,INGREDIENT,1,1,EXACT_BASE_NAME,1,MEASURED,[],[],15,3.67,0.64,0.06,1.5,10,53,0.13,178,3,26.23
fe2adec8-5b86-506a-a918-f6d4536c8584,F2440000009a,3579,양파즙,양파즙,양파즙,양파즙,채소류,,농진청('25),10.4,INGREDIENT,1,1,EXACT_BASE_NAME,1,MEASURED,[],[],24,5.86,0.47,0.04,0.2,3,5,0.08,127,0,0
56fa9cc0-f24d-5d31-b674-96eca88c7102,F1800000009c,3580,"케일, 데친것","케일,데친것",케일,케일,채소류,데친것,농진청('21),10.4,INGREDIENT,1,0,,2,MEASURED,[],[],27,4.43,2.91,0.45,3.3,39,304,0.59,472,245,56
1a1f73b9-9575-5533-a5fc-9864da0946ed,F2450000009a,3581,케일 착즙,케일 착즙,케일 착즙,케일착즙,채소류,,농진청('24),10.4,INGREDIENT,1,1,EXACT_BASE_NAME,1,MEASURED,[],[],16,2.46,2.13,0.29,1.9,27,235,0.35,485,169,107.54
64565ba3-7cea-58c8-b6c1-6c8f7ceece39,F1860050000a,3582,"토마토, 대추 방울토마토, 생것","토마토,대추 방울토마토,생것",토마토,토마토,채소류,생것,농진청('21),10.4,INGREDIENT,1,0,,14,MEASURED,[],[],28,7.04,0.77,0.12,1.5,3,10,0.32,277,38,31.1
7a5188db-bbaf-5fd6-9ce7-4946fd725ef9,F1860050009c,3583,"토마토, 대추 방울토마토, 데친것","토마토,대추 방울토마토,데친것",토마토,토마토,채소류,데친것,농진청('21),10.4,INGREDIENT,1,0,,14,MEASURED,[],[],29,7.28,0.89,0.11,1.6,2,9,0.33,288,40,33.22
c04610fe-0823-52c6-9664-3eb1a4e27caa,F1860010009c,3584,"토마토, 방울토마토, 데친것","토마토,방울토마토,데친것",토마토,토마토,채소류,데친것,농진청('21),10.4,INGREDIENT,1,0,,14,MEASURED,[],[],27,6.39,1.11,0.2,1.5,5,11,0.31,275,38,26.45
f09df277-f928-592b-baea-01e112e85eca,F2460000009a,3585,토마토 주스,토마토 주스,토마토 주스,토마토주스,채소류,,농진청('22),10.4,INGREDIENT,1,0,,1,MEASURED,[],[],37,9.41,1.14,0.07,1,15,10,0.3,322,20,6.69
111e7f32-0293-5217-8c53-549da4982a39,F2470000009a,3586,토마토 착즙,토마토 착즙,토마토 착즙,토마토착즙,채소류,,농진청('24),10.4,INGREDIENT,1,1,EXACT_BASE_NAME,1,MEASURED,[],[],13,3.08,0.47,0.06,0.7,1,4,0.05,246,18,24.68
34f33e8c-a366-5475-992d-5ae863407f47,F194000C010e,3587,"파프리카, 노란색, 찐것","파프리카,노란색,찐것",파프리카,파프리카,채소류,찐것,농진청('21),10.4,INGREDIENT,1,0,,12,MEASURED,[],[],18,4.37,0.64,0.1,1.3,0,5,0.36,191,11,100.11
169b99b7-c351-5c8e-9f75-e52484b6d1a2,F194000C020e,3588,"파프리카, 빨간색, 찐것","파프리카,빨간색,찐것",파프리카,파프리카,채소류,찐것,농진청('21),10.4,INGREDIENT,1,0,,12,MEASURED,[],[],20,4.85,0.79,0.13,1.4,0,7,0.39,217,25,104.25
945ca820-7e01-5363-a3b3-8875e7856df5,F248000C029a,3589,"파프리카 착즙, 빨간색","파프리카 착즙,빨간색",파프리카 착즙,파프리카착즙,채소류,,농진청('24),10.4,INGREDIENT,1,1,LOWEST_COMPLEXITY_VARIANT,1,MEASURED,[],[],18,4.32,0.78,0.12,1.3,0,4,0.22,218,23,149.7
cd5856ba-8e17-5ad0-87ff-ee1b8902b574,F194000C040e,3590,"파프리카, 주황색, 찐것","파프리카,주황색,찐것",파프리카,파프리카,채소류,찐것,농진청('21),10.4,INGREDIENT,1,0,,12,MEASURED,[],[],20,4.84,0.88,0.11,1.4,0,5,0.42,231,24,120.09
e74cce38-c541-524d-ab4c-e2267b7252e2,F194000C050a,3591,"파프리카, 초록색, 생것","파프리카,초록색,생것",파프리카,파프리카,채소류,생것,농진청('24),10.4,INGREDIENT,1,0,,12,MEASURED,[],[],20,4.64,0.81,0.13,1.7,0,8,0.26,183,12,104.79
05c1c6bf-5aa7-5513-8d38-adbf7b748fe9,F194000C050b,3592,"파프리카, 초록색, 데친것","파프리카,초록색,데친것",파프리카,파프리카,채소류,데친것,농진청('24),10.4,INGREDIENT,1,0,,12,MEASURED,[],[],21,4.96,0.82,0.14,1.8,0,8,0.28,181,13,99.08
49b36d00-6ada-5b80-a0cc-7023e1905d53,H114000B137a,3593,"꾸지뽕, 열매, 냉동","꾸지뽕,열매,냉동",꾸지뽕,꾸지뽕,과일류,냉동,농진청('24),10.4,INGREDIENT,1,0,,5,MEASURED,[],[],78,14.67,2.23,2.17,3.7,1,56,0.37,357,20,7.01
40ec7b50-6918-552b-9e3c-5a4b9c21d712,H1340000009a,3594,딸기 음료,딸기 음료,딸기 음료,딸기음료,과일류,,농진청('25),10.4,INGREDIENT,1,0,,1,MEASURED,[],[],47,11.48,0.11,0.09,0.4,2,2,0.02,13,0,0
83f5fb1e-9998-5c27-8634-33727d6b2022,H1350000009a,3595,딸기 주스,딸기 주스,딸기 주스,딸기주스,과일류,,농진청('25),10.4,INGREDIENT,1,0,,1,MEASURED,[],[],42,11.04,0.4,0.14,0.4,3,12,0.13,80,0,0
455fb4ce-f53f-572c-9d10-48522ebe68d7,H027000000Ra,3596,"리치, 통조림","리치,통조림",리치,리치,과일류,통조림,농진청('22),10.4,INGREDIENT,1,0,,3,MEASURED,[],[],81,19.47,0.56,0.1,0.4,6,3,0.13,42,0,10.38
bef17c46-0265-57bd-b030-32a9abf93d47,H028000E011a,3597,"망고, 말린것, 가당","망고,말린것,가당",망고,망고,과일류,,농진청('24),10.4,INGREDIENT,1,0,,3,MEASURED,[],[],293,78.11,1.98,0.57,4.5,114,36,0.52,378,193,16.29
fb69769a-2a72-5ce9-9b05-b0a00494fd97,H0370000008a,3598,"바나나, 동결건조","바나나,동결건조",바나나,바나나,과일류,동결건조,농진청('22),10.4,INGREDIENT,1,0,,2,MEASURED,[],[],332,86.6,5,0.44,6.7,2,25,2,1526,21,30.37
6681c8e4-f3fb-57d6-94b3-09c0111e55bf,H1360000009a,3599,배 착즙,배 착즙,배 착즙,배착즙,과일류,,농진청('24),10.4,INGREDIENT,1,1,EXACT_BASE_NAME,1,MEASURED,[],[],32,8.24,0.55,0.03,1,0,1,0.1,155,0,1.09
4f6880f0-e32e-549a-a51e-8d576af09475,H0460000007a,3600,"블랙베리, 냉동","블랙베리,냉동",블랙베리,블랙베리,과일류,냉동,농진청('22),10.4,INGREDIENT,1,0,,2,MEASURED,[],[],48,10.1,1.55,0.81,4.4,1,30,0.69,159,15,6.68
bc2f38a9-d545-5653-bf54-8428beabd4f6,H1370000009a,3601,사과 착즙,사과 착즙,사과 착즙,사과착즙,과일류,,농진청('24),10.4,INGREDIENT,1,1,EXACT_BASE_NAME,1,MEASURED,[],[],49,13.26,0.28,0.07,0.8,0,0,0.06,138,2,2.36
33bc4aa5-3250-5ecc-aa70-37d06d1dc834,H1380000009a,3602,"수박 착즙, 적육질","수박 착즙,적육질",수박 착즙,수박착즙,과일류,,농진청('24),10.4,INGREDIENT,1,1,LOWEST_COMPLEXITY_VARIANT,1,MEASURED,[],[],29,6.87,0.79,0.15,0.2,0,2,0.09,158,48,8.13
aa551bda-e54c-59fc-91b7-0ef2491e89d7,H073000000Na,3603,"오미자, 추출","오미자,추출",오미자,오미자,과일류,,농진청('22),10.4,INGREDIENT,1,0,,3,MEASURED,[],[],3,0.41,0.05,0.08,0,1,1,0.04,14,0,0
b401d9c0-ade5-517a-9859-f39d6c13c79d,H0820020000a,3604,"자두, 솔담, 피자두, 생것","자두,솔담,피자두,생것",자두,자두,과일류,생것,농진청('24),10.4,INGREDIENT,1,0,,5,MEASURED,[],[],40,10.5,0.62,0.05,1.7,0,3,0.11,175,3,2.44
524a07a2-95fb-587b-a4d6-46895167986d,H1390000009a,3605,참외 착즙,참외 착즙,참외 착즙,참외착즙,과일류,,농진청('24),10.4,INGREDIENT,1,1,EXACT_BASE_NAME,1,MEASURED,[],[],37,9.25,0.83,0.1,1.4,2,3,0.07,430,0,26.69
4e96aef6-f8dd-5583-8036-2176bfe5ffa4,H112001251Ra,3606,"체리, 통조림, 고형물, 검은색","체리,통조림,고형물,검은색",체리,체리,과일류,,농진청('22),10.4,INGREDIENT,1,0,,3,MEASURED,[],[],209,51.38,0.58,0.08,2.2,20,32,0.61,84,7,1.72
2aa59665-0257-5732-8a84-cebe580a4180,H1400000009a,3607,파인애플 착즙,파인애플 착즙,파인애플 착즙,파인애플착즙,과일류,,농진청('24),10.4,INGREDIENT,1,1,EXACT_BASE_NAME,1,MEASURED,[],[],42,11.14,0.5,0.05,1.3,0,13,0.11,156,1,46.64
54bd154e-ca99-5ab8-a4a6-761ade84a6b8,H1410000009a,3608,포도 착즙,포도 착즙,포도 착즙,포도착즙,과일류,,농진청('24),10.4,INGREDIENT,1,1,EXACT_BASE_NAME,2,MEASURED,[],[],47,12.14,0.78,0.11,1.8,1,6,0.12,231,4,4.32
8c4c5827-87e2-5861-a9a7-ccc70f8f1806,H141000C059a,3609,"포도 착즙, 초록색","포도 착즙,초록색",포도 착즙,포도착즙,과일류,,농진청('24),10.4,INGREDIENT,1,0,,2,MEASURED,[],[],56,14.92,0.6,0.09,2.1,0,6,0.25,188,1,3.8
50c36373-d372-55ed-8696-8d8a5879a37c,P0160000009a,3610,귀리 음료,귀리 음료,귀리 음료,귀리음료,음료류,,농진청('25),10.4,INGREDIENT,1,0,,1,MEASURED,[],[],48,7.71,0.56,1.69,1.1,54,106,0.09,82,0,0
9e0d4f63-afbd-574f-89c1-82cbc7ef02a6,P0170000009a,3611,단백질 음료,단백질 음료,단백질 음료,단백질음료,음료류,,농진청('25),10.4,INGREDIENT,1,0,,1,MEASURED,[],[],70,6.02,6.49,2.22,0.8,55,163,0.61,150,118,26.65
4f26c875-66ba-54a4-b31f-ef9d192fb2ca,P0180000009a,3612,아몬드 음료,아몬드 음료,아몬드 음료,아몬드음료,음료류,,농진청('25),10.4,INGREDIENT,1,0,,2,MEASURED,[],[],27,3.25,0.47,1.3,0.2,71,136,0.09,57,0,0
e623d47c-f520-5dfd-a153-762f6f088ad9,P018000E039a,3613,"아몬드 음료, 무가당","아몬드 음료,무가당",아몬드 음료,아몬드음료,음료류,,농진청('25),10.4,INGREDIENT,1,0,,2,MEASURED,[],[],13,0.26,0.53,1.1,0.2,48,132,0.2,48,0,0
